<?xml version="1.0" encoding="UTF-8"?>
<gpx version="1.1" creator="SUMIT" xmlns="http://www.topografix.com/GPX/1/1">
  <metadata><name>CCC 2025 - UTMB</name></metadata>
  <trk><name>CCC 2025</name><type>Running</type><trkseg>
    <trkpt lat="45.792841" lon="6.971575"><ele>1221.3</ele></trkpt>
    <trkpt lat="45.792514" lon="6.971619"><ele>1219.5</ele></trkpt>
    <trkpt lat="45.792137" lon="6.971551"><ele>1216.3</ele></trkpt>
    <trkpt lat="45.791761" lon="6.971602"><ele>1213.2</ele></trkpt>
    <trkpt lat="45.791366" lon="6.971719"><ele>1210.6</ele></trkpt>
    <trkpt lat="45.791008" lon="6.97184"><ele>1209.6</ele></trkpt>
    <trkpt lat="45.790641" lon="6.971947"><ele>1209.4</ele></trkpt>
    <trkpt lat="45.79032" lon="6.972032"><ele>1209.5</ele></trkpt>
    <trkpt lat="45.790022" lon="6.972045"><ele>1210.8</ele></trkpt>
    <trkpt lat="45.789738" lon="6.971947"><ele>1212.4</ele></trkpt>
    <trkpt lat="45.789448" lon="6.971865"><ele>1214</ele></trkpt>
    <trkpt lat="45.789162" lon="6.971806"><ele>1215.8</ele></trkpt>
    <trkpt lat="45.788889" lon="6.971762"><ele>1217</ele></trkpt>
    <trkpt lat="45.788603" lon="6.971821"><ele>1219.2</ele></trkpt>
    <trkpt lat="45.788426" lon="6.972054"><ele>1221.2</ele></trkpt>
    <trkpt lat="45.788297" lon="6.972407"><ele>1223.7</ele></trkpt>
    <trkpt lat="45.788163" lon="6.972726"><ele>1225.5</ele></trkpt>
    <trkpt lat="45.788094" lon="6.973008"><ele>1227.2</ele></trkpt>
    <trkpt lat="45.788357" lon="6.973111"><ele>1227.1</ele></trkpt>
    <trkpt lat="45.788665" lon="6.973185"><ele>1226.8</ele></trkpt>
    <trkpt lat="45.789014" lon="6.973281"><ele>1226.5</ele></trkpt>
    <trkpt lat="45.789323" lon="6.973375"><ele>1226</ele></trkpt>
    <trkpt lat="45.789656" lon="6.973395"><ele>1224.9</ele></trkpt>
    <trkpt lat="45.790017" lon="6.973399"><ele>1223.4</ele></trkpt>
    <trkpt lat="45.790332" lon="6.973526"><ele>1222.5</ele></trkpt>
    <trkpt lat="45.7906" lon="6.973595"><ele>1223</ele></trkpt>
    <trkpt lat="45.790915" lon="6.973538"><ele>1223.9</ele></trkpt>
    <trkpt lat="45.791167" lon="6.973186"><ele>1224.5</ele></trkpt>
    <trkpt lat="45.791382" lon="6.9728"><ele>1224.6</ele></trkpt>
    <trkpt lat="45.791613" lon="6.972486"><ele>1225.1</ele></trkpt>
    <trkpt lat="45.791791" lon="6.97257"><ele>1227.5</ele></trkpt>
    <trkpt lat="45.791979" lon="6.97257"><ele>1230.3</ele></trkpt>
    <trkpt lat="45.792243" lon="6.972591"><ele>1233.8</ele></trkpt>
    <trkpt lat="45.792485" lon="6.972663"><ele>1237.2</ele></trkpt>
    <trkpt lat="45.792675" lon="6.972818"><ele>1239.6</ele></trkpt>
    <trkpt lat="45.792883" lon="6.973002"><ele>1241.6</ele></trkpt>
    <trkpt lat="45.79314" lon="6.973191"><ele>1243.6</ele></trkpt>
    <trkpt lat="45.793399" lon="6.973384"><ele>1244.9</ele></trkpt>
    <trkpt lat="45.793638" lon="6.973566"><ele>1247.1</ele></trkpt>
    <trkpt lat="45.793872" lon="6.973734"><ele>1248.8</ele></trkpt>
    <trkpt lat="45.794084" lon="6.973881"><ele>1250.5</ele></trkpt>
    <trkpt lat="45.79433" lon="6.974018"><ele>1251.9</ele></trkpt>
    <trkpt lat="45.794586" lon="6.974123"><ele>1252.9</ele></trkpt>
    <trkpt lat="45.794843" lon="6.974217"><ele>1255</ele></trkpt>
    <trkpt lat="45.795079" lon="6.974381"><ele>1257.3</ele></trkpt>
    <trkpt lat="45.795293" lon="6.974555"><ele>1259.7</ele></trkpt>
    <trkpt lat="45.795516" lon="6.974671"><ele>1262.1</ele></trkpt>
    <trkpt lat="45.795752" lon="6.974757"><ele>1264.2</ele></trkpt>
    <trkpt lat="45.79599" lon="6.974882"><ele>1266</ele></trkpt>
    <trkpt lat="45.796204" lon="6.975045"><ele>1268</ele></trkpt>
    <trkpt lat="45.796406" lon="6.975196"><ele>1270.3</ele></trkpt>
    <trkpt lat="45.79661" lon="6.975287"><ele>1272.6</ele></trkpt>
    <trkpt lat="45.796829" lon="6.975401"><ele>1274.9</ele></trkpt>
    <trkpt lat="45.797035" lon="6.975515"><ele>1277.4</ele></trkpt>
    <trkpt lat="45.797241" lon="6.975631"><ele>1280.3</ele></trkpt>
    <trkpt lat="45.797439" lon="6.975747"><ele>1283.1</ele></trkpt>
    <trkpt lat="45.797595" lon="6.975936"><ele>1285.7</ele></trkpt>
    <trkpt lat="45.797743" lon="6.976168"><ele>1288.3</ele></trkpt>
    <trkpt lat="45.797903" lon="6.976405"><ele>1290.3</ele></trkpt>
    <trkpt lat="45.798036" lon="6.976629"><ele>1292.3</ele></trkpt>
    <trkpt lat="45.798166" lon="6.976833"><ele>1295</ele></trkpt>
    <trkpt lat="45.798295" lon="6.97702"><ele>1297.5</ele></trkpt>
    <trkpt lat="45.798449" lon="6.97719"><ele>1300.1</ele></trkpt>
    <trkpt lat="45.798594" lon="6.977353"><ele>1302.5</ele></trkpt>
    <trkpt lat="45.798733" lon="6.977515"><ele>1305</ele></trkpt>
    <trkpt lat="45.798893" lon="6.977628"><ele>1307.7</ele></trkpt>
    <trkpt lat="45.799046" lon="6.977807"><ele>1310.4</ele></trkpt>
    <trkpt lat="45.799193" lon="6.978004"><ele>1313.2</ele></trkpt>
    <trkpt lat="45.799294" lon="6.978223"><ele>1316</ele></trkpt>
    <trkpt lat="45.799397" lon="6.97848"><ele>1318.4</ele></trkpt>
    <trkpt lat="45.799528" lon="6.978659"><ele>1321</ele></trkpt>
    <trkpt lat="45.799702" lon="6.978846"><ele>1324.5</ele></trkpt>
    <trkpt lat="45.799793" lon="6.979066"><ele>1327</ele></trkpt>
    <trkpt lat="45.799921" lon="6.979266"><ele>1329.6</ele></trkpt>
    <trkpt lat="45.800055" lon="6.979475"><ele>1331.9</ele></trkpt>
    <trkpt lat="45.800175" lon="6.979684"><ele>1334.3</ele></trkpt>
    <trkpt lat="45.800301" lon="6.979855"><ele>1336.7</ele></trkpt>
    <trkpt lat="45.800464" lon="6.979994"><ele>1339.6</ele></trkpt>
    <trkpt lat="45.800607" lon="6.980198"><ele>1342.8</ele></trkpt>
    <trkpt lat="45.80076" lon="6.980386"><ele>1345.5</ele></trkpt>
    <trkpt lat="45.800912" lon="6.980557"><ele>1348</ele></trkpt>
    <trkpt lat="45.800986" lon="6.980814"><ele>1350.7</ele></trkpt>
    <trkpt lat="45.801006" lon="6.9811"><ele>1353.7</ele></trkpt>
    <trkpt lat="45.801063" lon="6.981376"><ele>1356.3</ele></trkpt>
    <trkpt lat="45.801112" lon="6.981634"><ele>1359</ele></trkpt>
    <trkpt lat="45.801123" lon="6.981888"><ele>1361.9</ele></trkpt>
    <trkpt lat="45.801036" lon="6.982151"><ele>1364.3</ele></trkpt>
    <trkpt lat="45.800912" lon="6.982409"><ele>1366.3</ele></trkpt>
    <trkpt lat="45.800801" lon="6.982674"><ele>1368.3</ele></trkpt>
    <trkpt lat="45.800789" lon="6.982962"><ele>1370.5</ele></trkpt>
    <trkpt lat="45.800783" lon="6.983254"><ele>1373.2</ele></trkpt>
    <trkpt lat="45.800839" lon="6.983514"><ele>1376.1</ele></trkpt>
    <trkpt lat="45.800918" lon="6.983756"><ele>1379.1</ele></trkpt>
    <trkpt lat="45.800966" lon="6.984002"><ele>1382.2</ele></trkpt>
    <trkpt lat="45.801014" lon="6.984218"><ele>1385</ele></trkpt>
    <trkpt lat="45.80108" lon="6.984388"><ele>1387.5</ele></trkpt>
    <trkpt lat="45.801199" lon="6.984545"><ele>1390.5</ele></trkpt>
    <trkpt lat="45.801407" lon="6.984562"><ele>1394</ele></trkpt>
    <trkpt lat="45.801522" lon="6.984278"><ele>1396.3</ele></trkpt>
    <trkpt lat="45.801597" lon="6.984037"><ele>1398.8</ele></trkpt>
    <trkpt lat="45.80172" lon="6.984054"><ele>1401</ele></trkpt>
    <trkpt lat="45.801697" lon="6.984288"><ele>1403.6</ele></trkpt>
    <trkpt lat="45.801747" lon="6.984442"><ele>1405.8</ele></trkpt>
    <trkpt lat="45.801925" lon="6.984325"><ele>1408.6</ele></trkpt>
    <trkpt lat="45.802058" lon="6.984115"><ele>1411.4</ele></trkpt>
    <trkpt lat="45.802119" lon="6.983872"><ele>1413.8</ele></trkpt>
    <trkpt lat="45.802184" lon="6.983647"><ele>1416.1</ele></trkpt>
    <trkpt lat="45.80226" lon="6.983423"><ele>1418.8</ele></trkpt>
    <trkpt lat="45.802333" lon="6.983203"><ele>1421.5</ele></trkpt>
    <trkpt lat="45.802437" lon="6.983025"><ele>1424.1</ele></trkpt>
    <trkpt lat="45.802526" lon="6.983066"><ele>1427.6</ele></trkpt>
    <trkpt lat="45.802451" lon="6.98326"><ele>1430.5</ele></trkpt>
    <trkpt lat="45.802454" lon="6.983483"><ele>1433.3</ele></trkpt>
    <trkpt lat="45.802471" lon="6.983709"><ele>1435.9</ele></trkpt>
    <trkpt lat="45.802515" lon="6.98393"><ele>1438.2</ele></trkpt>
    <trkpt lat="45.802606" lon="6.984109"><ele>1440.6</ele></trkpt>
    <trkpt lat="45.802704" lon="6.98432"><ele>1443.4</ele></trkpt>
    <trkpt lat="45.802736" lon="6.984584"><ele>1446.6</ele></trkpt>
    <trkpt lat="45.802742" lon="6.984821"><ele>1449.2</ele></trkpt>
    <trkpt lat="45.802794" lon="6.984997"><ele>1451.6</ele></trkpt>
    <trkpt lat="45.802934" lon="6.985082"><ele>1454.2</ele></trkpt>
    <trkpt lat="45.803109" lon="6.985139"><ele>1456.7</ele></trkpt>
    <trkpt lat="45.80323" lon="6.985337"><ele>1459.1</ele></trkpt>
    <trkpt lat="45.803254" lon="6.985639"><ele>1461.7</ele></trkpt>
    <trkpt lat="45.803189" lon="6.985928"><ele>1464.1</ele></trkpt>
    <trkpt lat="45.803067" lon="6.986145"><ele>1466</ele></trkpt>
    <trkpt lat="45.803011" lon="6.986381"><ele>1467.7</ele></trkpt>
    <trkpt lat="45.80304" lon="6.98663"><ele>1469.6</ele></trkpt>
    <trkpt lat="45.803145" lon="6.986863"><ele>1472</ele></trkpt>
    <trkpt lat="45.803233" lon="6.987123"><ele>1474.4</ele></trkpt>
    <trkpt lat="45.803341" lon="6.987364"><ele>1476.6</ele></trkpt>
    <trkpt lat="45.803458" lon="6.987595"><ele>1479.5</ele></trkpt>
    <trkpt lat="45.803568" lon="6.987788"><ele>1482.3</ele></trkpt>
    <trkpt lat="45.80367" lon="6.98797"><ele>1485.3</ele></trkpt>
    <trkpt lat="45.803745" lon="6.988198"><ele>1488.5</ele></trkpt>
    <trkpt lat="45.803817" lon="6.98843"><ele>1491.6</ele></trkpt>
    <trkpt lat="45.803901" lon="6.988641"><ele>1494.5</ele></trkpt>
    <trkpt lat="45.803999" lon="6.988895"><ele>1497.4</ele></trkpt>
    <trkpt lat="45.804125" lon="6.989096"><ele>1500.1</ele></trkpt>
    <trkpt lat="45.804241" lon="6.989354"><ele>1502.7</ele></trkpt>
    <trkpt lat="45.804384" lon="6.989653"><ele>1505.1</ele></trkpt>
    <trkpt lat="45.804497" lon="6.989962"><ele>1506.8</ele></trkpt>
    <trkpt lat="45.804667" lon="6.990254"><ele>1508.2</ele></trkpt>
    <trkpt lat="45.80485" lon="6.990567"><ele>1509.6</ele></trkpt>
    <trkpt lat="45.805032" lon="6.990891"><ele>1511.1</ele></trkpt>
    <trkpt lat="45.805278" lon="6.991106"><ele>1515.7</ele></trkpt>
    <trkpt lat="45.805476" lon="6.991422"><ele>1517.6</ele></trkpt>
    <trkpt lat="45.805693" lon="6.991822"><ele>1519.6</ele></trkpt>
    <trkpt lat="45.805833" lon="6.992071"><ele>1521.3</ele></trkpt>
    <trkpt lat="45.805951" lon="6.992328"><ele>1523.8</ele></trkpt>
    <trkpt lat="45.806085" lon="6.992564"><ele>1526.2</ele></trkpt>
    <trkpt lat="45.806187" lon="6.992803"><ele>1528.8</ele></trkpt>
    <trkpt lat="45.806284" lon="6.993025"><ele>1531.5</ele></trkpt>
    <trkpt lat="45.806439" lon="6.993191"><ele>1534.4</ele></trkpt>
    <trkpt lat="45.806549" lon="6.99339"><ele>1537.1</ele></trkpt>
    <trkpt lat="45.806677" lon="6.993591"><ele>1539.9</ele></trkpt>
    <trkpt lat="45.806812" lon="6.99377"><ele>1542.4</ele></trkpt>
    <trkpt lat="45.806907" lon="6.993987"><ele>1544.8</ele></trkpt>
    <trkpt lat="45.806993" lon="6.994233"><ele>1547.2</ele></trkpt>
    <trkpt lat="45.807057" lon="6.994511"><ele>1549.5</ele></trkpt>
    <trkpt lat="45.807104" lon="6.994791"><ele>1551.9</ele></trkpt>
    <trkpt lat="45.807162" lon="6.995018"><ele>1554.3</ele></trkpt>
    <trkpt lat="45.807264" lon="6.995179"><ele>1556.9</ele></trkpt>
    <trkpt lat="45.80743" lon="6.99525"><ele>1560.3</ele></trkpt>
    <trkpt lat="45.807621" lon="6.995156"><ele>1563.9</ele></trkpt>
    <trkpt lat="45.807739" lon="6.99521"><ele>1566.4</ele></trkpt>
    <trkpt lat="45.807781" lon="6.995419"><ele>1569.1</ele></trkpt>
    <trkpt lat="45.807884" lon="6.99559"><ele>1571.8</ele></trkpt>
    <trkpt lat="45.808024" lon="6.995738"><ele>1574.5</ele></trkpt>
    <trkpt lat="45.808159" lon="6.995901"><ele>1577.1</ele></trkpt>
    <trkpt lat="45.808289" lon="6.996071"><ele>1579.5</ele></trkpt>
    <trkpt lat="45.808392" lon="6.99624"><ele>1581.8</ele></trkpt>
    <trkpt lat="45.808522" lon="6.996423"><ele>1584.2</ele></trkpt>
    <trkpt lat="45.808621" lon="6.99661"><ele>1586.6</ele></trkpt>
    <trkpt lat="45.808688" lon="6.996802"><ele>1589.2</ele></trkpt>
    <trkpt lat="45.808741" lon="6.997018"><ele>1592.1</ele></trkpt>
    <trkpt lat="45.808821" lon="6.997206"><ele>1594.9</ele></trkpt>
    <trkpt lat="45.808901" lon="6.997415"><ele>1597.7</ele></trkpt>
    <trkpt lat="45.808934" lon="6.997653"><ele>1600.5</ele></trkpt>
    <trkpt lat="45.808976" lon="6.997864"><ele>1602.9</ele></trkpt>
    <trkpt lat="45.809065" lon="6.998031"><ele>1605.5</ele></trkpt>
    <trkpt lat="45.809142" lon="6.998238"><ele>1608.3</ele></trkpt>
    <trkpt lat="45.809245" lon="6.998412"><ele>1611.2</ele></trkpt>
    <trkpt lat="45.809334" lon="6.998597"><ele>1614.2</ele></trkpt>
    <trkpt lat="45.809416" lon="6.998818"><ele>1617.2</ele></trkpt>
    <trkpt lat="45.809459" lon="6.999033"><ele>1619.7</ele></trkpt>
    <trkpt lat="45.809331" lon="6.999282"><ele>1622.1</ele></trkpt>
    <trkpt lat="45.80928" lon="6.999549"><ele>1623.4</ele></trkpt>
    <trkpt lat="45.809115" lon="6.999598"><ele>1625.8</ele></trkpt>
    <trkpt lat="45.809129" lon="6.999709"><ele>1628.5</ele></trkpt>
    <trkpt lat="45.809207" lon="6.999872"><ele>1631.8</ele></trkpt>
    <trkpt lat="45.809258" lon="7.00003"><ele>1634.4</ele></trkpt>
    <trkpt lat="45.809299" lon="7.000152"><ele>1636.3</ele></trkpt>
    <trkpt lat="45.809362" lon="7.000277"><ele>1638.5</ele></trkpt>
    <trkpt lat="45.809391" lon="7.000437"><ele>1641.1</ele></trkpt>
    <trkpt lat="45.809363" lon="7.000602"><ele>1643.8</ele></trkpt>
    <trkpt lat="45.809359" lon="7.000719"><ele>1645.7</ele></trkpt>
    <trkpt lat="45.809301" lon="7.000837"><ele>1648</ele></trkpt>
    <trkpt lat="45.80918" lon="7.000969"><ele>1650.9</ele></trkpt>
    <trkpt lat="45.809149" lon="7.001109"><ele>1653.6</ele></trkpt>
    <trkpt lat="45.809095" lon="7.001197"><ele>1656.4</ele></trkpt>
    <trkpt lat="45.809133" lon="7.001298"><ele>1659</ele></trkpt>
    <trkpt lat="45.809094" lon="7.001345"><ele>1661.5</ele></trkpt>
    <trkpt lat="45.809014" lon="7.001382"><ele>1664.6</ele></trkpt>
    <trkpt lat="45.809039" lon="7.001496"><ele>1667.7</ele></trkpt>
    <trkpt lat="45.809085" lon="7.001557"><ele>1670</ele></trkpt>
    <trkpt lat="45.809044" lon="7.001604"><ele>1672</ele></trkpt>
    <trkpt lat="45.808951" lon="7.001599"><ele>1675.2</ele></trkpt>
    <trkpt lat="45.808832" lon="7.001614"><ele>1679.3</ele></trkpt>
    <trkpt lat="45.808835" lon="7.0017"><ele>1681.6</ele></trkpt>
    <trkpt lat="45.808943" lon="7.001814"><ele>1685.8</ele></trkpt>
    <trkpt lat="45.808996" lon="7.001885"><ele>1688.4</ele></trkpt>
    <trkpt lat="45.808927" lon="7.001899"><ele>1690.8</ele></trkpt>
    <trkpt lat="45.808852" lon="7.001885"><ele>1693.3</ele></trkpt>
    <trkpt lat="45.808778" lon="7.001856"><ele>1696</ele></trkpt>
    <trkpt lat="45.808722" lon="7.001892"><ele>1698.5</ele></trkpt>
    <trkpt lat="45.808725" lon="7.001977"><ele>1701.1</ele></trkpt>
    <trkpt lat="45.808637" lon="7.001942"><ele>1704.1</ele></trkpt>
    <trkpt lat="45.808575" lon="7.001833"><ele>1707.1</ele></trkpt>
    <trkpt lat="45.80851" lon="7.00173"><ele>1709.8</ele></trkpt>
    <trkpt lat="45.808409" lon="7.001775"><ele>1712.7</ele></trkpt>
    <trkpt lat="45.808266" lon="7.001822"><ele>1716.6</ele></trkpt>
    <trkpt lat="45.808194" lon="7.001811"><ele>1718.7</ele></trkpt>
    <trkpt lat="45.808116" lon="7.001799"><ele>1721</ele></trkpt>
    <trkpt lat="45.808031" lon="7.001757"><ele>1723.8</ele></trkpt>
    <trkpt lat="45.807946" lon="7.001666"><ele>1726.8</ele></trkpt>
    <trkpt lat="45.807854" lon="7.00168"><ele>1729.6</ele></trkpt>
    <trkpt lat="45.807751" lon="7.001653"><ele>1732.4</ele></trkpt>
    <trkpt lat="45.807682" lon="7.001506"><ele>1735.2</ele></trkpt>
    <trkpt lat="45.807588" lon="7.001405"><ele>1738</ele></trkpt>
    <trkpt lat="45.807545" lon="7.001333"><ele>1739.6</ele></trkpt>
    <trkpt lat="45.807545" lon="7.001333"><ele>1739.6</ele></trkpt>
    <trkpt lat="45.807487" lon="7.001408"><ele>1741.7</ele></trkpt>
    <trkpt lat="45.807379" lon="7.001546"><ele>1745</ele></trkpt>
    <trkpt lat="45.80724" lon="7.001714"><ele>1747.8</ele></trkpt>
    <trkpt lat="45.807061" lon="7.001873"><ele>1750.2</ele></trkpt>
    <trkpt lat="45.806933" lon="7.001954"><ele>1751.7</ele></trkpt>
    <trkpt lat="45.806694" lon="7.001886"><ele>1754.1</ele></trkpt>
    <trkpt lat="45.806641" lon="7.001987"><ele>1755.4</ele></trkpt>
    <trkpt lat="45.806688" lon="7.002107"><ele>1757.3</ele></trkpt>
    <trkpt lat="45.806709" lon="7.002219"><ele>1759.3</ele></trkpt>
    <trkpt lat="45.806812" lon="7.002135"><ele>1762.8</ele></trkpt>
    <trkpt lat="45.806869" lon="7.002188"><ele>1765.3</ele></trkpt>
    <trkpt lat="45.806852" lon="7.002305"><ele>1767.7</ele></trkpt>
    <trkpt lat="45.806853" lon="7.002412"><ele>1770.2</ele></trkpt>
    <trkpt lat="45.806834" lon="7.002487"><ele>1772.1</ele></trkpt>
    <trkpt lat="45.806819" lon="7.002553"><ele>1773.8</ele></trkpt>
    <trkpt lat="45.806819" lon="7.002639"><ele>1775.9</ele></trkpt>
    <trkpt lat="45.806786" lon="7.002744"><ele>1778.8</ele></trkpt>
    <trkpt lat="45.806755" lon="7.002898"><ele>1782.7</ele></trkpt>
    <trkpt lat="45.806733" lon="7.003026"><ele>1785.6</ele></trkpt>
    <trkpt lat="45.806654" lon="7.003154"><ele>1788.8</ele></trkpt>
    <trkpt lat="45.806516" lon="7.003273"><ele>1792.2</ele></trkpt>
    <trkpt lat="45.806449" lon="7.003404"><ele>1794.2</ele></trkpt>
    <trkpt lat="45.806349" lon="7.00345"><ele>1796.2</ele></trkpt>
    <trkpt lat="45.806268" lon="7.003472"><ele>1798.4</ele></trkpt>
    <trkpt lat="45.806377" lon="7.003574"><ele>1801.6</ele></trkpt>
    <trkpt lat="45.80646" lon="7.003712"><ele>1804.6</ele></trkpt>
    <trkpt lat="45.806568" lon="7.00364"><ele>1807.8</ele></trkpt>
    <trkpt lat="45.806653" lon="7.003388"><ele>1811.6</ele></trkpt>
    <trkpt lat="45.806668" lon="7.003503"><ele>1813.8</ele></trkpt>
    <trkpt lat="45.806702" lon="7.003607"><ele>1816.2</ele></trkpt>
    <trkpt lat="45.806695" lon="7.003733"><ele>1818.9</ele></trkpt>
    <trkpt lat="45.806681" lon="7.003867"><ele>1821.9</ele></trkpt>
    <trkpt lat="45.806691" lon="7.00399"><ele>1824.3</ele></trkpt>
    <trkpt lat="45.806663" lon="7.004137"><ele>1827</ele></trkpt>
    <trkpt lat="45.806574" lon="7.004311"><ele>1830.2</ele></trkpt>
    <trkpt lat="45.806508" lon="7.004362"><ele>1831.7</ele></trkpt>
    <trkpt lat="45.806409" lon="7.004351"><ele>1834.2</ele></trkpt>
    <trkpt lat="45.806316" lon="7.004413"><ele>1836.9</ele></trkpt>
    <trkpt lat="45.80621" lon="7.004445"><ele>1840</ele></trkpt>
    <trkpt lat="45.806177" lon="7.004512"><ele>1842.4</ele></trkpt>
    <trkpt lat="45.80629" lon="7.004577"><ele>1845.8</ele></trkpt>
    <trkpt lat="45.806401" lon="7.004652"><ele>1848.5</ele></trkpt>
    <trkpt lat="45.806482" lon="7.004801"><ele>1850.8</ele></trkpt>
    <trkpt lat="45.806629" lon="7.004864"><ele>1853.4</ele></trkpt>
    <trkpt lat="45.806803" lon="7.004791"><ele>1856.8</ele></trkpt>
    <trkpt lat="45.806877" lon="7.004872"><ele>1859.8</ele></trkpt>
    <trkpt lat="45.806839" lon="7.004979"><ele>1861.9</ele></trkpt>
    <trkpt lat="45.806776" lon="7.005068"><ele>1864.6</ele></trkpt>
    <trkpt lat="45.80671" lon="7.005207"><ele>1867.8</ele></trkpt>
    <trkpt lat="45.806629" lon="7.005295"><ele>1870.7</ele></trkpt>
    <trkpt lat="45.806542" lon="7.005362"><ele>1873.7</ele></trkpt>
    <trkpt lat="45.806514" lon="7.00542"><ele>1875.8</ele></trkpt>
    <trkpt lat="45.806565" lon="7.005488"><ele>1878.4</ele></trkpt>
    <trkpt lat="45.806619" lon="7.005556"><ele>1881.3</ele></trkpt>
    <trkpt lat="45.806674" lon="7.005619"><ele>1884.1</ele></trkpt>
    <trkpt lat="45.806767" lon="7.005648"><ele>1888</ele></trkpt>
    <trkpt lat="45.806842" lon="7.005611"><ele>1891.3</ele></trkpt>
    <trkpt lat="45.806845" lon="7.00573"><ele>1894.4</ele></trkpt>
    <trkpt lat="45.806873" lon="7.005767"><ele>1896.2</ele></trkpt>
    <trkpt lat="45.806931" lon="7.005706"><ele>1899</ele></trkpt>
    <trkpt lat="45.807" lon="7.005638"><ele>1902.3</ele></trkpt>
    <trkpt lat="45.806994" lon="7.005768"><ele>1905.2</ele></trkpt>
    <trkpt lat="45.806984" lon="7.005955"><ele>1908.3</ele></trkpt>
    <trkpt lat="45.806983" lon="7.006096"><ele>1910.9</ele></trkpt>
    <trkpt lat="45.806946" lon="7.006236"><ele>1913.9</ele></trkpt>
    <trkpt lat="45.806892" lon="7.006295"><ele>1916.4</ele></trkpt>
    <trkpt lat="45.806867" lon="7.00637"><ele>1919.3</ele></trkpt>
    <trkpt lat="45.806953" lon="7.006495"><ele>1923.1</ele></trkpt>
    <trkpt lat="45.807058" lon="7.006511"><ele>1926.1</ele></trkpt>
    <trkpt lat="45.807046" lon="7.006637"><ele>1928.8</ele></trkpt>
    <trkpt lat="45.807062" lon="7.006789"><ele>1931.9</ele></trkpt>
    <trkpt lat="45.807087" lon="7.006915"><ele>1934.8</ele></trkpt>
    <trkpt lat="45.807032" lon="7.00699"><ele>1937.4</ele></trkpt>
    <trkpt lat="45.806972" lon="7.007051"><ele>1944.9</ele></trkpt>
    <trkpt lat="45.806901" lon="7.007082"><ele>1946.8</ele></trkpt>
    <trkpt lat="45.806858" lon="7.007094"><ele>1947.4</ele></trkpt>
    <trkpt lat="45.806969" lon="7.007212"><ele>1949.5</ele></trkpt>
    <trkpt lat="45.807034" lon="7.007321"><ele>1951.2</ele></trkpt>
    <trkpt lat="45.807114" lon="7.0074"><ele>1952.6</ele></trkpt>
    <trkpt lat="45.807236" lon="7.007446"><ele>1954.1</ele></trkpt>
    <trkpt lat="45.807392" lon="7.007456"><ele>1955.8</ele></trkpt>
    <trkpt lat="45.807525" lon="7.007484"><ele>1957.3</ele></trkpt>
    <trkpt lat="45.807692" lon="7.007452"><ele>1959.1</ele></trkpt>
    <trkpt lat="45.807825" lon="7.007317"><ele>1961.5</ele></trkpt>
    <trkpt lat="45.807903" lon="7.007195"><ele>1963.6</ele></trkpt>
    <trkpt lat="45.807944" lon="7.007277"><ele>1965.2</ele></trkpt>
    <trkpt lat="45.808023" lon="7.007373"><ele>1967.1</ele></trkpt>
    <trkpt lat="45.808031" lon="7.007518"><ele>1968.8</ele></trkpt>
    <trkpt lat="45.808098" lon="7.007539"><ele>1970.5</ele></trkpt>
    <trkpt lat="45.808169" lon="7.007381"><ele>1973.8</ele></trkpt>
    <trkpt lat="45.808222" lon="7.007273"><ele>1975.9</ele></trkpt>
    <trkpt lat="45.808372" lon="7.00737"><ele>1978.7</ele></trkpt>
    <trkpt lat="45.80847" lon="7.007554"><ele>1980.9</ele></trkpt>
    <trkpt lat="45.808553" lon="7.007823"><ele>1980.3</ele></trkpt>
    <trkpt lat="45.808558" lon="7.008282"><ele>1975.3</ele></trkpt>
    <trkpt lat="45.808589" lon="7.00871"><ele>1972.1</ele></trkpt>
    <trkpt lat="45.808547" lon="7.009212"><ele>1967.6</ele></trkpt>
    <trkpt lat="45.808494" lon="7.009517"><ele>1968.2</ele></trkpt>
    <trkpt lat="45.8084" lon="7.00979"><ele>1969.4</ele></trkpt>
    <trkpt lat="45.80847" lon="7.010179"><ele>1966.1</ele></trkpt>
    <trkpt lat="45.80868" lon="7.010331"><ele>1960.5</ele></trkpt>
    <trkpt lat="45.808719" lon="7.010442"><ele>1958.1</ele></trkpt>
    <trkpt lat="45.8089" lon="7.010379"><ele>1955.5</ele></trkpt>
    <trkpt lat="45.80912" lon="7.010491"><ele>1955.4</ele></trkpt>
    <trkpt lat="45.809358" lon="7.010546"><ele>1955.8</ele></trkpt>
    <trkpt lat="45.809664" lon="7.010645"><ele>1955.5</ele></trkpt>
    <trkpt lat="45.809936" lon="7.010882"><ele>1955.7</ele></trkpt>
    <trkpt lat="45.810095" lon="7.010958"><ele>1957.5</ele></trkpt>
    <trkpt lat="45.810316" lon="7.010965"><ele>1961.3</ele></trkpt>
    <trkpt lat="45.810411" lon="7.01117"><ele>1963.8</ele></trkpt>
    <trkpt lat="45.810482" lon="7.011322"><ele>1966.6</ele></trkpt>
    <trkpt lat="45.810568" lon="7.011422"><ele>1969.1</ele></trkpt>
    <trkpt lat="45.810635" lon="7.011538"><ele>1971.5</ele></trkpt>
    <trkpt lat="45.810724" lon="7.011617"><ele>1974</ele></trkpt>
    <trkpt lat="45.810813" lon="7.011715"><ele>1977.1</ele></trkpt>
    <trkpt lat="45.81091" lon="7.011742"><ele>1980.1</ele></trkpt>
    <trkpt lat="45.811021" lon="7.011763"><ele>1983.4</ele></trkpt>
    <trkpt lat="45.811125" lon="7.011771"><ele>1986.1</ele></trkpt>
    <trkpt lat="45.811228" lon="7.011915"><ele>1988.2</ele></trkpt>
    <trkpt lat="45.811151" lon="7.012263"><ele>1987.3</ele></trkpt>
    <trkpt lat="45.81102" lon="7.01258"><ele>1983.6</ele></trkpt>
    <trkpt lat="45.811075" lon="7.012948"><ele>1977.5</ele></trkpt>
    <trkpt lat="45.811063" lon="7.013133"><ele>1977.1</ele></trkpt>
    <trkpt lat="45.811081" lon="7.013287"><ele>1978.7</ele></trkpt>
    <trkpt lat="45.811105" lon="7.013599"><ele>1981.4</ele></trkpt>
    <trkpt lat="45.811064" lon="7.013767"><ele>1983.2</ele></trkpt>
    <trkpt lat="45.81111" lon="7.014059"><ele>1985.4</ele></trkpt>
    <trkpt lat="45.811194" lon="7.014392"><ele>1986.5</ele></trkpt>
    <trkpt lat="45.811279" lon="7.014576"><ele>1988.2</ele></trkpt>
    <trkpt lat="45.811357" lon="7.014805"><ele>1990.7</ele></trkpt>
    <trkpt lat="45.811499" lon="7.015025"><ele>1992.6</ele></trkpt>
    <trkpt lat="45.811628" lon="7.015227"><ele>1993</ele></trkpt>
    <trkpt lat="45.811829" lon="7.015346"><ele>1993.1</ele></trkpt>
    <trkpt lat="45.81204" lon="7.015481"><ele>1993.6</ele></trkpt>
    <trkpt lat="45.812156" lon="7.015677"><ele>1995.5</ele></trkpt>
    <trkpt lat="45.812138" lon="7.015808"><ele>1997.7</ele></trkpt>
    <trkpt lat="45.812153" lon="7.015933"><ele>2000.1</ele></trkpt>
    <trkpt lat="45.812238" lon="7.016137"><ele>2003.4</ele></trkpt>
    <trkpt lat="45.812327" lon="7.016344"><ele>2006</ele></trkpt>
    <trkpt lat="45.812358" lon="7.016527"><ele>2008.1</ele></trkpt>
    <trkpt lat="45.812408" lon="7.016749"><ele>2010.1</ele></trkpt>
    <trkpt lat="45.812452" lon="7.016949"><ele>2011.7</ele></trkpt>
    <trkpt lat="45.812536" lon="7.017051"><ele>2012.4</ele></trkpt>
    <trkpt lat="45.812687" lon="7.017004"><ele>2014</ele></trkpt>
    <trkpt lat="45.81272" lon="7.017111"><ele>2016.2</ele></trkpt>
    <trkpt lat="45.81278" lon="7.01716"><ele>2018.6</ele></trkpt>
    <trkpt lat="45.812896" lon="7.017132"><ele>2021.9</ele></trkpt>
    <trkpt lat="45.812977" lon="7.017151"><ele>2023.9</ele></trkpt>
    <trkpt lat="45.813062" lon="7.017041"><ele>2026</ele></trkpt>
    <trkpt lat="45.813197" lon="7.01698"><ele>2028.5</ele></trkpt>
    <trkpt lat="45.81328" lon="7.016935"><ele>2030.2</ele></trkpt>
    <trkpt lat="45.813398" lon="7.016901"><ele>2032.5</ele></trkpt>
    <trkpt lat="45.813525" lon="7.016901"><ele>2035.4</ele></trkpt>
    <trkpt lat="45.81361" lon="7.016868"><ele>2037.5</ele></trkpt>
    <trkpt lat="45.813687" lon="7.016962"><ele>2039.8</ele></trkpt>
    <trkpt lat="45.813776" lon="7.017033"><ele>2042.2</ele></trkpt>
    <trkpt lat="45.813893" lon="7.016976"><ele>2044.8</ele></trkpt>
    <trkpt lat="45.814014" lon="7.016907"><ele>2047.7</ele></trkpt>
    <trkpt lat="45.81408" lon="7.016946"><ele>2050.3</ele></trkpt>
    <trkpt lat="45.814157" lon="7.016961"><ele>2053.3</ele></trkpt>
    <trkpt lat="45.814238" lon="7.016933"><ele>2056.6</ele></trkpt>
    <trkpt lat="45.814307" lon="7.016866"><ele>2059.9</ele></trkpt>
    <trkpt lat="45.814356" lon="7.016887"><ele>2062.1</ele></trkpt>
    <trkpt lat="45.814415" lon="7.016901"><ele>2064.9</ele></trkpt>
    <trkpt lat="45.814491" lon="7.016896"><ele>2068</ele></trkpt>
    <trkpt lat="45.814468" lon="7.016996"><ele>2070.8</ele></trkpt>
    <trkpt lat="45.814462" lon="7.0171"><ele>2073.7</ele></trkpt>
    <trkpt lat="45.814544" lon="7.017063"><ele>2076.9</ele></trkpt>
    <trkpt lat="45.814622" lon="7.017027"><ele>2079.8</ele></trkpt>
    <trkpt lat="45.814666" lon="7.017102"><ele>2082.5</ele></trkpt>
    <trkpt lat="45.814647" lon="7.017207"><ele>2085.2</ele></trkpt>
    <trkpt lat="45.814721" lon="7.017177"><ele>2088.4</ele></trkpt>
    <trkpt lat="45.814771" lon="7.017201"><ele>2091.8</ele></trkpt>
    <trkpt lat="45.814769" lon="7.017299"><ele>2094.5</ele></trkpt>
    <trkpt lat="45.814823" lon="7.017374"><ele>2097.3</ele></trkpt>
    <trkpt lat="45.814822" lon="7.017495"><ele>2100.3</ele></trkpt>
    <trkpt lat="45.814822" lon="7.017593"><ele>2102.6</ele></trkpt>
    <trkpt lat="45.814787" lon="7.017714"><ele>2105.6</ele></trkpt>
    <trkpt lat="45.814784" lon="7.017818"><ele>2108.4</ele></trkpt>
    <trkpt lat="45.814804" lon="7.0179"><ele>2112.6</ele></trkpt>
    <trkpt lat="45.814828" lon="7.017964"><ele>2114.8</ele></trkpt>
    <trkpt lat="45.814802" lon="7.018062"><ele>2117.5</ele></trkpt>
    <trkpt lat="45.814773" lon="7.018179"><ele>2120.7</ele></trkpt>
    <trkpt lat="45.814797" lon="7.018246"><ele>2123.2</ele></trkpt>
    <trkpt lat="45.814822" lon="7.018326"><ele>2125.8</ele></trkpt>
    <trkpt lat="45.814873" lon="7.018361"><ele>2128.1</ele></trkpt>
    <trkpt lat="45.814946" lon="7.018404"><ele>2130.6</ele></trkpt>
    <trkpt lat="45.815023" lon="7.018402"><ele>2132.7</ele></trkpt>
    <trkpt lat="45.815099" lon="7.018197"><ele>2136.1</ele></trkpt>
    <trkpt lat="45.815139" lon="7.018077"><ele>2139.1</ele></trkpt>
    <trkpt lat="45.81518" lon="7.018015"><ele>2141.4</ele></trkpt>
    <trkpt lat="45.815216" lon="7.018028"><ele>2143.4</ele></trkpt>
    <trkpt lat="45.815229" lon="7.018137"><ele>2146.3</ele></trkpt>
    <trkpt lat="45.815294" lon="7.0181"><ele>2149.2</ele></trkpt>
    <trkpt lat="45.81537" lon="7.01806"><ele>2152.3</ele></trkpt>
    <trkpt lat="45.815392" lon="7.018085"><ele>2154.9</ele></trkpt>
    <trkpt lat="45.815379" lon="7.018175"><ele>2157.6</ele></trkpt>
    <trkpt lat="45.815392" lon="7.018268"><ele>2160.5</ele></trkpt>
    <trkpt lat="45.815426" lon="7.018321"><ele>2162.8</ele></trkpt>
    <trkpt lat="45.81547" lon="7.018289"><ele>2165.6</ele></trkpt>
    <trkpt lat="45.815508" lon="7.018318"><ele>2167.8</ele></trkpt>
    <trkpt lat="45.815559" lon="7.018337"><ele>2170.1</ele></trkpt>
    <trkpt lat="45.815591" lon="7.018411"><ele>2172.7</ele></trkpt>
    <trkpt lat="45.815648" lon="7.018411"><ele>2175.5</ele></trkpt>
    <trkpt lat="45.815673" lon="7.018442"><ele>2177.4</ele></trkpt>
    <trkpt lat="45.815681" lon="7.018563"><ele>2180.5</ele></trkpt>
    <trkpt lat="45.815705" lon="7.018655"><ele>2183.1</ele></trkpt>
    <trkpt lat="45.815766" lon="7.018666"><ele>2185.6</ele></trkpt>
    <trkpt lat="45.815819" lon="7.018697"><ele>2187.9</ele></trkpt>
    <trkpt lat="45.815854" lon="7.018571"><ele>2191.2</ele></trkpt>
    <trkpt lat="45.815896" lon="7.018639"><ele>2193.6</ele></trkpt>
    <trkpt lat="45.815958" lon="7.018645"><ele>2195.9</ele></trkpt>
    <trkpt lat="45.816026" lon="7.018655"><ele>2198.6</ele></trkpt>
    <trkpt lat="45.816093" lon="7.018729"><ele>2201.9</ele></trkpt>
    <trkpt lat="45.816138" lon="7.018691"><ele>2204.6</ele></trkpt>
    <trkpt lat="45.816161" lon="7.018615"><ele>2207.2</ele></trkpt>
    <trkpt lat="45.816177" lon="7.01856"><ele>2209.7</ele></trkpt>
    <trkpt lat="45.816214" lon="7.018535"><ele>2212.2</ele></trkpt>
    <trkpt lat="45.816232" lon="7.018524"><ele>2213.7</ele></trkpt>
    <trkpt lat="45.816278" lon="7.018483"><ele>2215.9</ele></trkpt>
    <trkpt lat="45.816329" lon="7.018454"><ele>2218.3</ele></trkpt>
    <trkpt lat="45.816371" lon="7.018499"><ele>2220.6</ele></trkpt>
    <trkpt lat="45.816429" lon="7.018405"><ele>2224.3</ele></trkpt>
    <trkpt lat="45.816482" lon="7.018356"><ele>2226.8</ele></trkpt>
    <trkpt lat="45.816531" lon="7.018302"><ele>2229.5</ele></trkpt>
    <trkpt lat="45.81656" lon="7.0184"><ele>2232.4</ele></trkpt>
    <trkpt lat="45.816611" lon="7.018449"><ele>2234.9</ele></trkpt>
    <trkpt lat="45.816673" lon="7.018431"><ele>2237.5</ele></trkpt>
    <trkpt lat="45.816698" lon="7.018526"><ele>2240.3</ele></trkpt>
    <trkpt lat="45.81673" lon="7.018627"><ele>2243.3</ele></trkpt>
    <trkpt lat="45.81678" lon="7.01872"><ele>2246.3</ele></trkpt>
    <trkpt lat="45.816818" lon="7.018829"><ele>2249.3</ele></trkpt>
    <trkpt lat="45.816883" lon="7.018925"><ele>2252.6</ele></trkpt>
    <trkpt lat="45.816946" lon="7.018995"><ele>2255.4</ele></trkpt>
    <trkpt lat="45.817" lon="7.019069"><ele>2258.1</ele></trkpt>
    <trkpt lat="45.81706" lon="7.019131"><ele>2260.7</ele></trkpt>
    <trkpt lat="45.817124" lon="7.019208"><ele>2263.7</ele></trkpt>
    <trkpt lat="45.817183" lon="7.019189"><ele>2266.1</ele></trkpt>
    <trkpt lat="45.817213" lon="7.019071"><ele>2269.1</ele></trkpt>
    <trkpt lat="45.817283" lon="7.018969"><ele>2272.3</ele></trkpt>
    <trkpt lat="45.817284" lon="7.018808"><ele>2275.9</ele></trkpt>
    <trkpt lat="45.817276" lon="7.018695"><ele>2278.5</ele></trkpt>
    <trkpt lat="45.81728" lon="7.018684"><ele>2280.3</ele></trkpt>
    <trkpt lat="45.817313" lon="7.01875"><ele>2282.3</ele></trkpt>
    <trkpt lat="45.817354" lon="7.018804"><ele>2284.3</ele></trkpt>
    <trkpt lat="45.817388" lon="7.018845"><ele>2286</ele></trkpt>
    <trkpt lat="45.817424" lon="7.018932"><ele>2288.7</ele></trkpt>
    <trkpt lat="45.817502" lon="7.018978"><ele>2292</ele></trkpt>
    <trkpt lat="45.817573" lon="7.019064"><ele>2295.3</ele></trkpt>
    <trkpt lat="45.817631" lon="7.019114"><ele>2297.6</ele></trkpt>
    <trkpt lat="45.817692" lon="7.019194"><ele>2300.2</ele></trkpt>
    <trkpt lat="45.817736" lon="7.019262"><ele>2302.5</ele></trkpt>
    <trkpt lat="45.817785" lon="7.019329"><ele>2305.2</ele></trkpt>
    <trkpt lat="45.817828" lon="7.019372"><ele>2308.3</ele></trkpt>
    <trkpt lat="45.817855" lon="7.019496"><ele>2312.4</ele></trkpt>
    <trkpt lat="45.817885" lon="7.019605"><ele>2316.3</ele></trkpt>
    <trkpt lat="45.817917" lon="7.019526"><ele>2319.9</ele></trkpt>
    <trkpt lat="45.817954" lon="7.019512"><ele>2322.4</ele></trkpt>
    <trkpt lat="45.818019" lon="7.019549"><ele>2325.4</ele></trkpt>
    <trkpt lat="45.818101" lon="7.019609"><ele>2328.9</ele></trkpt>
    <trkpt lat="45.818156" lon="7.019673"><ele>2331.3</ele></trkpt>
    <trkpt lat="45.818214" lon="7.019711"><ele>2333.7</ele></trkpt>
    <trkpt lat="45.81828" lon="7.019778"><ele>2336.7</ele></trkpt>
    <trkpt lat="45.818346" lon="7.019815"><ele>2339.4</ele></trkpt>
    <trkpt lat="45.818386" lon="7.019893"><ele>2342.1</ele></trkpt>
    <trkpt lat="45.818436" lon="7.019894"><ele>2344.3</ele></trkpt>
    <trkpt lat="45.818476" lon="7.019993"><ele>2347.5</ele></trkpt>
    <trkpt lat="45.818519" lon="7.020086"><ele>2350.5</ele></trkpt>
    <trkpt lat="45.818577" lon="7.020151"><ele>2353.3</ele></trkpt>
    <trkpt lat="45.81857" lon="7.020253"><ele>2356</ele></trkpt>
    <trkpt lat="45.818646" lon="7.020286"><ele>2358.9</ele></trkpt>
    <trkpt lat="45.818696" lon="7.020374"><ele>2361.9</ele></trkpt>
    <trkpt lat="45.818734" lon="7.020469"><ele>2364.6</ele></trkpt>
    <trkpt lat="45.818724" lon="7.020577"><ele>2367.5</ele></trkpt>
    <trkpt lat="45.818763" lon="7.020666"><ele>2370.7</ele></trkpt>
    <trkpt lat="45.818823" lon="7.020633"><ele>2373.6</ele></trkpt>
    <trkpt lat="45.818858" lon="7.020701"><ele>2376.1</ele></trkpt>
    <trkpt lat="45.818876" lon="7.020794"><ele>2379</ele></trkpt>
    <trkpt lat="45.818916" lon="7.020875"><ele>2381.9</ele></trkpt>
    <trkpt lat="45.818932" lon="7.020936"><ele>2384.1</ele></trkpt>
    <trkpt lat="45.818965" lon="7.021031"><ele>2387.1</ele></trkpt>
    <trkpt lat="45.819008" lon="7.021102"><ele>2390</ele></trkpt>
    <trkpt lat="45.819075" lon="7.021158"><ele>2393.1</ele></trkpt>
    <trkpt lat="45.819121" lon="7.021223"><ele>2395.6</ele></trkpt>
    <trkpt lat="45.819157" lon="7.021304"><ele>2398.1</ele></trkpt>
    <trkpt lat="45.81923" lon="7.021396"><ele>2401.6</ele></trkpt>
    <trkpt lat="45.819266" lon="7.021507"><ele>2404.3</ele></trkpt>
    <trkpt lat="45.81933" lon="7.0216"><ele>2406.9</ele></trkpt>
    <trkpt lat="45.819294" lon="7.021675"><ele>2408.9</ele></trkpt>
    <trkpt lat="45.81934" lon="7.021799"><ele>2411.5</ele></trkpt>
    <trkpt lat="45.819402" lon="7.021914"><ele>2414.2</ele></trkpt>
    <trkpt lat="45.819448" lon="7.022045"><ele>2416.8</ele></trkpt>
    <trkpt lat="45.819535" lon="7.022177"><ele>2419.4</ele></trkpt>
    <trkpt lat="45.819619" lon="7.022367"><ele>2421.9</ele></trkpt>
    <trkpt lat="45.819787" lon="7.02236"><ele>2426.1</ele></trkpt>
    <trkpt lat="45.819825" lon="7.022159"><ele>2429.5</ele></trkpt>
    <trkpt lat="45.819893" lon="7.022057"><ele>2432.5</ele></trkpt>
    <trkpt lat="45.819957" lon="7.021994"><ele>2435.2</ele></trkpt>
    <trkpt lat="45.820006" lon="7.021916"><ele>2437.9</ele></trkpt>
    <trkpt lat="45.820069" lon="7.021851"><ele>2440.8</ele></trkpt>
    <trkpt lat="45.820125" lon="7.021803"><ele>2443.2</ele></trkpt>
    <trkpt lat="45.820191" lon="7.021723"><ele>2446.1</ele></trkpt>
    <trkpt lat="45.820259" lon="7.02163"><ele>2449.4</ele></trkpt>
    <trkpt lat="45.820309" lon="7.021574"><ele>2451.9</ele></trkpt>
    <trkpt lat="45.820353" lon="7.021543"><ele>2454.4</ele></trkpt>
    <trkpt lat="45.820376" lon="7.021632"><ele>2457.5</ele></trkpt>
    <trkpt lat="45.82043" lon="7.021592"><ele>2460.7</ele></trkpt>
    <trkpt lat="45.820476" lon="7.02153"><ele>2463.8</ele></trkpt>
    <trkpt lat="45.820512" lon="7.021472"><ele>2466.5</ele></trkpt>
    <trkpt lat="45.820558" lon="7.021426"><ele>2469.3</ele></trkpt>
    <trkpt lat="45.820583" lon="7.021424"><ele>2470.8</ele></trkpt>
    <trkpt lat="45.820617" lon="7.021424"><ele>2472.5</ele></trkpt>
    <trkpt lat="45.820667" lon="7.021388"><ele>2475.4</ele></trkpt>
    <trkpt lat="45.820716" lon="7.021335"><ele>2478.5</ele></trkpt>
    <trkpt lat="45.820764" lon="7.021294"><ele>2481.3</ele></trkpt>
    <trkpt lat="45.820792" lon="7.021324"><ele>2483.3</ele></trkpt>
    <trkpt lat="45.820847" lon="7.021273"><ele>2486.4</ele></trkpt>
    <trkpt lat="45.820881" lon="7.021291"><ele>2488.9</ele></trkpt>
    <trkpt lat="45.820865" lon="7.021411"><ele>2492.7</ele></trkpt>
    <trkpt lat="45.820882" lon="7.021444"><ele>2495.3</ele></trkpt>
    <trkpt lat="45.820941" lon="7.021384"><ele>2498.6</ele></trkpt>
    <trkpt lat="45.820987" lon="7.021356"><ele>2500.9</ele></trkpt>
    <trkpt lat="45.821039" lon="7.02134"><ele>2503.4</ele></trkpt>
    <trkpt lat="45.821086" lon="7.021313"><ele>2505.8</ele></trkpt>
    <trkpt lat="45.821153" lon="7.021287"><ele>2508.9</ele></trkpt>
    <trkpt lat="45.821224" lon="7.021246"><ele>2512.1</ele></trkpt>
    <trkpt lat="45.821295" lon="7.021212"><ele>2515.2</ele></trkpt>
    <trkpt lat="45.821362" lon="7.021166"><ele>2518.3</ele></trkpt>
    <trkpt lat="45.821412" lon="7.021089"><ele>2521.3</ele></trkpt>
    <trkpt lat="45.821462" lon="7.021049"><ele>2523.8</ele></trkpt>
    <trkpt lat="45.821478" lon="7.020951"><ele>2526.8</ele></trkpt>
    <trkpt lat="45.821495" lon="7.020861"><ele>2529.5</ele></trkpt>
    <trkpt lat="45.821504" lon="7.020775"><ele>2532</ele></trkpt>
    <trkpt lat="45.821521" lon="7.020703"><ele>2534.2</ele></trkpt>
    <trkpt lat="45.821576" lon="7.020637"><ele>2536.8</ele></trkpt>
    <trkpt lat="45.821646" lon="7.020526"><ele>2540</ele></trkpt>
    <trkpt lat="45.821712" lon="7.020388"><ele>2543</ele></trkpt>
    <trkpt lat="45.821739" lon="7.020243"><ele>2545.8</ele></trkpt>
    <trkpt lat="45.821722" lon="7.020123"><ele>2548.7</ele></trkpt>
    <trkpt lat="45.821734" lon="7.020033"><ele>2551.2</ele></trkpt>
    <trkpt lat="45.821786" lon="7.019956"><ele>2554</ele></trkpt>
    <trkpt lat="45.821798" lon="7.019837"><ele>2557.1</ele></trkpt>
    <trkpt lat="45.821769" lon="7.019693"><ele>2559.9</ele></trkpt>
    <trkpt lat="45.821738" lon="7.019533"><ele>2561.9</ele></trkpt>
    <trkpt lat="45.821899" lon="7.019438"><ele>2561.6</ele></trkpt>
    <trkpt lat="45.822195" lon="7.019491"><ele>2559.8</ele></trkpt>
    <trkpt lat="45.822421" lon="7.019535"><ele>2555.4</ele></trkpt>
    <trkpt lat="45.822643" lon="7.019559"><ele>2547.9</ele></trkpt>
    <trkpt lat="45.822914" lon="7.019373"><ele>2540.8</ele></trkpt>
    <trkpt lat="45.823204" lon="7.019092"><ele>2534.4</ele></trkpt>
    <trkpt lat="45.823457" lon="7.018772"><ele>2530.5</ele></trkpt>
    <trkpt lat="45.823591" lon="7.018298"><ele>2527.1</ele></trkpt>
    <trkpt lat="45.82367" lon="7.017825"><ele>2521.4</ele></trkpt>
    <trkpt lat="45.823755" lon="7.01733"><ele>2514.5</ele></trkpt>
    <trkpt lat="45.823884" lon="7.016894"><ele>2507.6</ele></trkpt>
    <trkpt lat="45.82404" lon="7.016494"><ele>2501.5</ele></trkpt>
    <trkpt lat="45.824233" lon="7.016275"><ele>2493.2</ele></trkpt>
    <trkpt lat="45.824501" lon="7.016191"><ele>2484.5</ele></trkpt>
    <trkpt lat="45.824731" lon="7.015891"><ele>2477.9</ele></trkpt>
    <trkpt lat="45.824853" lon="7.015474"><ele>2473.9</ele></trkpt>
    <trkpt lat="45.824853" lon="7.014952"><ele>2471</ele></trkpt>
    <trkpt lat="45.824841" lon="7.014489"><ele>2469.3</ele></trkpt>
    <trkpt lat="45.824824" lon="7.014002"><ele>2466.4</ele></trkpt>
    <trkpt lat="45.82473" lon="7.013555"><ele>2462.5</ele></trkpt>
    <trkpt lat="45.824677" lon="7.013049"><ele>2457.2</ele></trkpt>
    <trkpt lat="45.824621" lon="7.012584"><ele>2451.1</ele></trkpt>
    <trkpt lat="45.82457" lon="7.012171"><ele>2443.9</ele></trkpt>
    <trkpt lat="45.82445" lon="7.01179"><ele>2434.7</ele></trkpt>
    <trkpt lat="45.82427" lon="7.011558"><ele>2425.4</ele></trkpt>
    <trkpt lat="45.824258" lon="7.011301"><ele>2417.7</ele></trkpt>
    <trkpt lat="45.824319" lon="7.011097"><ele>2411.4</ele></trkpt>
    <trkpt lat="45.824419" lon="7.01078"><ele>2404</ele></trkpt>
    <trkpt lat="45.824367" lon="7.010335"><ele>2400</ele></trkpt>
    <trkpt lat="45.824285" lon="7.009857"><ele>2396.9</ele></trkpt>
    <trkpt lat="45.824153" lon="7.009392"><ele>2391.3</ele></trkpt>
    <trkpt lat="45.824043" lon="7.009015"><ele>2385.1</ele></trkpt>
    <trkpt lat="45.824001" lon="7.00858"><ele>2379.3</ele></trkpt>
    <trkpt lat="45.823911" lon="7.008078"><ele>2369.8</ele></trkpt>
    <trkpt lat="45.823873" lon="7.007649"><ele>2360.9</ele></trkpt>
    <trkpt lat="45.823708" lon="7.00727"><ele>2351.9</ele></trkpt>
    <trkpt lat="45.82357" lon="7.006844"><ele>2343.5</ele></trkpt>
    <trkpt lat="45.823493" lon="7.006462"><ele>2336.4</ele></trkpt>
    <trkpt lat="45.823346" lon="7.006037"><ele>2328.5</ele></trkpt>
    <trkpt lat="45.823213" lon="7.005673"><ele>2321.6</ele></trkpt>
    <trkpt lat="45.823068" lon="7.005172"><ele>2314.3</ele></trkpt>
    <trkpt lat="45.822962" lon="7.004659"><ele>2309.9</ele></trkpt>
    <trkpt lat="45.822848" lon="7.004188"><ele>2307.2</ele></trkpt>
    <trkpt lat="45.822721" lon="7.00377"><ele>2306</ele></trkpt>
    <trkpt lat="45.822586" lon="7.003395"><ele>2306.4</ele></trkpt>
    <trkpt lat="45.822421" lon="7.003044"><ele>2307.9</ele></trkpt>
    <trkpt lat="45.822377" lon="7.002756"><ele>2310.3</ele></trkpt>
    <trkpt lat="45.822331" lon="7.002544"><ele>2312.5</ele></trkpt>
    <trkpt lat="45.822287" lon="7.002317"><ele>2315.3</ele></trkpt>
    <trkpt lat="45.822216" lon="7.002142"><ele>2318.2</ele></trkpt>
    <trkpt lat="45.822143" lon="7.001975"><ele>2321.3</ele></trkpt>
    <trkpt lat="45.822126" lon="7.001811"><ele>2324.1</ele></trkpt>
    <trkpt lat="45.82211" lon="7.00159"><ele>2327.1</ele></trkpt>
    <trkpt lat="45.822013" lon="7.001332"><ele>2328.4</ele></trkpt>
    <trkpt lat="45.821847" lon="7.000938"><ele>2327.6</ele></trkpt>
    <trkpt lat="45.821711" lon="7.000583"><ele>2327.7</ele></trkpt>
    <trkpt lat="45.821619" lon="7.000225"><ele>2327.9</ele></trkpt>
    <trkpt lat="45.821505" lon="6.999867"><ele>2328.6</ele></trkpt>
    <trkpt lat="45.821351" lon="6.999499"><ele>2327.3</ele></trkpt>
    <trkpt lat="45.821205" lon="6.999098"><ele>2324.5</ele></trkpt>
    <trkpt lat="45.821089" lon="6.998611"><ele>2321.2</ele></trkpt>
    <trkpt lat="45.820985" lon="6.998171"><ele>2317.2</ele></trkpt>
    <trkpt lat="45.820808" lon="6.997722"><ele>2313.3</ele></trkpt>
    <trkpt lat="45.820639" lon="6.997368"><ele>2313.6</ele></trkpt>
    <trkpt lat="45.82052" lon="6.997005"><ele>2314.8</ele></trkpt>
    <trkpt lat="45.820406" lon="6.996626"><ele>2314.7</ele></trkpt>
    <trkpt lat="45.820264" lon="6.996229"><ele>2312.7</ele></trkpt>
    <trkpt lat="45.820061" lon="6.995867"><ele>2310.8</ele></trkpt>
    <trkpt lat="45.819885" lon="6.995492"><ele>2308.8</ele></trkpt>
    <trkpt lat="45.819714" lon="6.995103"><ele>2305.8</ele></trkpt>
    <trkpt lat="45.819521" lon="6.99468"><ele>2302.8</ele></trkpt>
    <trkpt lat="45.819316" lon="6.994262"><ele>2301</ele></trkpt>
    <trkpt lat="45.819061" lon="6.993945"><ele>2300.2</ele></trkpt>
    <trkpt lat="45.818856" lon="6.993566"><ele>2296.8</ele></trkpt>
    <trkpt lat="45.81865" lon="6.993187"><ele>2293</ele></trkpt>
    <trkpt lat="45.818504" lon="6.992761"><ele>2289.3</ele></trkpt>
    <trkpt lat="45.81831" lon="6.992352"><ele>2285.3</ele></trkpt>
    <trkpt lat="45.818262" lon="6.991918"><ele>2281.3</ele></trkpt>
    <trkpt lat="45.818074" lon="6.991537"><ele>2277.6</ele></trkpt>
    <trkpt lat="45.817886" lon="6.991163"><ele>2273.1</ele></trkpt>
    <trkpt lat="45.817693" lon="6.990763"><ele>2268</ele></trkpt>
    <trkpt lat="45.817638" lon="6.990228"><ele>2263.2</ele></trkpt>
    <trkpt lat="45.817521" lon="6.989725"><ele>2258.7</ele></trkpt>
    <trkpt lat="45.817362" lon="6.989263"><ele>2256.3</ele></trkpt>
    <trkpt lat="45.817264" lon="6.988773"><ele>2253.8</ele></trkpt>
    <trkpt lat="45.817228" lon="6.988259"><ele>2250</ele></trkpt>
    <trkpt lat="45.816946" lon="6.988003"><ele>2247.7</ele></trkpt>
    <trkpt lat="45.816649" lon="6.987966"><ele>2248.3</ele></trkpt>
    <trkpt lat="45.816365" lon="6.987754"><ele>2247.2</ele></trkpt>
    <trkpt lat="45.816138" lon="6.987421"><ele>2246.8</ele></trkpt>
    <trkpt lat="45.815939" lon="6.987102"><ele>2246.8</ele></trkpt>
    <trkpt lat="45.815762" lon="6.986723"><ele>2245.4</ele></trkpt>
    <trkpt lat="45.815598" lon="6.986284"><ele>2243.5</ele></trkpt>
    <trkpt lat="45.815364" lon="6.985946"><ele>2241.5</ele></trkpt>
    <trkpt lat="45.815114" lon="6.985613"><ele>2239.4</ele></trkpt>
    <trkpt lat="45.814906" lon="6.985273"><ele>2237.4</ele></trkpt>
    <trkpt lat="45.814733" lon="6.98489"><ele>2235.4</ele></trkpt>
    <trkpt lat="45.814518" lon="6.98449"><ele>2232.2</ele></trkpt>
    <trkpt lat="45.814287" lon="6.984127"><ele>2226.9</ele></trkpt>
    <trkpt lat="45.814081" lon="6.983768"><ele>2220.6</ele></trkpt>
    <trkpt lat="45.813831" lon="6.983474"><ele>2214.1</ele></trkpt>
    <trkpt lat="45.813548" lon="6.983249"><ele>2207.5</ele></trkpt>
    <trkpt lat="45.813287" lon="6.983053"><ele>2199.6</ele></trkpt>
    <trkpt lat="45.813083" lon="6.982819"><ele>2190.9</ele></trkpt>
    <trkpt lat="45.812919" lon="6.982541"><ele>2182.6</ele></trkpt>
    <trkpt lat="45.81274" lon="6.982253"><ele>2174.2</ele></trkpt>
    <trkpt lat="45.812589" lon="6.981999"><ele>2165.7</ele></trkpt>
    <trkpt lat="45.812433" lon="6.981763"><ele>2157.1</ele></trkpt>
    <trkpt lat="45.81228" lon="6.981541"><ele>2148.7</ele></trkpt>
    <trkpt lat="45.812172" lon="6.981279"><ele>2140.1</ele></trkpt>
    <trkpt lat="45.812021" lon="6.98109"><ele>2132</ele></trkpt>
    <trkpt lat="45.811978" lon="6.980915"><ele>2125.7</ele></trkpt>
    <trkpt lat="45.811849" lon="6.980831"><ele>2119.5</ele></trkpt>
    <trkpt lat="45.811638" lon="6.981096"><ele>2108.8</ele></trkpt>
    <trkpt lat="45.811491" lon="6.981029"><ele>2101.5</ele></trkpt>
    <trkpt lat="45.811382" lon="6.98116"><ele>2095.1</ele></trkpt>
    <trkpt lat="45.811349" lon="6.98153"><ele>2086.5</ele></trkpt>
    <trkpt lat="45.811169" lon="6.981417"><ele>2079.5</ele></trkpt>
    <trkpt lat="45.810992" lon="6.981104"><ele>2068.3</ele></trkpt>
    <trkpt lat="45.810908" lon="6.980919"><ele>2060.6</ele></trkpt>
    <trkpt lat="45.810816" lon="6.980621"><ele>2049.5</ele></trkpt>
    <trkpt lat="45.810729" lon="6.980456"><ele>2042.7</ele></trkpt>
    <trkpt lat="45.810657" lon="6.980279"><ele>2036.1</ele></trkpt>
    <trkpt lat="45.810551" lon="6.97999"><ele>2028.6</ele></trkpt>
    <trkpt lat="45.810376" lon="6.979753"><ele>2021.7</ele></trkpt>
    <trkpt lat="45.810204" lon="6.98003"><ele>2014.3</ele></trkpt>
    <trkpt lat="45.809981" lon="6.980027"><ele>2006.9</ele></trkpt>
    <trkpt lat="45.809826" lon="6.979802"><ele>2000</ele></trkpt>
    <trkpt lat="45.809645" lon="6.979597"><ele>1993.5</ele></trkpt>
    <trkpt lat="45.809573" lon="6.979297"><ele>1987.6</ele></trkpt>
    <trkpt lat="45.80946" lon="6.978936"><ele>1981.7</ele></trkpt>
    <trkpt lat="45.809368" lon="6.979178"><ele>1980.2</ele></trkpt>
    <trkpt lat="45.809142" lon="6.979086"><ele>1970</ele></trkpt>
    <trkpt lat="45.809146" lon="6.978778"><ele>1970</ele></trkpt>
    <trkpt lat="45.809165" lon="6.978711"><ele>1971.8</ele></trkpt>
    <trkpt lat="45.8092" lon="6.978675"><ele>1973.6</ele></trkpt>
    <trkpt lat="45.809253" lon="6.978461"><ele>1975.6</ele></trkpt>
    <trkpt lat="45.809266" lon="6.978303"><ele>1975.1</ele></trkpt>
    <trkpt lat="45.80935" lon="6.978287"><ele>1977.5</ele></trkpt>
    <trkpt lat="45.809484" lon="6.978329"><ele>1981.7</ele></trkpt>
    <trkpt lat="45.809645" lon="6.978156"><ele>1980.8</ele></trkpt>
    <trkpt lat="45.80972" lon="6.978111"><ele>1980.3</ele></trkpt>
    <trkpt lat="45.809766" lon="6.978218"><ele>1983.8</ele></trkpt>
    <trkpt lat="45.80983" lon="6.978316"><ele>1986.2</ele></trkpt>
    <trkpt lat="45.80993" lon="6.978403"><ele>1988.6</ele></trkpt>
    <trkpt lat="45.810038" lon="6.97853"><ele>1991.9</ele></trkpt>
    <trkpt lat="45.810101" lon="6.978619"><ele>1993.9</ele></trkpt>
    <trkpt lat="45.810086" lon="6.978727"><ele>1997.2</ele></trkpt>
    <trkpt lat="45.810101" lon="6.978847"><ele>1999.6</ele></trkpt>
    <trkpt lat="45.81019" lon="6.978848"><ele>1999.5</ele></trkpt>
    <trkpt lat="45.81024" lon="6.97893"><ele>2001.9</ele></trkpt>
    <trkpt lat="45.810306" lon="6.979061"><ele>2005.4</ele></trkpt>
    <trkpt lat="45.81036" lon="6.979287"><ele>2011.7</ele></trkpt>
    <trkpt lat="45.810411" lon="6.979544"><ele>2018.2</ele></trkpt>
    <trkpt lat="45.810555" lon="6.979744"><ele>2024.1</ele></trkpt>
    <trkpt lat="45.810821" lon="6.979757"><ele>2023.8</ele></trkpt>
    <trkpt lat="45.811052" lon="6.979527"><ele>2023.6</ele></trkpt>
    <trkpt lat="45.811258" lon="6.979223"><ele>2021.8</ele></trkpt>
    <trkpt lat="45.811456" lon="6.978819"><ele>2018.2</ele></trkpt>
    <trkpt lat="45.811747" lon="6.978526"><ele>2016.1</ele></trkpt>
    <trkpt lat="45.81203" lon="6.978388"><ele>2016.3</ele></trkpt>
    <trkpt lat="45.812326" lon="6.978315"><ele>2015.1</ele></trkpt>
    <trkpt lat="45.812676" lon="6.978335"><ele>2012.1</ele></trkpt>
    <trkpt lat="45.812963" lon="6.978173"><ele>2010</ele></trkpt>
    <trkpt lat="45.813217" lon="6.978048"><ele>2004.5</ele></trkpt>
    <trkpt lat="45.813559" lon="6.978109"><ele>1998.8</ele></trkpt>
    <trkpt lat="45.813925" lon="6.978107"><ele>1996.4</ele></trkpt>
    <trkpt lat="45.814205" lon="6.978176"><ele>1996.8</ele></trkpt>
    <trkpt lat="45.814548" lon="6.97819"><ele>1995.1</ele></trkpt>
    <trkpt lat="45.814683" lon="6.977924"><ele>1996.4</ele></trkpt>
    <trkpt lat="45.814835" lon="6.97779"><ele>1997.1</ele></trkpt>
    <trkpt lat="45.815133" lon="6.977824"><ele>1997.1</ele></trkpt>
    <trkpt lat="45.815427" lon="6.977957"><ele>1995.7</ele></trkpt>
    <trkpt lat="45.815761" lon="6.978089"><ele>1992.3</ele></trkpt>
    <trkpt lat="45.816052" lon="6.978317"><ele>1988.9</ele></trkpt>
    <trkpt lat="45.816357" lon="6.978505"><ele>1983.8</ele></trkpt>
    <trkpt lat="45.816688" lon="6.97873"><ele>1981.7</ele></trkpt>
    <trkpt lat="45.816889" lon="6.978894"><ele>1982.7</ele></trkpt>
    <trkpt lat="45.817169" lon="6.979121"><ele>1980.8</ele></trkpt>
    <trkpt lat="45.817505" lon="6.979377"><ele>1976.7</ele></trkpt>
    <trkpt lat="45.81784" lon="6.979568"><ele>1973.8</ele></trkpt>
    <trkpt lat="45.81817" lon="6.979794"><ele>1970.7</ele></trkpt>
    <trkpt lat="45.818442" lon="6.980069"><ele>1969.7</ele></trkpt>
    <trkpt lat="45.818705" lon="6.980274"><ele>1969.4</ele></trkpt>
    <trkpt lat="45.818982" lon="6.980474"><ele>1968.8</ele></trkpt>
    <trkpt lat="45.819248" lon="6.980844"><ele>1966.9</ele></trkpt>
    <trkpt lat="45.819465" lon="6.981234"><ele>1966</ele></trkpt>
    <trkpt lat="45.819596" lon="6.98158"><ele>1967</ele></trkpt>
    <trkpt lat="45.819745" lon="6.981953"><ele>1967.7</ele></trkpt>
    <trkpt lat="45.819989" lon="6.982326"><ele>1965.5</ele></trkpt>
    <trkpt lat="45.820225" lon="6.982647"><ele>1964.7</ele></trkpt>
    <trkpt lat="45.820442" lon="6.982948"><ele>1965</ele></trkpt>
    <trkpt lat="45.820657" lon="6.983279"><ele>1965.2</ele></trkpt>
    <trkpt lat="45.820865" lon="6.983687"><ele>1962.4</ele></trkpt>
    <trkpt lat="45.82108" lon="6.984108"><ele>1958.9</ele></trkpt>
    <trkpt lat="45.821323" lon="6.984431"><ele>1957.7</ele></trkpt>
    <trkpt lat="45.821519" lon="6.984693"><ele>1958.7</ele></trkpt>
    <trkpt lat="45.821754" lon="6.984965"><ele>1957.9</ele></trkpt>
    <trkpt lat="45.821987" lon="6.985353"><ele>1955.9</ele></trkpt>
    <trkpt lat="45.822155" lon="6.985809"><ele>1954.2</ele></trkpt>
    <trkpt lat="45.822418" lon="6.986167"><ele>1950.4</ele></trkpt>
    <trkpt lat="45.822674" lon="6.986519"><ele>1949</ele></trkpt>
    <trkpt lat="45.82292" lon="6.986853"><ele>1947.9</ele></trkpt>
    <trkpt lat="45.823186" lon="6.987215"><ele>1943.7</ele></trkpt>
    <trkpt lat="45.823475" lon="6.98758"><ele>1937.4</ele></trkpt>
    <trkpt lat="45.823701" lon="6.987931"><ele>1935.7</ele></trkpt>
    <trkpt lat="45.823839" lon="6.988198"><ele>1938</ele></trkpt>
    <trkpt lat="45.823951" lon="6.988488"><ele>1940</ele></trkpt>
    <trkpt lat="45.82417" lon="6.988893"><ele>1937</ele></trkpt>
    <trkpt lat="45.824288" lon="6.989413"><ele>1932.8</ele></trkpt>
    <trkpt lat="45.824331" lon="6.989874"><ele>1932.7</ele></trkpt>
    <trkpt lat="45.824389" lon="6.990293"><ele>1934</ele></trkpt>
    <trkpt lat="45.824486" lon="6.99067"><ele>1934.8</ele></trkpt>
    <trkpt lat="45.824631" lon="6.99103"><ele>1935.9</ele></trkpt>
    <trkpt lat="45.824805" lon="6.991365"><ele>1936.6</ele></trkpt>
    <trkpt lat="45.824944" lon="6.991742"><ele>1936.8</ele></trkpt>
    <trkpt lat="45.825023" lon="6.992141"><ele>1936.9</ele></trkpt>
    <trkpt lat="45.825161" lon="6.992504"><ele>1937.2</ele></trkpt>
    <trkpt lat="45.825294" lon="6.992878"><ele>1937.6</ele></trkpt>
    <trkpt lat="45.825473" lon="6.993211"><ele>1938.3</ele></trkpt>
    <trkpt lat="45.82553" lon="6.993478"><ele>1940.2</ele></trkpt>
    <trkpt lat="45.82555" lon="6.993716"><ele>1943.3</ele></trkpt>
    <trkpt lat="45.825544" lon="6.994006"><ele>1945.6</ele></trkpt>
    <trkpt lat="45.825536" lon="6.994285"><ele>1947.4</ele></trkpt>
    <trkpt lat="45.825674" lon="6.994567"><ele>1949</ele></trkpt>
    <trkpt lat="45.82574" lon="6.994824"><ele>1951.2</ele></trkpt>
    <trkpt lat="45.825794" lon="6.995067"><ele>1953.6</ele></trkpt>
    <trkpt lat="45.825813" lon="6.995302"><ele>1956.2</ele></trkpt>
    <trkpt lat="45.825867" lon="6.995561"><ele>1958.9</ele></trkpt>
    <trkpt lat="45.825911" lon="6.995782"><ele>1961.9</ele></trkpt>
    <trkpt lat="45.825974" lon="6.995979"><ele>1964.9</ele></trkpt>
    <trkpt lat="45.826042" lon="6.99616"><ele>1967.4</ele></trkpt>
    <trkpt lat="45.826156" lon="6.996361"><ele>1969.4</ele></trkpt>
    <trkpt lat="45.826337" lon="6.996554"><ele>1971.3</ele></trkpt>
    <trkpt lat="45.826467" lon="6.996726"><ele>1973.9</ele></trkpt>
    <trkpt lat="45.826581" lon="6.996879"><ele>1976.7</ele></trkpt>
    <trkpt lat="45.826639" lon="6.997086"><ele>1979.1</ele></trkpt>
    <trkpt lat="45.826707" lon="6.997301"><ele>1981.7</ele></trkpt>
    <trkpt lat="45.826772" lon="6.99748"><ele>1984</ele></trkpt>
    <trkpt lat="45.82684" lon="6.997744"><ele>1984.7</ele></trkpt>
    <trkpt lat="45.826942" lon="6.998175"><ele>1983.3</ele></trkpt>
    <trkpt lat="45.826972" lon="6.998566"><ele>1983.4</ele></trkpt>
    <trkpt lat="45.827112" lon="6.998984"><ele>1981.8</ele></trkpt>
    <trkpt lat="45.827216" lon="6.999362"><ele>1982.4</ele></trkpt>
    <trkpt lat="45.827337" lon="6.999743"><ele>1982.1</ele></trkpt>
    <trkpt lat="45.827506" lon="7.000071"><ele>1981.8</ele></trkpt>
    <trkpt lat="45.827687" lon="7.000458"><ele>1979.5</ele></trkpt>
    <trkpt lat="45.827891" lon="7.000854"><ele>1975.7</ele></trkpt>
    <trkpt lat="45.828057" lon="7.001218"><ele>1970.2</ele></trkpt>
    <trkpt lat="45.828122" lon="7.001655"><ele>1963.3</ele></trkpt>
    <trkpt lat="45.828287" lon="7.002009"><ele>1959.3</ele></trkpt>
    <trkpt lat="45.828517" lon="7.002319"><ele>1956.3</ele></trkpt>
    <trkpt lat="45.82868" lon="7.002591"><ele>1953</ele></trkpt>
    <trkpt lat="45.828881" lon="7.002817"><ele>1953.1</ele></trkpt>
    <trkpt lat="45.829098" lon="7.003016"><ele>1953.8</ele></trkpt>
    <trkpt lat="45.829409" lon="7.003026"><ele>1952.9</ele></trkpt>
    <trkpt lat="45.82966" lon="7.003283"><ele>1949.6</ele></trkpt>
    <trkpt lat="45.829868" lon="7.003729"><ele>1945.9</ele></trkpt>
    <trkpt lat="45.830073" lon="7.004098"><ele>1944</ele></trkpt>
    <trkpt lat="45.830308" lon="7.00424"><ele>1943.2</ele></trkpt>
    <trkpt lat="45.830597" lon="7.004424"><ele>1940.9</ele></trkpt>
    <trkpt lat="45.830868" lon="7.004616"><ele>1936.3</ele></trkpt>
    <trkpt lat="45.831139" lon="7.004925"><ele>1931.5</ele></trkpt>
    <trkpt lat="45.831444" lon="7.005195"><ele>1925.3</ele></trkpt>
    <trkpt lat="45.831635" lon="7.005588"><ele>1923.6</ele></trkpt>
    <trkpt lat="45.83184" lon="7.005855"><ele>1924.3</ele></trkpt>
    <trkpt lat="45.832056" lon="7.006094"><ele>1925.4</ele></trkpt>
    <trkpt lat="45.83228" lon="7.006362"><ele>1926.3</ele></trkpt>
    <trkpt lat="45.832498" lon="7.00662"><ele>1927.5</ele></trkpt>
    <trkpt lat="45.832635" lon="7.006938"><ele>1929.1</ele></trkpt>
    <trkpt lat="45.832816" lon="7.007222"><ele>1930.4</ele></trkpt>
    <trkpt lat="45.832996" lon="7.00745"><ele>1932</ele></trkpt>
    <trkpt lat="45.83316" lon="7.007635"><ele>1934.2</ele></trkpt>
    <trkpt lat="45.833089" lon="7.00781"><ele>1936.5</ele></trkpt>
    <trkpt lat="45.83295" lon="7.007747"><ele>1939.5</ele></trkpt>
    <trkpt lat="45.832885" lon="7.007794"><ele>1942.4</ele></trkpt>
    <trkpt lat="45.832891" lon="7.00789"><ele>1943.9</ele></trkpt>
    <trkpt lat="45.832957" lon="7.008076"><ele>1946.7</ele></trkpt>
    <trkpt lat="45.833011" lon="7.008272"><ele>1949.4</ele></trkpt>
    <trkpt lat="45.833226" lon="7.00846"><ele>1951.7</ele></trkpt>
    <trkpt lat="45.833406" lon="7.008762"><ele>1951.4</ele></trkpt>
    <trkpt lat="45.833577" lon="7.009065"><ele>1951.8</ele></trkpt>
    <trkpt lat="45.833684" lon="7.009279"><ele>1953.7</ele></trkpt>
    <trkpt lat="45.833855" lon="7.009473"><ele>1955.1</ele></trkpt>
    <trkpt lat="45.834025" lon="7.009756"><ele>1956.3</ele></trkpt>
    <trkpt lat="45.834203" lon="7.010051"><ele>1957.5</ele></trkpt>
    <trkpt lat="45.834342" lon="7.01038"><ele>1958.6</ele></trkpt>
    <trkpt lat="45.834415" lon="7.010755"><ele>1959.6</ele></trkpt>
    <trkpt lat="45.83446" lon="7.011148"><ele>1960.5</ele></trkpt>
    <trkpt lat="45.834391" lon="7.011467"><ele>1960.9</ele></trkpt>
    <trkpt lat="45.834316" lon="7.011778"><ele>1961.6</ele></trkpt>
    <trkpt lat="45.834362" lon="7.011849"><ele>1963.6</ele></trkpt>
    <trkpt lat="45.834595" lon="7.011948"><ele>1967</ele></trkpt>
    <trkpt lat="45.834735" lon="7.012176"><ele>1968.2</ele></trkpt>
    <trkpt lat="45.834884" lon="7.012484"><ele>1968.4</ele></trkpt>
    <trkpt lat="45.835004" lon="7.012821"><ele>1968.7</ele></trkpt>
    <trkpt lat="45.835069" lon="7.013144"><ele>1969.5</ele></trkpt>
    <trkpt lat="45.835144" lon="7.013468"><ele>1970.6</ele></trkpt>
    <trkpt lat="45.835237" lon="7.013833"><ele>1971.3</ele></trkpt>
    <trkpt lat="45.835344" lon="7.014153"><ele>1972.4</ele></trkpt>
    <trkpt lat="45.835435" lon="7.014267"><ele>1974</ele></trkpt>
    <trkpt lat="45.835586" lon="7.01454"><ele>1974.9</ele></trkpt>
    <trkpt lat="45.835721" lon="7.014885"><ele>1975.3</ele></trkpt>
    <trkpt lat="45.835876" lon="7.015206"><ele>1975.3</ele></trkpt>
    <trkpt lat="45.835948" lon="7.015395"><ele>1976.4</ele></trkpt>
    <trkpt lat="45.836057" lon="7.015646"><ele>1978.3</ele></trkpt>
    <trkpt lat="45.83615" lon="7.015861"><ele>1980.1</ele></trkpt>
    <trkpt lat="45.836264" lon="7.0161"><ele>1982.1</ele></trkpt>
    <trkpt lat="45.836324" lon="7.016274"><ele>1984.1</ele></trkpt>
    <trkpt lat="45.836408" lon="7.016522"><ele>1986.1</ele></trkpt>
    <trkpt lat="45.83642" lon="7.016856"><ele>1987</ele></trkpt>
    <trkpt lat="45.83638" lon="7.017191"><ele>1987.4</ele></trkpt>
    <trkpt lat="45.836228" lon="7.017435"><ele>1988.2</ele></trkpt>
    <trkpt lat="45.836048" lon="7.017691"><ele>1989.1</ele></trkpt>
    <trkpt lat="45.835874" lon="7.017999"><ele>1989.6</ele></trkpt>
    <trkpt lat="45.835757" lon="7.018319"><ele>1990</ele></trkpt>
    <trkpt lat="45.835617" lon="7.0186"><ele>1990.6</ele></trkpt>
    <trkpt lat="45.835486" lon="7.018789"><ele>1991.6</ele></trkpt>
    <trkpt lat="45.835386" lon="7.019064"><ele>1992.7</ele></trkpt>
    <trkpt lat="45.835283" lon="7.019342"><ele>1993.4</ele></trkpt>
    <trkpt lat="45.835249" lon="7.019677"><ele>1993.8</ele></trkpt>
    <trkpt lat="45.835293" lon="7.019975"><ele>1994.7</ele></trkpt>
    <trkpt lat="45.835343" lon="7.0203"><ele>1995.4</ele></trkpt>
    <trkpt lat="45.835337" lon="7.020695"><ele>1994.7</ele></trkpt>
    <trkpt lat="45.835312" lon="7.021022"><ele>1992.2</ele></trkpt>
    <trkpt lat="45.835458" lon="7.020982"><ele>1987.2</ele></trkpt>
    <trkpt lat="45.83566" lon="7.020771"><ele>1986.6</ele></trkpt>
    <trkpt lat="45.835857" lon="7.020464"><ele>1985.6</ele></trkpt>
    <trkpt lat="45.836053" lon="7.020489"><ele>1987.1</ele></trkpt>
    <trkpt lat="45.836217" lon="7.020528"><ele>1989.6</ele></trkpt>
    <trkpt lat="45.836352" lon="7.020613"><ele>1992.6</ele></trkpt>
    <trkpt lat="45.836458" lon="7.020675"><ele>1995.3</ele></trkpt>
    <trkpt lat="45.836536" lon="7.020752"><ele>1997.6</ele></trkpt>
    <trkpt lat="45.836649" lon="7.020796"><ele>1999.9</ele></trkpt>
    <trkpt lat="45.836763" lon="7.020859"><ele>2002.1</ele></trkpt>
    <trkpt lat="45.836851" lon="7.020935"><ele>2004.3</ele></trkpt>
    <trkpt lat="45.836915" lon="7.021023"><ele>2006.2</ele></trkpt>
    <trkpt lat="45.837018" lon="7.021075"><ele>2008.3</ele></trkpt>
    <trkpt lat="45.83714" lon="7.02113"><ele>2010.6</ele></trkpt>
    <trkpt lat="45.837353" lon="7.021095"><ele>2010.4</ele></trkpt>
    <trkpt lat="45.837673" lon="7.021031"><ele>2006.6</ele></trkpt>
    <trkpt lat="45.838014" lon="7.02106"><ele>2003.2</ele></trkpt>
    <trkpt lat="45.838332" lon="7.021049"><ele>1999.3</ele></trkpt>
    <trkpt lat="45.838679" lon="7.021114"><ele>1994.1</ele></trkpt>
    <trkpt lat="45.839022" lon="7.021262"><ele>1989.2</ele></trkpt>
    <trkpt lat="45.839295" lon="7.021397"><ele>1982.2</ele></trkpt>
    <trkpt lat="45.839629" lon="7.021541"><ele>1975.7</ele></trkpt>
    <trkpt lat="45.83993" lon="7.021817"><ele>1972.6</ele></trkpt>
    <trkpt lat="45.840202" lon="7.022094"><ele>1968.3</ele></trkpt>
    <trkpt lat="45.840468" lon="7.022389"><ele>1960.9</ele></trkpt>
    <trkpt lat="45.84073" lon="7.022737"><ele>1958.1</ele></trkpt>
    <trkpt lat="45.841002" lon="7.023052"><ele>1953.5</ele></trkpt>
    <trkpt lat="45.841292" lon="7.02342"><ele>1948</ele></trkpt>
    <trkpt lat="45.841551" lon="7.023764"><ele>1944.3</ele></trkpt>
    <trkpt lat="45.841865" lon="7.023904"><ele>1942.6</ele></trkpt>
    <trkpt lat="45.84213" lon="7.023998"><ele>1942.3</ele></trkpt>
    <trkpt lat="45.842434" lon="7.024077"><ele>1940.6</ele></trkpt>
    <trkpt lat="45.842678" lon="7.024405"><ele>1937</ele></trkpt>
    <trkpt lat="45.842946" lon="7.024761"><ele>1931.5</ele></trkpt>
    <trkpt lat="45.843193" lon="7.02512"><ele>1929.5</ele></trkpt>
    <trkpt lat="45.843489" lon="7.025278"><ele>1926.8</ele></trkpt>
    <trkpt lat="45.843727" lon="7.025545"><ele>1921.5</ele></trkpt>
    <trkpt lat="45.843997" lon="7.02575"><ele>1920.7</ele></trkpt>
    <trkpt lat="45.844231" lon="7.025867"><ele>1921.1</ele></trkpt>
    <trkpt lat="45.844502" lon="7.02604"><ele>1921.8</ele></trkpt>
    <trkpt lat="45.844683" lon="7.02636"><ele>1921.7</ele></trkpt>
    <trkpt lat="45.84485" lon="7.026552"><ele>1924.2</ele></trkpt>
    <trkpt lat="45.844949" lon="7.026728"><ele>1926.3</ele></trkpt>
    <trkpt lat="45.845076" lon="7.026959"><ele>1928.2</ele></trkpt>
    <trkpt lat="45.845218" lon="7.027131"><ele>1928.7</ele></trkpt>
    <trkpt lat="45.845434" lon="7.0274"><ele>1927.6</ele></trkpt>
    <trkpt lat="45.845525" lon="7.027702"><ele>1928.1</ele></trkpt>
    <trkpt lat="45.845644" lon="7.027768"><ele>1929.3</ele></trkpt>
    <trkpt lat="45.84583" lon="7.027939"><ele>1930.4</ele></trkpt>
    <trkpt lat="45.845993" lon="7.028185"><ele>1931.7</ele></trkpt>
    <trkpt lat="45.846163" lon="7.028441"><ele>1932.2</ele></trkpt>
    <trkpt lat="45.846367" lon="7.028692"><ele>1932.6</ele></trkpt>
    <trkpt lat="45.846599" lon="7.02889"><ele>1933.4</ele></trkpt>
    <trkpt lat="45.846803" lon="7.02916"><ele>1934.3</ele></trkpt>
    <trkpt lat="45.846909" lon="7.029364"><ele>1935.8</ele></trkpt>
    <trkpt lat="45.847062" lon="7.029576"><ele>1937.6</ele></trkpt>
    <trkpt lat="45.847202" lon="7.029772"><ele>1939.5</ele></trkpt>
    <trkpt lat="45.847332" lon="7.029973"><ele>1941.8</ele></trkpt>
    <trkpt lat="45.847435" lon="7.030203"><ele>1943</ele></trkpt>
    <trkpt lat="45.847616" lon="7.030456"><ele>1943.4</ele></trkpt>
    <trkpt lat="45.847812" lon="7.030567"><ele>1944.7</ele></trkpt>
    <trkpt lat="45.847928" lon="7.030801"><ele>1947.1</ele></trkpt>
    <trkpt lat="45.84797" lon="7.031022"><ele>1949.5</ele></trkpt>
    <trkpt lat="45.848069" lon="7.031265"><ele>1951.4</ele></trkpt>
    <trkpt lat="45.848228" lon="7.031508"><ele>1952.6</ele></trkpt>
    <trkpt lat="45.8482" lon="7.031783"><ele>1954.8</ele></trkpt>
    <trkpt lat="45.848023" lon="7.031805"><ele>1957.3</ele></trkpt>
    <trkpt lat="45.847897" lon="7.031804"><ele>1959.3</ele></trkpt>
    <trkpt lat="45.847776" lon="7.031775"><ele>1961.7</ele></trkpt>
    <trkpt lat="45.847653" lon="7.031699"><ele>1964.3</ele></trkpt>
    <trkpt lat="45.84753" lon="7.031629"><ele>1967.4</ele></trkpt>
    <trkpt lat="45.84742" lon="7.031622"><ele>1970</ele></trkpt>
    <trkpt lat="45.847367" lon="7.031704"><ele>1972.3</ele></trkpt>
    <trkpt lat="45.847322" lon="7.031743"><ele>1974.3</ele></trkpt>
    <trkpt lat="45.847225" lon="7.031733"><ele>1976.7</ele></trkpt>
    <trkpt lat="45.847235" lon="7.03185"><ele>1979.1</ele></trkpt>
    <trkpt lat="45.847205" lon="7.031951"><ele>1981.5</ele></trkpt>
    <trkpt lat="45.847104" lon="7.03197"><ele>1984.3</ele></trkpt>
    <trkpt lat="45.847074" lon="7.032069"><ele>1986.9</ele></trkpt>
    <trkpt lat="45.847125" lon="7.032183"><ele>1989.7</ele></trkpt>
    <trkpt lat="45.847131" lon="7.0323"><ele>1992.3</ele></trkpt>
    <trkpt lat="45.84712" lon="7.0324"><ele>1994.4</ele></trkpt>
    <trkpt lat="45.847088" lon="7.03253"><ele>1997</ele></trkpt>
    <trkpt lat="45.847036" lon="7.032624"><ele>1999.2</ele></trkpt>
    <trkpt lat="45.846983" lon="7.032702"><ele>2001.3</ele></trkpt>
    <trkpt lat="45.846982" lon="7.032837"><ele>2004</ele></trkpt>
    <trkpt lat="45.846934" lon="7.032959"><ele>2006.6</ele></trkpt>
    <trkpt lat="45.846846" lon="7.033016"><ele>2009</ele></trkpt>
    <trkpt lat="45.846794" lon="7.033124"><ele>2011.6</ele></trkpt>
    <trkpt lat="45.846781" lon="7.033378"><ele>2014.9</ele></trkpt>
    <trkpt lat="45.846783" lon="7.033362"><ele>2016.3</ele></trkpt>
    <trkpt lat="45.846708" lon="7.033327"><ele>2018.8</ele></trkpt>
    <trkpt lat="45.846637" lon="7.033449"><ele>2020.8</ele></trkpt>
    <trkpt lat="45.846604" lon="7.033567"><ele>2022</ele></trkpt>
    <trkpt lat="45.846601" lon="7.033743"><ele>2023.5</ele></trkpt>
    <trkpt lat="45.846625" lon="7.033941"><ele>2025.7</ele></trkpt>
    <trkpt lat="45.84659" lon="7.034142"><ele>2028.2</ele></trkpt>
    <trkpt lat="45.846519" lon="7.034343"><ele>2030.5</ele></trkpt>
    <trkpt lat="45.846482" lon="7.034548"><ele>2032.7</ele></trkpt>
    <trkpt lat="45.846416" lon="7.034764"><ele>2034.8</ele></trkpt>
    <trkpt lat="45.846372" lon="7.03501"><ele>2037</ele></trkpt>
    <trkpt lat="45.846296" lon="7.035281"><ele>2038.2</ele></trkpt>
    <trkpt lat="45.846268" lon="7.035638"><ele>2037.8</ele></trkpt>
    <trkpt lat="45.846318" lon="7.03604"><ele>2034.6</ele></trkpt>
    <trkpt lat="45.846291" lon="7.036427"><ele>2030.6</ele></trkpt>
    <trkpt lat="45.846557" lon="7.03657"><ele>2028</ele></trkpt>
    <trkpt lat="45.846892" lon="7.036655"><ele>2025.9</ele></trkpt>
    <trkpt lat="45.847105" lon="7.036892"><ele>2024.8</ele></trkpt>
    <trkpt lat="45.8472" lon="7.037245"><ele>2023.7</ele></trkpt>
    <trkpt lat="45.84744" lon="7.037214"><ele>2023.4</ele></trkpt>
    <trkpt lat="45.847685" lon="7.037466"><ele>2021.8</ele></trkpt>
    <trkpt lat="45.847871" lon="7.037783"><ele>2019.3</ele></trkpt>
    <trkpt lat="45.84809" lon="7.037743"><ele>2017</ele></trkpt>
    <trkpt lat="45.848372" lon="7.037512"><ele>2014.5</ele></trkpt>
    <trkpt lat="45.848666" lon="7.037227"><ele>2010.5</ele></trkpt>
    <trkpt lat="45.848905" lon="7.036872"><ele>2007.2</ele></trkpt>
    <trkpt lat="45.849144" lon="7.036501"><ele>2003.1</ele></trkpt>
    <trkpt lat="45.849426" lon="7.036339"><ele>2001.9</ele></trkpt>
    <trkpt lat="45.849639" lon="7.036646"><ele>1999.5</ele></trkpt>
    <trkpt lat="45.849734" lon="7.03704"><ele>1997.3</ele></trkpt>
    <trkpt lat="45.849934" lon="7.037157"><ele>1999.7</ele></trkpt>
    <trkpt lat="45.850091" lon="7.03725"><ele>2002.4</ele></trkpt>
    <trkpt lat="45.850291" lon="7.03734"><ele>2004.9</ele></trkpt>
    <trkpt lat="45.850512" lon="7.037505"><ele>2006.2</ele></trkpt>
    <trkpt lat="45.850701" lon="7.037662"><ele>2007.9</ele></trkpt>
    <trkpt lat="45.850918" lon="7.037757"><ele>2009.7</ele></trkpt>
    <trkpt lat="45.851108" lon="7.037834"><ele>2011.6</ele></trkpt>
    <trkpt lat="45.851305" lon="7.037931"><ele>2013.7</ele></trkpt>
    <trkpt lat="45.85149" lon="7.037992"><ele>2015.7</ele></trkpt>
    <trkpt lat="45.851671" lon="7.038016"><ele>2017.8</ele></trkpt>
    <trkpt lat="45.851848" lon="7.038083"><ele>2019.8</ele></trkpt>
    <trkpt lat="45.85203" lon="7.03817"><ele>2022.3</ele></trkpt>
    <trkpt lat="45.852221" lon="7.038233"><ele>2024.5</ele></trkpt>
    <trkpt lat="45.852415" lon="7.038302"><ele>2026.1</ele></trkpt>
    <trkpt lat="45.852603" lon="7.038325"><ele>2028.2</ele></trkpt>
    <trkpt lat="45.852754" lon="7.038368"><ele>2030.7</ele></trkpt>
    <trkpt lat="45.852894" lon="7.038386"><ele>2033.1</ele></trkpt>
    <trkpt lat="45.853037" lon="7.038429"><ele>2035.9</ele></trkpt>
    <trkpt lat="45.853175" lon="7.038476"><ele>2038.8</ele></trkpt>
    <trkpt lat="45.853308" lon="7.038521"><ele>2041.5</ele></trkpt>
    <trkpt lat="45.853433" lon="7.038554"><ele>2044</ele></trkpt>
    <trkpt lat="45.853581" lon="7.038629"><ele>2046.2</ele></trkpt>
    <trkpt lat="45.853789" lon="7.038646"><ele>2047.6</ele></trkpt>
    <trkpt lat="45.853961" lon="7.038687"><ele>2049.4</ele></trkpt>
    <trkpt lat="45.854112" lon="7.038733"><ele>2052</ele></trkpt>
    <trkpt lat="45.85424" lon="7.038772"><ele>2054.6</ele></trkpt>
    <trkpt lat="45.854398" lon="7.038769"><ele>2057.2</ele></trkpt>
    <trkpt lat="45.854623" lon="7.038806"><ele>2058.3</ele></trkpt>
    <trkpt lat="45.854873" lon="7.039002"><ele>2057.9</ele></trkpt>
    <trkpt lat="45.855074" lon="7.039289"><ele>2057.8</ele></trkpt>
    <trkpt lat="45.855279" lon="7.039597"><ele>2056.9</ele></trkpt>
    <trkpt lat="45.855534" lon="7.039889"><ele>2054.2</ele></trkpt>
    <trkpt lat="45.85576" lon="7.040218"><ele>2049.5</ele></trkpt>
    <trkpt lat="45.856002" lon="7.040538"><ele>2043.4</ele></trkpt>
    <trkpt lat="45.856231" lon="7.040902"><ele>2038.2</ele></trkpt>
    <trkpt lat="45.856463" lon="7.041264"><ele>2034.5</ele></trkpt>
    <trkpt lat="45.856583" lon="7.04173"><ele>2029.8</ele></trkpt>
    <trkpt lat="45.856643" lon="7.04213"><ele>2029</ele></trkpt>
    <trkpt lat="45.856726" lon="7.04252"><ele>2029.3</ele></trkpt>
    <trkpt lat="45.856867" lon="7.042873"><ele>2029.7</ele></trkpt>
    <trkpt lat="45.857021" lon="7.043157"><ele>2030.6</ele></trkpt>
    <trkpt lat="45.857151" lon="7.04353"><ele>2031.2</ele></trkpt>
    <trkpt lat="45.857288" lon="7.043809"><ele>2032.6</ele></trkpt>
    <trkpt lat="45.857407" lon="7.044075"><ele>2033.9</ele></trkpt>
    <trkpt lat="45.857534" lon="7.04432"><ele>2035.3</ele></trkpt>
    <trkpt lat="45.857696" lon="7.044505"><ele>2036.8</ele></trkpt>
    <trkpt lat="45.857829" lon="7.044662"><ele>2038.2</ele></trkpt>
    <trkpt lat="45.85797" lon="7.04483"><ele>2039.2</ele></trkpt>
    <trkpt lat="45.858115" lon="7.044965"><ele>2040.9</ele></trkpt>
    <trkpt lat="45.858266" lon="7.045162"><ele>2042.8</ele></trkpt>
    <trkpt lat="45.858452" lon="7.045349"><ele>2044.3</ele></trkpt>
    <trkpt lat="45.85863" lon="7.045556"><ele>2045.5</ele></trkpt>
    <trkpt lat="45.858828" lon="7.045738"><ele>2046.5</ele></trkpt>
    <trkpt lat="45.859016" lon="7.045904"><ele>2048</ele></trkpt>
    <trkpt lat="45.859139" lon="7.046129"><ele>2049.6</ele></trkpt>
    <trkpt lat="45.859172" lon="7.046369"><ele>2049.5</ele></trkpt>
    <trkpt lat="45.859367" lon="7.046474"><ele>2050.1</ele></trkpt>
    <trkpt lat="45.859575" lon="7.046619"><ele>2050.4</ele></trkpt>
    <trkpt lat="45.859804" lon="7.046744"><ele>2051.7</ele></trkpt>
    <trkpt lat="45.86008" lon="7.046934"><ele>2050.1</ele></trkpt>
    <trkpt lat="45.860384" lon="7.047158"><ele>2045.4</ele></trkpt>
    <trkpt lat="45.860652" lon="7.047428"><ele>2043.7</ele></trkpt>
    <trkpt lat="45.860935" lon="7.047736"><ele>2040</ele></trkpt>
    <trkpt lat="45.861215" lon="7.048004"><ele>2038</ele></trkpt>
    <trkpt lat="45.861497" lon="7.048279"><ele>2036</ele></trkpt>
    <trkpt lat="45.861751" lon="7.048539"><ele>2034.7</ele></trkpt>
    <trkpt lat="45.861998" lon="7.048821"><ele>2033.7</ele></trkpt>
    <trkpt lat="45.862228" lon="7.049119"><ele>2033.2</ele></trkpt>
    <trkpt lat="45.862345" lon="7.049396"><ele>2035.1</ele></trkpt>
    <trkpt lat="45.862398" lon="7.049625"><ele>2037.8</ele></trkpt>
    <trkpt lat="45.86246" lon="7.049864"><ele>2040.2</ele></trkpt>
    <trkpt lat="45.862552" lon="7.050146"><ele>2042.1</ele></trkpt>
    <trkpt lat="45.862651" lon="7.05042"><ele>2043.9</ele></trkpt>
    <trkpt lat="45.862725" lon="7.050691"><ele>2045.3</ele></trkpt>
    <trkpt lat="45.862835" lon="7.051022"><ele>2045.8</ele></trkpt>
    <trkpt lat="45.862963" lon="7.051348"><ele>2045.7</ele></trkpt>
    <trkpt lat="45.863144" lon="7.051638"><ele>2045.5</ele></trkpt>
    <trkpt lat="45.86324" lon="7.051962"><ele>2045.2</ele></trkpt>
    <trkpt lat="45.863464" lon="7.052289"><ele>2042.6</ele></trkpt>
    <trkpt lat="45.863647" lon="7.052652"><ele>2041.8</ele></trkpt>
    <trkpt lat="45.863767" lon="7.052995"><ele>2041.5</ele></trkpt>
    <trkpt lat="45.863876" lon="7.053429"><ele>2037.3</ele></trkpt>
    <trkpt lat="45.863775" lon="7.053898"><ele>2036</ele></trkpt>
    <trkpt lat="45.863764" lon="7.054219"><ele>2037.5</ele></trkpt>
    <trkpt lat="45.863837" lon="7.054604"><ele>2037.7</ele></trkpt>
    <trkpt lat="45.863917" lon="7.054911"><ele>2040.6</ele></trkpt>
    <trkpt lat="45.863961" lon="7.055082"><ele>2042.6</ele></trkpt>
    <trkpt lat="45.863999" lon="7.055354"><ele>2042.5</ele></trkpt>
    <trkpt lat="45.864049" lon="7.0557"><ele>2037.3</ele></trkpt>
    <trkpt lat="45.864169" lon="7.056046"><ele>2033.6</ele></trkpt>
    <trkpt lat="45.864403" lon="7.056268"><ele>2032.3</ele></trkpt>
    <trkpt lat="45.864564" lon="7.056537"><ele>2030.7</ele></trkpt>
    <trkpt lat="45.864622" lon="7.05676"><ele>2029.4</ele></trkpt>
    <trkpt lat="45.864772" lon="7.056874"><ele>2025.8</ele></trkpt>
    <trkpt lat="45.86505" lon="7.056863"><ele>2024</ele></trkpt>
    <trkpt lat="45.865261" lon="7.056885"><ele>2023.4</ele></trkpt>
    <trkpt lat="45.865472" lon="7.056936"><ele>2024.7</ele></trkpt>
    <trkpt lat="45.865705" lon="7.057224"><ele>2023</ele></trkpt>
    <trkpt lat="45.865914" lon="7.05742"><ele>2020.7</ele></trkpt>
    <trkpt lat="45.866059" lon="7.057109"><ele>2020.5</ele></trkpt>
    <trkpt lat="45.866291" lon="7.057029"><ele>2021.1</ele></trkpt>
    <trkpt lat="45.866586" lon="7.057107"><ele>2020</ele></trkpt>
    <trkpt lat="45.866879" lon="7.057261"><ele>2018.2</ele></trkpt>
    <trkpt lat="45.867211" lon="7.057263"><ele>2016.8</ele></trkpt>
    <trkpt lat="45.867449" lon="7.057271"><ele>2018.2</ele></trkpt>
    <trkpt lat="45.867662" lon="7.057513"><ele>2018.3</ele></trkpt>
    <trkpt lat="45.867922" lon="7.057773"><ele>2015.7</ele></trkpt>
    <trkpt lat="45.868192" lon="7.057952"><ele>2013.7</ele></trkpt>
    <trkpt lat="45.868469" lon="7.058091"><ele>2012.8</ele></trkpt>
    <trkpt lat="45.868767" lon="7.058255"><ele>2009</ele></trkpt>
    <trkpt lat="45.869057" lon="7.058436"><ele>2004.1</ele></trkpt>
    <trkpt lat="45.869366" lon="7.058549"><ele>1999.9</ele></trkpt>
    <trkpt lat="45.869622" lon="7.058683"><ele>1993.7</ele></trkpt>
    <trkpt lat="45.869511" lon="7.058399"><ele>1991.7</ele></trkpt>
    <trkpt lat="45.869222" lon="7.058097"><ele>1989.6</ele></trkpt>
    <trkpt lat="45.868993" lon="7.05784"><ele>1988.2</ele></trkpt>
    <trkpt lat="45.868768" lon="7.057525"><ele>1984.1</ele></trkpt>
    <trkpt lat="45.868575" lon="7.057189"><ele>1977.7</ele></trkpt>
    <trkpt lat="45.868409" lon="7.056851"><ele>1974.4</ele></trkpt>
    <trkpt lat="45.868345" lon="7.056426"><ele>1968.4</ele></trkpt>
    <trkpt lat="45.868206" lon="7.056024"><ele>1960.2</ele></trkpt>
    <trkpt lat="45.867961" lon="7.055743"><ele>1952.8</ele></trkpt>
    <trkpt lat="45.867713" lon="7.055408"><ele>1946.7</ele></trkpt>
    <trkpt lat="45.867507" lon="7.055056"><ele>1939.9</ele></trkpt>
    <trkpt lat="45.867637" lon="7.054922"><ele>1934.2</ele></trkpt>
    <trkpt lat="45.867656" lon="7.054621"><ele>1928.9</ele></trkpt>
    <trkpt lat="45.867905" lon="7.054651"><ele>1921.6</ele></trkpt>
    <trkpt lat="45.868215" lon="7.054825"><ele>1915.3</ele></trkpt>
    <trkpt lat="45.868528" lon="7.054929"><ele>1914.3</ele></trkpt>
    <trkpt lat="45.868803" lon="7.055052"><ele>1910.8</ele></trkpt>
    <trkpt lat="45.869091" lon="7.055226"><ele>1904.8</ele></trkpt>
    <trkpt lat="45.869404" lon="7.055501"><ele>1900.5</ele></trkpt>
    <trkpt lat="45.869686" lon="7.055633"><ele>1896.9</ele></trkpt>
    <trkpt lat="45.869988" lon="7.055804"><ele>1892.3</ele></trkpt>
    <trkpt lat="45.870113" lon="7.055753"><ele>1887</ele></trkpt>
    <trkpt lat="45.869934" lon="7.055409"><ele>1878.6</ele></trkpt>
    <trkpt lat="45.869912" lon="7.055116"><ele>1871</ele></trkpt>
    <trkpt lat="45.870084" lon="7.055053"><ele>1864.5</ele></trkpt>
    <trkpt lat="45.869952" lon="7.054764"><ele>1856.5</ele></trkpt>
    <trkpt lat="45.869904" lon="7.054414"><ele>1849.7</ele></trkpt>
    <trkpt lat="45.870134" lon="7.054524"><ele>1843.4</ele></trkpt>
    <trkpt lat="45.870435" lon="7.054772"><ele>1838.4</ele></trkpt>
    <trkpt lat="45.870735" lon="7.055085"><ele>1832.3</ele></trkpt>
    <trkpt lat="45.870876" lon="7.055123"><ele>1826.1</ele></trkpt>
    <trkpt lat="45.870887" lon="7.054846"><ele>1820.5</ele></trkpt>
    <trkpt lat="45.870896" lon="7.054655"><ele>1815.4</ele></trkpt>
    <trkpt lat="45.870681" lon="7.05428"><ele>1806.6</ele></trkpt>
    <trkpt lat="45.870722" lon="7.054048"><ele>1800.6</ele></trkpt>
    <trkpt lat="45.87091" lon="7.053931"><ele>1793.2</ele></trkpt>
    <trkpt lat="45.870841" lon="7.053662"><ele>1786.8</ele></trkpt>
    <trkpt lat="45.870988" lon="7.053638"><ele>1783.5</ele></trkpt>
    <trkpt lat="45.87125" lon="7.05389"><ele>1781.3</ele></trkpt>
    <trkpt lat="45.871472" lon="7.053924"><ele>1775.8</ele></trkpt>
    <trkpt lat="45.871545" lon="7.053616"><ele>1772.3</ele></trkpt>
    <trkpt lat="45.871272" lon="7.05334"><ele>1771.6</ele></trkpt>
    <trkpt lat="45.871265" lon="7.053035"><ele>1771.1</ele></trkpt>
    <trkpt lat="45.871336" lon="7.053265"><ele>1771.4</ele></trkpt>
    <trkpt lat="45.871491" lon="7.053569"><ele>1772.2</ele></trkpt>
    <trkpt lat="45.871704" lon="7.05383"><ele>1773.3</ele></trkpt>
    <trkpt lat="45.871857" lon="7.054131"><ele>1774.3</ele></trkpt>
    <trkpt lat="45.872002" lon="7.054423"><ele>1775.2</ele></trkpt>
    <trkpt lat="45.872069" lon="7.054711"><ele>1776.2</ele></trkpt>
    <trkpt lat="45.872224" lon="7.054836"><ele>1777.4</ele></trkpt>
    <trkpt lat="45.872436" lon="7.054766"><ele>1779.5</ele></trkpt>
    <trkpt lat="45.872515" lon="7.05487"><ele>1779.6</ele></trkpt>
    <trkpt lat="45.87256" lon="7.054991"><ele>1779.5</ele></trkpt>
    <trkpt lat="45.872625" lon="7.055125"><ele>1782.2</ele></trkpt>
    <trkpt lat="45.87269" lon="7.055278"><ele>1784.8</ele></trkpt>
    <trkpt lat="45.872762" lon="7.055398"><ele>1786.7</ele></trkpt>
    <trkpt lat="45.87285" lon="7.055495"><ele>1788.9</ele></trkpt>
    <trkpt lat="45.872826" lon="7.055544"><ele>1790.5</ele></trkpt>
    <trkpt lat="45.872756" lon="7.055618"><ele>1792.8</ele></trkpt>
    <trkpt lat="45.872816" lon="7.05572"><ele>1795.7</ele></trkpt>
    <trkpt lat="45.872886" lon="7.05584"><ele>1798.4</ele></trkpt>
    <trkpt lat="45.872917" lon="7.055998"><ele>1800.9</ele></trkpt>
    <trkpt lat="45.872949" lon="7.056163"><ele>1803.4</ele></trkpt>
    <trkpt lat="45.872972" lon="7.056259"><ele>1805.2</ele></trkpt>
    <trkpt lat="45.873028" lon="7.056374"><ele>1808.1</ele></trkpt>
    <trkpt lat="45.873051" lon="7.056481"><ele>1810.3</ele></trkpt>
    <trkpt lat="45.873064" lon="7.056572"><ele>1812.2</ele></trkpt>
    <trkpt lat="45.873112" lon="7.056664"><ele>1814.6</ele></trkpt>
    <trkpt lat="45.873203" lon="7.056674"><ele>1817.9</ele></trkpt>
    <trkpt lat="45.873315" lon="7.056677"><ele>1820.9</ele></trkpt>
    <trkpt lat="45.873381" lon="7.056724"><ele>1822.8</ele></trkpt>
    <trkpt lat="45.87339" lon="7.056761"><ele>1824</ele></trkpt>
    <trkpt lat="45.873397" lon="7.056843"><ele>1826</ele></trkpt>
    <trkpt lat="45.873448" lon="7.056915"><ele>1828.3</ele></trkpt>
    <trkpt lat="45.873522" lon="7.056977"><ele>1831.3</ele></trkpt>
    <trkpt lat="45.873622" lon="7.05701"><ele>1834.5</ele></trkpt>
    <trkpt lat="45.873641" lon="7.057087"><ele>1836.3</ele></trkpt>
    <trkpt lat="45.873694" lon="7.057152"><ele>1838.3</ele></trkpt>
    <trkpt lat="45.873771" lon="7.057157"><ele>1840.5</ele></trkpt>
    <trkpt lat="45.873855" lon="7.057154"><ele>1843.3</ele></trkpt>
    <trkpt lat="45.874015" lon="7.057068"><ele>1848.2</ele></trkpt>
    <trkpt lat="45.874123" lon="7.057155"><ele>1850.7</ele></trkpt>
    <trkpt lat="45.874237" lon="7.057267"><ele>1853.3</ele></trkpt>
    <trkpt lat="45.874362" lon="7.057382"><ele>1855.8</ele></trkpt>
    <trkpt lat="45.874457" lon="7.057474"><ele>1857.7</ele></trkpt>
    <trkpt lat="45.874547" lon="7.057556"><ele>1859.7</ele></trkpt>
    <trkpt lat="45.87463" lon="7.057665"><ele>1862</ele></trkpt>
    <trkpt lat="45.874695" lon="7.057758"><ele>1864.1</ele></trkpt>
    <trkpt lat="45.874739" lon="7.057838"><ele>1866.2</ele></trkpt>
    <trkpt lat="45.874748" lon="7.057938"><ele>1868.6</ele></trkpt>
    <trkpt lat="45.87478" lon="7.058038"><ele>1871.4</ele></trkpt>
    <trkpt lat="45.874841" lon="7.058147"><ele>1874.9</ele></trkpt>
    <trkpt lat="45.874811" lon="7.058198"><ele>1877.1</ele></trkpt>
    <trkpt lat="45.874862" lon="7.058346"><ele>1880.4</ele></trkpt>
    <trkpt lat="45.874944" lon="7.058472"><ele>1883.2</ele></trkpt>
    <trkpt lat="45.87507" lon="7.058527"><ele>1885.9</ele></trkpt>
    <trkpt lat="45.875174" lon="7.058621"><ele>1888.1</ele></trkpt>
    <trkpt lat="45.875291" lon="7.058678"><ele>1890.1</ele></trkpt>
    <trkpt lat="45.875398" lon="7.05868"><ele>1892.5</ele></trkpt>
    <trkpt lat="45.875542" lon="7.058684"><ele>1895.8</ele></trkpt>
    <trkpt lat="45.87562" lon="7.058704"><ele>1897.7</ele></trkpt>
    <trkpt lat="45.875674" lon="7.058744"><ele>1899.6</ele></trkpt>
    <trkpt lat="45.87573" lon="7.058806"><ele>1902.2</ele></trkpt>
    <trkpt lat="45.875751" lon="7.058887"><ele>1904.4</ele></trkpt>
    <trkpt lat="45.875783" lon="7.058973"><ele>1907</ele></trkpt>
    <trkpt lat="45.875839" lon="7.059076"><ele>1910.1</ele></trkpt>
    <trkpt lat="45.875893" lon="7.059162"><ele>1912.8</ele></trkpt>
    <trkpt lat="45.875893" lon="7.059265"><ele>1915.2</ele></trkpt>
    <trkpt lat="45.875926" lon="7.059338"><ele>1917.2</ele></trkpt>
    <trkpt lat="45.876031" lon="7.059382"><ele>1920.9</ele></trkpt>
    <trkpt lat="45.876132" lon="7.059436"><ele>1924</ele></trkpt>
    <trkpt lat="45.876244" lon="7.059531"><ele>1926.7</ele></trkpt>
    <trkpt lat="45.876394" lon="7.059652"><ele>1928.9</ele></trkpt>
    <trkpt lat="45.876502" lon="7.059848"><ele>1930.5</ele></trkpt>
    <trkpt lat="45.876619" lon="7.060007"><ele>1932.4</ele></trkpt>
    <trkpt lat="45.876738" lon="7.060151"><ele>1934.7</ele></trkpt>
    <trkpt lat="45.876898" lon="7.060241"><ele>1937</ele></trkpt>
    <trkpt lat="45.877055" lon="7.060363"><ele>1939.3</ele></trkpt>
    <trkpt lat="45.877164" lon="7.060577"><ele>1940.8</ele></trkpt>
    <trkpt lat="45.87728" lon="7.060774"><ele>1942.4</ele></trkpt>
    <trkpt lat="45.877475" lon="7.060933"><ele>1944.1</ele></trkpt>
    <trkpt lat="45.877678" lon="7.061041"><ele>1945.8</ele></trkpt>
    <trkpt lat="45.877818" lon="7.061232"><ele>1946.8</ele></trkpt>
    <trkpt lat="45.878006" lon="7.061385"><ele>1947.9</ele></trkpt>
    <trkpt lat="45.878033" lon="7.061686"><ele>1948.7</ele></trkpt>
    <trkpt lat="45.878076" lon="7.061875"><ele>1950.5</ele></trkpt>
    <trkpt lat="45.878297" lon="7.061833"><ele>1952</ele></trkpt>
    <trkpt lat="45.878519" lon="7.061962"><ele>1952.2</ele></trkpt>
    <trkpt lat="45.878692" lon="7.062119"><ele>1953.2</ele></trkpt>
    <trkpt lat="45.878916" lon="7.06225"><ele>1953.9</ele></trkpt>
    <trkpt lat="45.879008" lon="7.062448"><ele>1955</ele></trkpt>
    <trkpt lat="45.879228" lon="7.062578"><ele>1956.3</ele></trkpt>
    <trkpt lat="45.879393" lon="7.062808"><ele>1957.1</ele></trkpt>
    <trkpt lat="45.879637" lon="7.062829"><ele>1958.2</ele></trkpt>
    <trkpt lat="45.879807" lon="7.063056"><ele>1959.3</ele></trkpt>
    <trkpt lat="45.880012" lon="7.063254"><ele>1960.6</ele></trkpt>
    <trkpt lat="45.880205" lon="7.063428"><ele>1961.9</ele></trkpt>
    <trkpt lat="45.880348" lon="7.063638"><ele>1962.4</ele></trkpt>
    <trkpt lat="45.880458" lon="7.063715"><ele>1963.4</ele></trkpt>
    <trkpt lat="45.880632" lon="7.06377"><ele>1965.1</ele></trkpt>
    <trkpt lat="45.880895" lon="7.063821"><ele>1966.1</ele></trkpt>
    <trkpt lat="45.881108" lon="7.06392"><ele>1966.8</ele></trkpt>
    <trkpt lat="45.881229" lon="7.064028"><ele>1968.5</ele></trkpt>
    <trkpt lat="45.88137" lon="7.064116"><ele>1971</ele></trkpt>
    <trkpt lat="45.881526" lon="7.064258"><ele>1973.5</ele></trkpt>
    <trkpt lat="45.88168" lon="7.064288"><ele>1974.9</ele></trkpt>
    <trkpt lat="45.881775" lon="7.064334"><ele>1977.3</ele></trkpt>
    <trkpt lat="45.881837" lon="7.064376"><ele>1979.4</ele></trkpt>
    <trkpt lat="45.881888" lon="7.064426"><ele>1981.5</ele></trkpt>
    <trkpt lat="45.881967" lon="7.064476"><ele>1984.5</ele></trkpt>
    <trkpt lat="45.882057" lon="7.064525"><ele>1987.4</ele></trkpt>
    <trkpt lat="45.882173" lon="7.064616"><ele>1990.5</ele></trkpt>
    <trkpt lat="45.882269" lon="7.064681"><ele>1992.7</ele></trkpt>
    <trkpt lat="45.882351" lon="7.064803"><ele>1995.4</ele></trkpt>
    <trkpt lat="45.882403" lon="7.064867"><ele>1997.4</ele></trkpt>
    <trkpt lat="45.882459" lon="7.064923"><ele>1999.7</ele></trkpt>
    <trkpt lat="45.882522" lon="7.064872"><ele>2002.7</ele></trkpt>
    <trkpt lat="45.88254" lon="7.064755"><ele>2006</ele></trkpt>
    <trkpt lat="45.882505" lon="7.064649"><ele>2008.6</ele></trkpt>
    <trkpt lat="45.882564" lon="7.064653"><ele>2010.7</ele></trkpt>
    <trkpt lat="45.882693" lon="7.064709"><ele>2013.3</ele></trkpt>
    <trkpt lat="45.882796" lon="7.064781"><ele>2015.2</ele></trkpt>
    <trkpt lat="45.882891" lon="7.064858"><ele>2017.1</ele></trkpt>
    <trkpt lat="45.883029" lon="7.064945"><ele>2019.3</ele></trkpt>
    <trkpt lat="45.883108" lon="7.065062"><ele>2020.9</ele></trkpt>
    <trkpt lat="45.883204" lon="7.065153"><ele>2022.8</ele></trkpt>
    <trkpt lat="45.883296" lon="7.065192"><ele>2024.6</ele></trkpt>
    <trkpt lat="45.883377" lon="7.065287"><ele>2026.9</ele></trkpt>
    <trkpt lat="45.883483" lon="7.065372"><ele>2029.5</ele></trkpt>
    <trkpt lat="45.883598" lon="7.065491"><ele>2032.5</ele></trkpt>
    <trkpt lat="45.883685" lon="7.065606"><ele>2035.5</ele></trkpt>
    <trkpt lat="45.88378" lon="7.065712"><ele>2039.1</ele></trkpt>
    <trkpt lat="45.883903" lon="7.065826"><ele>2040.7</ele></trkpt>
    <trkpt lat="45.884048" lon="7.065978"><ele>2042.9</ele></trkpt>
    <trkpt lat="45.884165" lon="7.066182"><ele>2045.3</ele></trkpt>
    <trkpt lat="45.884284" lon="7.066382"><ele>2047.8</ele></trkpt>
    <trkpt lat="45.884395" lon="7.066541"><ele>2050.4</ele></trkpt>
    <trkpt lat="45.884508" lon="7.066699"><ele>2053.4</ele></trkpt>
    <trkpt lat="45.884623" lon="7.066819"><ele>2055.4</ele></trkpt>
    <trkpt lat="45.884735" lon="7.066945"><ele>2058.2</ele></trkpt>
    <trkpt lat="45.884816" lon="7.067058"><ele>2060.6</ele></trkpt>
    <trkpt lat="45.884875" lon="7.067158"><ele>2061.7</ele></trkpt>
    <trkpt lat="45.88492" lon="7.067292"><ele>2063.6</ele></trkpt>
    <trkpt lat="45.884925" lon="7.06741"><ele>2066.1</ele></trkpt>
    <trkpt lat="45.884919" lon="7.067546"><ele>2069.3</ele></trkpt>
    <trkpt lat="45.884891" lon="7.067669"><ele>2072.4</ele></trkpt>
    <trkpt lat="45.884839" lon="7.067743"><ele>2077.4</ele></trkpt>
    <trkpt lat="45.884773" lon="7.067782"><ele>2079.3</ele></trkpt>
    <trkpt lat="45.88471" lon="7.067839"><ele>2081.2</ele></trkpt>
    <trkpt lat="45.88463" lon="7.067897"><ele>2083.4</ele></trkpt>
    <trkpt lat="45.88454" lon="7.06797"><ele>2085.6</ele></trkpt>
    <trkpt lat="45.884429" lon="7.068004"><ele>2087.5</ele></trkpt>
    <trkpt lat="45.884291" lon="7.068048"><ele>2089.5</ele></trkpt>
    <trkpt lat="45.884178" lon="7.068088"><ele>2091.3</ele></trkpt>
    <trkpt lat="45.884041" lon="7.068102"><ele>2093.7</ele></trkpt>
    <trkpt lat="45.883931" lon="7.068113"><ele>2096.1</ele></trkpt>
    <trkpt lat="45.883828" lon="7.068095"><ele>2098.6</ele></trkpt>
    <trkpt lat="45.883728" lon="7.068105"><ele>2101</ele></trkpt>
    <trkpt lat="45.883638" lon="7.068116"><ele>2103.3</ele></trkpt>
    <trkpt lat="45.883547" lon="7.068119"><ele>2105.7</ele></trkpt>
    <trkpt lat="45.883428" lon="7.068093"><ele>2108.5</ele></trkpt>
    <trkpt lat="45.883299" lon="7.068058"><ele>2111.3</ele></trkpt>
    <trkpt lat="45.883193" lon="7.068052"><ele>2113.8</ele></trkpt>
    <trkpt lat="45.883178" lon="7.068127"><ele>2116</ele></trkpt>
    <trkpt lat="45.883234" lon="7.068232"><ele>2118.6</ele></trkpt>
    <trkpt lat="45.883317" lon="7.068317"><ele>2121.1</ele></trkpt>
    <trkpt lat="45.883402" lon="7.068439"><ele>2123.6</ele></trkpt>
    <trkpt lat="45.883487" lon="7.068523"><ele>2125.9</ele></trkpt>
    <trkpt lat="45.883555" lon="7.068594"><ele>2128.1</ele></trkpt>
    <trkpt lat="45.883497" lon="7.068603"><ele>2129.7</ele></trkpt>
    <trkpt lat="45.883417" lon="7.068575"><ele>2131.9</ele></trkpt>
    <trkpt lat="45.883327" lon="7.068566"><ele>2134.3</ele></trkpt>
    <trkpt lat="45.883231" lon="7.068547"><ele>2136.9</ele></trkpt>
    <trkpt lat="45.88312" lon="7.068556"><ele>2139.9</ele></trkpt>
    <trkpt lat="45.883076" lon="7.068626"><ele>2142</ele></trkpt>
    <trkpt lat="45.883121" lon="7.068755"><ele>2144.7</ele></trkpt>
    <trkpt lat="45.883189" lon="7.068858"><ele>2147.4</ele></trkpt>
    <trkpt lat="45.883249" lon="7.068946"><ele>2149.9</ele></trkpt>
    <trkpt lat="45.883313" lon="7.069032"><ele>2152.5</ele></trkpt>
    <trkpt lat="45.883409" lon="7.069104"><ele>2155.6</ele></trkpt>
    <trkpt lat="45.883492" lon="7.069189"><ele>2158.3</ele></trkpt>
    <trkpt lat="45.883598" lon="7.069271"><ele>2161.2</ele></trkpt>
    <trkpt lat="45.883689" lon="7.06931"><ele>2163.5</ele></trkpt>
    <trkpt lat="45.883744" lon="7.069391"><ele>2165.6</ele></trkpt>
    <trkpt lat="45.883804" lon="7.069469"><ele>2168.3</ele></trkpt>
    <trkpt lat="45.883873" lon="7.069522"><ele>2171</ele></trkpt>
    <trkpt lat="45.883963" lon="7.069601"><ele>2173.9</ele></trkpt>
    <trkpt lat="45.884037" lon="7.069699"><ele>2176.1</ele></trkpt>
    <trkpt lat="45.884102" lon="7.069744"><ele>2178</ele></trkpt>
    <trkpt lat="45.884159" lon="7.069764"><ele>2179.7</ele></trkpt>
    <trkpt lat="45.884207" lon="7.069821"><ele>2181.9</ele></trkpt>
    <trkpt lat="45.884122" lon="7.069876"><ele>2184.9</ele></trkpt>
    <trkpt lat="45.884045" lon="7.069949"><ele>2187.6</ele></trkpt>
    <trkpt lat="45.883966" lon="7.07003"><ele>2190.1</ele></trkpt>
    <trkpt lat="45.883876" lon="7.070082"><ele>2192.5</ele></trkpt>
    <trkpt lat="45.883717" lon="7.070151"><ele>2195.8</ele></trkpt>
    <trkpt lat="45.8835" lon="7.070291"><ele>2197.3</ele></trkpt>
    <trkpt lat="45.883326" lon="7.070409"><ele>2198.4</ele></trkpt>
    <trkpt lat="45.883235" lon="7.070463"><ele>2200</ele></trkpt>
    <trkpt lat="45.883188" lon="7.070572"><ele>2202.2</ele></trkpt>
    <trkpt lat="45.883165" lon="7.070683"><ele>2204.4</ele></trkpt>
    <trkpt lat="45.883217" lon="7.070744"><ele>2206.3</ele></trkpt>
    <trkpt lat="45.883289" lon="7.070813"><ele>2209</ele></trkpt>
    <trkpt lat="45.883363" lon="7.070846"><ele>2211.3</ele></trkpt>
    <trkpt lat="45.883462" lon="7.070879"><ele>2214.2</ele></trkpt>
    <trkpt lat="45.883541" lon="7.070938"><ele>2216.9</ele></trkpt>
    <trkpt lat="45.883542" lon="7.07105"><ele>2219.4</ele></trkpt>
    <trkpt lat="45.883502" lon="7.071171"><ele>2221.8</ele></trkpt>
    <trkpt lat="45.883481" lon="7.071301"><ele>2224.1</ele></trkpt>
    <trkpt lat="45.883495" lon="7.071435"><ele>2226.5</ele></trkpt>
    <trkpt lat="45.883505" lon="7.071547"><ele>2228.8</ele></trkpt>
    <trkpt lat="45.883499" lon="7.071682"><ele>2231.5</ele></trkpt>
    <trkpt lat="45.88346" lon="7.071827"><ele>2234.5</ele></trkpt>
    <trkpt lat="45.883421" lon="7.071949"><ele>2236.9</ele></trkpt>
    <trkpt lat="45.883375" lon="7.072053"><ele>2239.3</ele></trkpt>
    <trkpt lat="45.883357" lon="7.072202"><ele>2242.3</ele></trkpt>
    <trkpt lat="45.883357" lon="7.072253"><ele>2243.3</ele></trkpt>
    <trkpt lat="45.883363" lon="7.072297"><ele>2244.1</ele></trkpt>
    <trkpt lat="45.883209" lon="7.072276"><ele>2247</ele></trkpt>
    <trkpt lat="45.883146" lon="7.072456"><ele>2248.8</ele></trkpt>
    <trkpt lat="45.883088" lon="7.07258"><ele>2250.7</ele></trkpt>
    <trkpt lat="45.883028" lon="7.072747"><ele>2253</ele></trkpt>
    <trkpt lat="45.882921" lon="7.072874"><ele>2255.5</ele></trkpt>
    <trkpt lat="45.882899" lon="7.072998"><ele>2257.6</ele></trkpt>
    <trkpt lat="45.882903" lon="7.073151"><ele>2260.4</ele></trkpt>
    <trkpt lat="45.882854" lon="7.073269"><ele>2263.2</ele></trkpt>
    <trkpt lat="45.882832" lon="7.073366"><ele>2265.4</ele></trkpt>
    <trkpt lat="45.882777" lon="7.073464"><ele>2268</ele></trkpt>
    <trkpt lat="45.882827" lon="7.073564"><ele>2270.5</ele></trkpt>
    <trkpt lat="45.882823" lon="7.073651"><ele>2272.7</ele></trkpt>
    <trkpt lat="45.882755" lon="7.073749"><ele>2275.4</ele></trkpt>
    <trkpt lat="45.882724" lon="7.073859"><ele>2277.7</ele></trkpt>
    <trkpt lat="45.882699" lon="7.07398"><ele>2280.2</ele></trkpt>
    <trkpt lat="45.882724" lon="7.074089"><ele>2282.7</ele></trkpt>
    <trkpt lat="45.882758" lon="7.074178"><ele>2284.8</ele></trkpt>
    <trkpt lat="45.882735" lon="7.074231"><ele>2286.9</ele></trkpt>
    <trkpt lat="45.882547" lon="7.07429"><ele>2289.8</ele></trkpt>
    <trkpt lat="45.882484" lon="7.074597"><ele>2290.8</ele></trkpt>
    <trkpt lat="45.882478" lon="7.074852"><ele>2292.1</ele></trkpt>
    <trkpt lat="45.882437" lon="7.074985"><ele>2293.7</ele></trkpt>
    <trkpt lat="45.882426" lon="7.075125"><ele>2295.8</ele></trkpt>
    <trkpt lat="45.882464" lon="7.075253"><ele>2298.5</ele></trkpt>
    <trkpt lat="45.882416" lon="7.075347"><ele>2300.9</ele></trkpt>
    <trkpt lat="45.882411" lon="7.075499"><ele>2304.7</ele></trkpt>
    <trkpt lat="45.882479" lon="7.075479"><ele>2306.7</ele></trkpt>
    <trkpt lat="45.882538" lon="7.075487"><ele>2309</ele></trkpt>
    <trkpt lat="45.882527" lon="7.075607"><ele>2311.6</ele></trkpt>
    <trkpt lat="45.882557" lon="7.075722"><ele>2314.5</ele></trkpt>
    <trkpt lat="45.882607" lon="7.075812"><ele>2317.3</ele></trkpt>
    <trkpt lat="45.882662" lon="7.075758"><ele>2319.8</ele></trkpt>
    <trkpt lat="45.882741" lon="7.075704"><ele>2322.6</ele></trkpt>
    <trkpt lat="45.882812" lon="7.075644"><ele>2325</ele></trkpt>
    <trkpt lat="45.882895" lon="7.075566"><ele>2327.7</ele></trkpt>
    <trkpt lat="45.882971" lon="7.07549"><ele>2330.4</ele></trkpt>
    <trkpt lat="45.883036" lon="7.075425"><ele>2332.9</ele></trkpt>
    <trkpt lat="45.883086" lon="7.075342"><ele>2335.5</ele></trkpt>
    <trkpt lat="45.883168" lon="7.075341"><ele>2338.1</ele></trkpt>
    <trkpt lat="45.883266" lon="7.075272"><ele>2341.4</ele></trkpt>
    <trkpt lat="45.883328" lon="7.075279"><ele>2343.8</ele></trkpt>
    <trkpt lat="45.883324" lon="7.075344"><ele>2345.8</ele></trkpt>
    <trkpt lat="45.883361" lon="7.075404"><ele>2347.9</ele></trkpt>
    <trkpt lat="45.88338" lon="7.075446"><ele>2349.2</ele></trkpt>
    <trkpt lat="45.88337" lon="7.075536"><ele>2351.7</ele></trkpt>
    <trkpt lat="45.883333" lon="7.075659"><ele>2354.5</ele></trkpt>
    <trkpt lat="45.883289" lon="7.075703"><ele>2356.2</ele></trkpt>
    <trkpt lat="45.883298" lon="7.075756"><ele>2357.3</ele></trkpt>
    <trkpt lat="45.883291" lon="7.075834"><ele>2359</ele></trkpt>
    <trkpt lat="45.883304" lon="7.076005"><ele>2363.1</ele></trkpt>
    <trkpt lat="45.883353" lon="7.07611"><ele>2366.2</ele></trkpt>
    <trkpt lat="45.8834" lon="7.076201"><ele>2369.1</ele></trkpt>
    <trkpt lat="45.883455" lon="7.076249"><ele>2371.8</ele></trkpt>
    <trkpt lat="45.883515" lon="7.07622"><ele>2374.2</ele></trkpt>
    <trkpt lat="45.883575" lon="7.076209"><ele>2376.4</ele></trkpt>
    <trkpt lat="45.883633" lon="7.076245"><ele>2378.7</ele></trkpt>
    <trkpt lat="45.883699" lon="7.076252"><ele>2381.2</ele></trkpt>
    <trkpt lat="45.883757" lon="7.076227"><ele>2383.5</ele></trkpt>
    <trkpt lat="45.883799" lon="7.076208"><ele>2385.3</ele></trkpt>
    <trkpt lat="45.883849" lon="7.076177"><ele>2387.3</ele></trkpt>
    <trkpt lat="45.883911" lon="7.076121"><ele>2389.8</ele></trkpt>
    <trkpt lat="45.883991" lon="7.076032"><ele>2392.8</ele></trkpt>
    <trkpt lat="45.884065" lon="7.075946"><ele>2395.4</ele></trkpt>
    <trkpt lat="45.884146" lon="7.075907"><ele>2397.9</ele></trkpt>
    <trkpt lat="45.884214" lon="7.075874"><ele>2400</ele></trkpt>
    <trkpt lat="45.884292" lon="7.075821"><ele>2402.6</ele></trkpt>
    <trkpt lat="45.884355" lon="7.075792"><ele>2404.6</ele></trkpt>
    <trkpt lat="45.884428" lon="7.075743"><ele>2406.9</ele></trkpt>
    <trkpt lat="45.884503" lon="7.075704"><ele>2409.1</ele></trkpt>
    <trkpt lat="45.884591" lon="7.075655"><ele>2411.7</ele></trkpt>
    <trkpt lat="45.884687" lon="7.07559"><ele>2414.5</ele></trkpt>
    <trkpt lat="45.884764" lon="7.075516"><ele>2416.9</ele></trkpt>
    <trkpt lat="45.884836" lon="7.075471"><ele>2419</ele></trkpt>
    <trkpt lat="45.884915" lon="7.075422"><ele>2421.5</ele></trkpt>
    <trkpt lat="45.885006" lon="7.075373"><ele>2424.3</ele></trkpt>
    <trkpt lat="45.88509" lon="7.075277"><ele>2427.4</ele></trkpt>
    <trkpt lat="45.885172" lon="7.075224"><ele>2430.1</ele></trkpt>
    <trkpt lat="45.885264" lon="7.075191"><ele>2432.8</ele></trkpt>
    <trkpt lat="45.885345" lon="7.075173"><ele>2435.2</ele></trkpt>
    <trkpt lat="45.885424" lon="7.075143"><ele>2437.7</ele></trkpt>
    <trkpt lat="45.885479" lon="7.075145"><ele>2439.5</ele></trkpt>
    <trkpt lat="45.885502" lon="7.07524"><ele>2441.8</ele></trkpt>
    <trkpt lat="45.885514" lon="7.075367"><ele>2444.6</ele></trkpt>
    <trkpt lat="45.885514" lon="7.0755"><ele>2447</ele></trkpt>
    <trkpt lat="45.885552" lon="7.075631"><ele>2449.4</ele></trkpt>
    <trkpt lat="45.88557" lon="7.075761"><ele>2451.6</ele></trkpt>
    <trkpt lat="45.885565" lon="7.075871"><ele>2453.5</ele></trkpt>
    <trkpt lat="45.885591" lon="7.075979"><ele>2455.6</ele></trkpt>
    <trkpt lat="45.885642" lon="7.076104"><ele>2458.4</ele></trkpt>
    <trkpt lat="45.885697" lon="7.076226"><ele>2461</ele></trkpt>
    <trkpt lat="45.885751" lon="7.076343"><ele>2463.4</ele></trkpt>
    <trkpt lat="45.885793" lon="7.076447"><ele>2465.6</ele></trkpt>
    <trkpt lat="45.885828" lon="7.076568"><ele>2468</ele></trkpt>
    <trkpt lat="45.885883" lon="7.076649"><ele>2470.2</ele></trkpt>
    <trkpt lat="45.885929" lon="7.076744"><ele>2472.6</ele></trkpt>
    <trkpt lat="45.885964" lon="7.076849"><ele>2475.2</ele></trkpt>
    <trkpt lat="45.885993" lon="7.076974"><ele>2478.1</ele></trkpt>
    <trkpt lat="45.886058" lon="7.077061"><ele>2480.9</ele></trkpt>
    <trkpt lat="45.886156" lon="7.077155"><ele>2484.3</ele></trkpt>
    <trkpt lat="45.886263" lon="7.077216"><ele>2487.1</ele></trkpt>
    <trkpt lat="45.886375" lon="7.077255"><ele>2489.5</ele></trkpt>
    <trkpt lat="45.886576" lon="7.077338"><ele>2492.6</ele></trkpt>
    <trkpt lat="45.886773" lon="7.077434"><ele>2494.1</ele></trkpt>
    <trkpt lat="45.886948" lon="7.077491"><ele>2495.3</ele></trkpt>
    <trkpt lat="45.887147" lon="7.077546"><ele>2497.3</ele></trkpt>
    <trkpt lat="45.887365" lon="7.077633"><ele>2498.4</ele></trkpt>
    <trkpt lat="45.887518" lon="7.077679"><ele>2499.6</ele></trkpt>
    <trkpt lat="45.88767" lon="7.077707"><ele>2501.4</ele></trkpt>
    <trkpt lat="45.887842" lon="7.077771"><ele>2503.9</ele></trkpt>
    <trkpt lat="45.888047" lon="7.07778"><ele>2506.1</ele></trkpt>
    <trkpt lat="45.888252" lon="7.077796"><ele>2507.5</ele></trkpt>
    <trkpt lat="45.888399" lon="7.077795"><ele>2509.4</ele></trkpt>
    <trkpt lat="45.888568" lon="7.077769"><ele>2511.8</ele></trkpt>
    <trkpt lat="45.888725" lon="7.077791"><ele>2514.3</ele></trkpt>
    <trkpt lat="45.888874" lon="7.077839"><ele>2516.6</ele></trkpt>
    <trkpt lat="45.889029" lon="7.077949"><ele>2519.2</ele></trkpt>
    <trkpt lat="45.889232" lon="7.078145"><ele>2512.4</ele></trkpt>
    <trkpt lat="45.889556" lon="7.07814"><ele>2506.6</ele></trkpt>
    <trkpt lat="45.889879" lon="7.078082"><ele>2503.9</ele></trkpt>
    <trkpt lat="45.890214" lon="7.078078"><ele>2500.8</ele></trkpt>
    <trkpt lat="45.890562" lon="7.078143"><ele>2497.5</ele></trkpt>
    <trkpt lat="45.890862" lon="7.078354"><ele>2494.9</ele></trkpt>
    <trkpt lat="45.891104" lon="7.078627"><ele>2492.5</ele></trkpt>
    <trkpt lat="45.89128" lon="7.078754"><ele>2490.4</ele></trkpt>
    <trkpt lat="45.89135" lon="7.079251"><ele>2485.5</ele></trkpt>
    <trkpt lat="45.891488" lon="7.079683"><ele>2481.5</ele></trkpt>
    <trkpt lat="45.891612" lon="7.080045"><ele>2478.1</ele></trkpt>
    <trkpt lat="45.891752" lon="7.080463"><ele>2474.4</ele></trkpt>
    <trkpt lat="45.891921" lon="7.080916"><ele>2471.3</ele></trkpt>
    <trkpt lat="45.89207" lon="7.081295"><ele>2469.1</ele></trkpt>
    <trkpt lat="45.892014" lon="7.08159"><ele>2469.2</ele></trkpt>
    <trkpt lat="45.891977" lon="7.082098"><ele>2464.6</ele></trkpt>
    <trkpt lat="45.892101" lon="7.082569"><ele>2460.8</ele></trkpt>
    <trkpt lat="45.892188" lon="7.083002"><ele>2456.9</ele></trkpt>
    <trkpt lat="45.892282" lon="7.083404"><ele>2451.5</ele></trkpt>
    <trkpt lat="45.892237" lon="7.083862"><ele>2445.9</ele></trkpt>
    <trkpt lat="45.892111" lon="7.084251"><ele>2443.2</ele></trkpt>
    <trkpt lat="45.891808" lon="7.084466"><ele>2440.2</ele></trkpt>
    <trkpt lat="45.891609" lon="7.084821"><ele>2434.3</ele></trkpt>
    <trkpt lat="45.891435" lon="7.085221"><ele>2428.4</ele></trkpt>
    <trkpt lat="45.891473" lon="7.085597"><ele>2423.2</ele></trkpt>
    <trkpt lat="45.891689" lon="7.085974"><ele>2416.5</ele></trkpt>
    <trkpt lat="45.891842" lon="7.08644"><ele>2412.2</ele></trkpt>
    <trkpt lat="45.891977" lon="7.086918"><ele>2408.4</ele></trkpt>
    <trkpt lat="45.891983" lon="7.087353"><ele>2406.2</ele></trkpt>
    <trkpt lat="45.891987" lon="7.087858"><ele>2401.4</ele></trkpt>
    <trkpt lat="45.892" lon="7.088359"><ele>2396.9</ele></trkpt>
    <trkpt lat="45.892057" lon="7.088849"><ele>2392.3</ele></trkpt>
    <trkpt lat="45.892095" lon="7.089366"><ele>2387.6</ele></trkpt>
    <trkpt lat="45.892144" lon="7.089873"><ele>2384.2</ele></trkpt>
    <trkpt lat="45.892099" lon="7.090355"><ele>2381.7</ele></trkpt>
    <trkpt lat="45.892067" lon="7.090848"><ele>2379.2</ele></trkpt>
    <trkpt lat="45.892146" lon="7.091252"><ele>2375</ele></trkpt>
    <trkpt lat="45.892152" lon="7.091723"><ele>2368.8</ele></trkpt>
    <trkpt lat="45.892092" lon="7.092196"><ele>2363.9</ele></trkpt>
    <trkpt lat="45.892059" lon="7.092657"><ele>2359.5</ele></trkpt>
    <trkpt lat="45.892074" lon="7.093108"><ele>2355.6</ele></trkpt>
    <trkpt lat="45.892157" lon="7.093578"><ele>2349.9</ele></trkpt>
    <trkpt lat="45.89222" lon="7.093955"><ele>2345</ele></trkpt>
    <trkpt lat="45.892333" lon="7.094268"><ele>2338.3</ele></trkpt>
    <trkpt lat="45.892472" lon="7.094624"><ele>2330.4</ele></trkpt>
    <trkpt lat="45.89259" lon="7.094805"><ele>2324.9</ele></trkpt>
    <trkpt lat="45.892779" lon="7.095155"><ele>2319.5</ele></trkpt>
    <trkpt lat="45.892787" lon="7.095577"><ele>2313</ele></trkpt>
    <trkpt lat="45.892846" lon="7.095983"><ele>2305.3</ele></trkpt>
    <trkpt lat="45.893024" lon="7.096427"><ele>2300.5</ele></trkpt>
    <trkpt lat="45.893179" lon="7.096892"><ele>2296.4</ele></trkpt>
    <trkpt lat="45.893321" lon="7.097317"><ele>2293.8</ele></trkpt>
    <trkpt lat="45.893479" lon="7.097725"><ele>2290.1</ele></trkpt>
    <trkpt lat="45.893564" lon="7.098158"><ele>2288.2</ele></trkpt>
    <trkpt lat="45.893614" lon="7.098473"><ele>2288.7</ele></trkpt>
    <trkpt lat="45.893742" lon="7.098786"><ele>2290.4</ele></trkpt>
    <trkpt lat="45.893846" lon="7.098898"><ele>2292.7</ele></trkpt>
    <trkpt lat="45.893991" lon="7.099061"><ele>2294.1</ele></trkpt>
    <trkpt lat="45.894157" lon="7.099392"><ele>2291</ele></trkpt>
    <trkpt lat="45.894248" lon="7.099806"><ele>2285.6</ele></trkpt>
    <trkpt lat="45.894459" lon="7.100122"><ele>2283.6</ele></trkpt>
    <trkpt lat="45.894641" lon="7.100373"><ele>2283.7</ele></trkpt>
    <trkpt lat="45.894845" lon="7.100698"><ele>2280.8</ele></trkpt>
    <trkpt lat="45.895056" lon="7.101088"><ele>2274.9</ele></trkpt>
    <trkpt lat="45.895211" lon="7.101543"><ele>2270</ele></trkpt>
    <trkpt lat="45.895358" lon="7.10201"><ele>2264.6</ele></trkpt>
    <trkpt lat="45.895532" lon="7.102413"><ele>2261.6</ele></trkpt>
    <trkpt lat="45.895654" lon="7.102838"><ele>2258.1</ele></trkpt>
    <trkpt lat="45.895785" lon="7.103257"><ele>2255.7</ele></trkpt>
    <trkpt lat="45.895932" lon="7.1036"><ele>2255.5</ele></trkpt>
    <trkpt lat="45.896035" lon="7.104"><ele>2253.6</ele></trkpt>
    <trkpt lat="45.896137" lon="7.104454"><ele>2250.4</ele></trkpt>
    <trkpt lat="45.896185" lon="7.104948"><ele>2245.8</ele></trkpt>
    <trkpt lat="45.896265" lon="7.105458"><ele>2240.9</ele></trkpt>
    <trkpt lat="45.896404" lon="7.105895"><ele>2237.3</ele></trkpt>
    <trkpt lat="45.896535" lon="7.106359"><ele>2232.4</ele></trkpt>
    <trkpt lat="45.896643" lon="7.106801"><ele>2227.1</ele></trkpt>
    <trkpt lat="45.896693" lon="7.107177"><ele>2221.5</ele></trkpt>
    <trkpt lat="45.896719" lon="7.107611"><ele>2213.2</ele></trkpt>
    <trkpt lat="45.896866" lon="7.108024"><ele>2205.3</ele></trkpt>
    <trkpt lat="45.897004" lon="7.108438"><ele>2198.3</ele></trkpt>
    <trkpt lat="45.897178" lon="7.108765"><ele>2192.7</ele></trkpt>
    <trkpt lat="45.897383" lon="7.109068"><ele>2187.2</ele></trkpt>
    <trkpt lat="45.897575" lon="7.109418"><ele>2180.8</ele></trkpt>
    <trkpt lat="45.897817" lon="7.109747"><ele>2173</ele></trkpt>
    <trkpt lat="45.897819" lon="7.109979"><ele>2166.9</ele></trkpt>
    <trkpt lat="45.897439" lon="7.11002"><ele>2160.5</ele></trkpt>
    <trkpt lat="45.897433" lon="7.110223"><ele>2155.2</ele></trkpt>
    <trkpt lat="45.897681" lon="7.110517"><ele>2147.5</ele></trkpt>
    <trkpt lat="45.897894" lon="7.110828"><ele>2140.1</ele></trkpt>
    <trkpt lat="45.898183" lon="7.111055"><ele>2134</ele></trkpt>
    <trkpt lat="45.898448" lon="7.11128"><ele>2128.2</ele></trkpt>
    <trkpt lat="45.898691" lon="7.111537"><ele>2121</ele></trkpt>
    <trkpt lat="45.898964" lon="7.111755"><ele>2112.8</ele></trkpt>
    <trkpt lat="45.899262" lon="7.111909"><ele>2106.2</ele></trkpt>
    <trkpt lat="45.899573" lon="7.112034"><ele>2101.2</ele></trkpt>
    <trkpt lat="45.899833" lon="7.112244"><ele>2097</ele></trkpt>
    <trkpt lat="45.899666" lon="7.112536"><ele>2091.2</ele></trkpt>
    <trkpt lat="45.899328" lon="7.112602"><ele>2086.2</ele></trkpt>
    <trkpt lat="45.899007" lon="7.112577"><ele>2081.7</ele></trkpt>
    <trkpt lat="45.898728" lon="7.112628"><ele>2078.4</ele></trkpt>
    <trkpt lat="45.898717" lon="7.112741"><ele>2078.2</ele></trkpt>
    <trkpt lat="45.898751" lon="7.112743"><ele>2078.2</ele></trkpt>
    <trkpt lat="45.898872" lon="7.112722"><ele>2077.9</ele></trkpt>
    <trkpt lat="45.899148" lon="7.112833"><ele>2075.5</ele></trkpt>
    <trkpt lat="45.899416" lon="7.113069"><ele>2070.8</ele></trkpt>
    <trkpt lat="45.899723" lon="7.113223"><ele>2065.6</ele></trkpt>
    <trkpt lat="45.900034" lon="7.113329"><ele>2060.8</ele></trkpt>
    <trkpt lat="45.900337" lon="7.113408"><ele>2056.9</ele></trkpt>
    <trkpt lat="45.900642" lon="7.113397"><ele>2053.4</ele></trkpt>
    <trkpt lat="45.900909" lon="7.113293"><ele>2050.2</ele></trkpt>
    <trkpt lat="45.901212" lon="7.113085"><ele>2047.3</ele></trkpt>
    <trkpt lat="45.901522" lon="7.113025"><ele>2044.9</ele></trkpt>
    <trkpt lat="45.901837" lon="7.112992"><ele>2041.7</ele></trkpt>
    <trkpt lat="45.902144" lon="7.113042"><ele>2038.8</ele></trkpt>
    <trkpt lat="45.902482" lon="7.112933"><ele>2035.9</ele></trkpt>
    <trkpt lat="45.902665" lon="7.112695"><ele>2033</ele></trkpt>
    <trkpt lat="45.90283" lon="7.112415"><ele>2028.1</ele></trkpt>
    <trkpt lat="45.903024" lon="7.112162"><ele>2025.8</ele></trkpt>
    <trkpt lat="45.903235" lon="7.11204"><ele>2026.9</ele></trkpt>
    <trkpt lat="45.903386" lon="7.111927"><ele>2026.7</ele></trkpt>
    <trkpt lat="45.903518" lon="7.111661"><ele>2023.7</ele></trkpt>
    <trkpt lat="45.903552" lon="7.111315"><ele>2019.2</ele></trkpt>
    <trkpt lat="45.903559" lon="7.11099"><ele>2014.2</ele></trkpt>
    <trkpt lat="45.903649" lon="7.11073"><ele>2010.6</ele></trkpt>
    <trkpt lat="45.903779" lon="7.110724"><ele>2009.1</ele></trkpt>
    <trkpt lat="45.904121" lon="7.110785"><ele>2005.4</ele></trkpt>
    <trkpt lat="45.904357" lon="7.110673"><ele>2005.6</ele></trkpt>
    <trkpt lat="45.904558" lon="7.110568"><ele>2004.6</ele></trkpt>
    <trkpt lat="45.904803" lon="7.110453"><ele>1997.9</ele></trkpt>
    <trkpt lat="45.904974" lon="7.110371"><ele>1991</ele></trkpt>
    <trkpt lat="45.905128" lon="7.110044"><ele>1984.1</ele></trkpt>
    <trkpt lat="45.905346" lon="7.109753"><ele>1979.3</ele></trkpt>
    <trkpt lat="45.905504" lon="7.109442"><ele>1974.3</ele></trkpt>
    <trkpt lat="45.905649" lon="7.109151"><ele>1968.4</ele></trkpt>
    <trkpt lat="45.905833" lon="7.108862"><ele>1961.8</ele></trkpt>
    <trkpt lat="45.906064" lon="7.108571"><ele>1957.9</ele></trkpt>
    <trkpt lat="45.906154" lon="7.108268"><ele>1956.5</ele></trkpt>
    <trkpt lat="45.906102" lon="7.107935"><ele>1953.3</ele></trkpt>
    <trkpt lat="45.906107" lon="7.107589"><ele>1949.8</ele></trkpt>
    <trkpt lat="45.906307" lon="7.107508"><ele>1949.8</ele></trkpt>
    <trkpt lat="45.906566" lon="7.107462"><ele>1950.1</ele></trkpt>
    <trkpt lat="45.906664" lon="7.107212"><ele>1950.8</ele></trkpt>
    <trkpt lat="45.906775" lon="7.107033"><ele>1952.6</ele></trkpt>
    <trkpt lat="45.90688" lon="7.107004"><ele>1954.7</ele></trkpt>
    <trkpt lat="45.906959" lon="7.107"><ele>1956.4</ele></trkpt>
    <trkpt lat="45.907058" lon="7.107009"><ele>1958.5</ele></trkpt>
    <trkpt lat="45.907214" lon="7.106918"><ele>1960.9</ele></trkpt>
    <trkpt lat="45.907355" lon="7.106773"><ele>1962.9</ele></trkpt>
    <trkpt lat="45.90743" lon="7.106641"><ele>1964.9</ele></trkpt>
    <trkpt lat="45.907529" lon="7.10649"><ele>1966.8</ele></trkpt>
    <trkpt lat="45.907619" lon="7.106305"><ele>1968.7</ele></trkpt>
    <trkpt lat="45.907711" lon="7.106103"><ele>1971</ele></trkpt>
    <trkpt lat="45.907822" lon="7.105887"><ele>1973.1</ele></trkpt>
    <trkpt lat="45.90788" lon="7.105666"><ele>1975.4</ele></trkpt>
    <trkpt lat="45.907968" lon="7.105491"><ele>1977.5</ele></trkpt>
    <trkpt lat="45.908067" lon="7.105357"><ele>1979.7</ele></trkpt>
    <trkpt lat="45.90812" lon="7.105158"><ele>1982.1</ele></trkpt>
    <trkpt lat="45.908215" lon="7.104958"><ele>1984.3</ele></trkpt>
    <trkpt lat="45.908297" lon="7.10482"><ele>1986.2</ele></trkpt>
    <trkpt lat="45.908333" lon="7.10466"><ele>1987.7</ele></trkpt>
    <trkpt lat="45.908313" lon="7.104359"><ele>1987.8</ele></trkpt>
    <trkpt lat="45.908246" lon="7.104092"><ele>1988.8</ele></trkpt>
    <trkpt lat="45.908217" lon="7.103923"><ele>1990.5</ele></trkpt>
    <trkpt lat="45.908199" lon="7.10369"><ele>1992.7</ele></trkpt>
    <trkpt lat="45.908179" lon="7.103425"><ele>1994.1</ele></trkpt>
    <trkpt lat="45.908165" lon="7.103105"><ele>1994.2</ele></trkpt>
    <trkpt lat="45.908307" lon="7.102817"><ele>1994.7</ele></trkpt>
    <trkpt lat="45.908413" lon="7.102504"><ele>1995.2</ele></trkpt>
    <trkpt lat="45.908531" lon="7.102179"><ele>1995.3</ele></trkpt>
    <trkpt lat="45.908662" lon="7.101972"><ele>1996</ele></trkpt>
    <trkpt lat="45.908874" lon="7.101797"><ele>1994.8</ele></trkpt>
    <trkpt lat="45.909024" lon="7.101513"><ele>1993.5</ele></trkpt>
    <trkpt lat="45.909064" lon="7.101154"><ele>1990.4</ele></trkpt>
    <trkpt lat="45.909087" lon="7.100811"><ele>1985.6</ele></trkpt>
    <trkpt lat="45.909168" lon="7.100461"><ele>1979.8</ele></trkpt>
    <trkpt lat="45.909311" lon="7.100209"><ele>1977.6</ele></trkpt>
    <trkpt lat="45.909462" lon="7.100139"><ele>1978.6</ele></trkpt>
    <trkpt lat="45.909667" lon="7.099972"><ele>1975.9</ele></trkpt>
    <trkpt lat="45.90995" lon="7.099828"><ele>1972.4</ele></trkpt>
    <trkpt lat="45.910225" lon="7.099755"><ele>1969.6</ele></trkpt>
    <trkpt lat="45.910531" lon="7.099743"><ele>1963.9</ele></trkpt>
    <trkpt lat="45.910844" lon="7.099831"><ele>1956.3</ele></trkpt>
    <trkpt lat="45.911172" lon="7.099898"><ele>1950.7</ele></trkpt>
    <trkpt lat="45.911478" lon="7.099895"><ele>1948.2</ele></trkpt>
    <trkpt lat="45.91147" lon="7.099564"><ele>1946.9</ele></trkpt>
    <trkpt lat="45.91138" lon="7.09914"><ele>1942.8</ele></trkpt>
    <trkpt lat="45.911254" lon="7.098755"><ele>1939.1</ele></trkpt>
    <trkpt lat="45.911128" lon="7.098374"><ele>1933.7</ele></trkpt>
    <trkpt lat="45.911093" lon="7.097975"><ele>1928.3</ele></trkpt>
    <trkpt lat="45.910988" lon="7.09758"><ele>1924.1</ele></trkpt>
    <trkpt lat="45.911029" lon="7.097173"><ele>1920.4</ele></trkpt>
    <trkpt lat="45.911216" lon="7.096929"><ele>1915.7</ele></trkpt>
    <trkpt lat="45.9111" lon="7.096591"><ele>1910.1</ele></trkpt>
    <trkpt lat="45.911165" lon="7.096211"><ele>1903.9</ele></trkpt>
    <trkpt lat="45.911408" lon="7.096172"><ele>1897.1</ele></trkpt>
    <trkpt lat="45.911613" lon="7.096257"><ele>1889.7</ele></trkpt>
    <trkpt lat="45.911746" lon="7.096631"><ele>1883.4</ele></trkpt>
    <trkpt lat="45.911938" lon="7.096953"><ele>1876.3</ele></trkpt>
    <trkpt lat="45.912159" lon="7.097255"><ele>1871.4</ele></trkpt>
    <trkpt lat="45.91233" lon="7.097626"><ele>1867.2</ele></trkpt>
    <trkpt lat="45.912504" lon="7.098048"><ele>1862.1</ele></trkpt>
    <trkpt lat="45.912705" lon="7.098399"><ele>1857.1</ele></trkpt>
    <trkpt lat="45.912902" lon="7.098779"><ele>1852.3</ele></trkpt>
    <trkpt lat="45.913063" lon="7.099184"><ele>1846.3</ele></trkpt>
    <trkpt lat="45.913263" lon="7.09957"><ele>1840.7</ele></trkpt>
    <trkpt lat="45.913429" lon="7.099863"><ele>1835.4</ele></trkpt>
    <trkpt lat="45.913588" lon="7.100114"><ele>1828.5</ele></trkpt>
    <trkpt lat="45.913735" lon="7.100276"><ele>1819.6</ele></trkpt>
    <trkpt lat="45.913961" lon="7.100221"><ele>1812.1</ele></trkpt>
    <trkpt lat="45.914186" lon="7.100306"><ele>1804.4</ele></trkpt>
    <trkpt lat="45.914399" lon="7.100344"><ele>1796.8</ele></trkpt>
    <trkpt lat="45.914561" lon="7.100454"><ele>1790</ele></trkpt>
    <trkpt lat="45.914823" lon="7.100611"><ele>1781.2</ele></trkpt>
    <trkpt lat="45.91512" lon="7.100642"><ele>1773</ele></trkpt>
    <trkpt lat="45.915378" lon="7.1008"><ele>1766.1</ele></trkpt>
    <trkpt lat="45.915417" lon="7.101116"><ele>1759.6</ele></trkpt>
    <trkpt lat="45.915496" lon="7.101245"><ele>1755.3</ele></trkpt>
    <trkpt lat="45.91548" lon="7.101426"><ele>1750.6</ele></trkpt>
    <trkpt lat="45.915263" lon="7.101564"><ele>1745.7</ele></trkpt>
    <trkpt lat="45.915066" lon="7.101773"><ele>1741</ele></trkpt>
    <trkpt lat="45.915155" lon="7.102065"><ele>1736.8</ele></trkpt>
    <trkpt lat="45.915355" lon="7.102247"><ele>1730.9</ele></trkpt>
    <trkpt lat="45.915509" lon="7.102501"><ele>1725.7</ele></trkpt>
    <trkpt lat="45.915573" lon="7.102801"><ele>1721.7</ele></trkpt>
    <trkpt lat="45.915727" lon="7.102918"><ele>1716.6</ele></trkpt>
    <trkpt lat="45.915791" lon="7.103039"><ele>1712.2</ele></trkpt>
    <trkpt lat="45.915664" lon="7.103216"><ele>1707.1</ele></trkpt>
    <trkpt lat="45.915583" lon="7.103491"><ele>1700.8</ele></trkpt>
    <trkpt lat="45.915697" lon="7.1038"><ele>1695.1</ele></trkpt>
    <trkpt lat="45.915905" lon="7.103675"><ele>1689.3</ele></trkpt>
    <trkpt lat="45.916186" lon="7.103527"><ele>1686.5</ele></trkpt>
    <trkpt lat="45.91643" lon="7.103249"><ele>1684.2</ele></trkpt>
    <trkpt lat="45.916554" lon="7.102872"><ele>1682.9</ele></trkpt>
    <trkpt lat="45.916807" lon="7.102652"><ele>1680.7</ele></trkpt>
    <trkpt lat="45.917092" lon="7.102373"><ele>1676.9</ele></trkpt>
    <trkpt lat="45.917341" lon="7.10209"><ele>1674.4</ele></trkpt>
    <trkpt lat="45.917607" lon="7.101837"><ele>1674.1</ele></trkpt>
    <trkpt lat="45.917736" lon="7.101537"><ele>1676.3</ele></trkpt>
    <trkpt lat="45.917862" lon="7.101334"><ele>1679</ele></trkpt>
    <trkpt lat="45.917957" lon="7.101087"><ele>1681.4</ele></trkpt>
    <trkpt lat="45.918001" lon="7.100815"><ele>1682.1</ele></trkpt>
    <trkpt lat="45.918118" lon="7.100702"><ele>1683.1</ele></trkpt>
    <trkpt lat="45.918243" lon="7.100638"><ele>1684.9</ele></trkpt>
    <trkpt lat="45.918537" lon="7.100549"><ele>1683.6</ele></trkpt>
    <trkpt lat="45.918832" lon="7.100633"><ele>1680.9</ele></trkpt>
    <trkpt lat="45.918999" lon="7.100652"><ele>1681.9</ele></trkpt>
    <trkpt lat="45.919272" lon="7.100558"><ele>1681.4</ele></trkpt>
    <trkpt lat="45.919536" lon="7.10027"><ele>1677.2</ele></trkpt>
    <trkpt lat="45.919783" lon="7.100004"><ele>1674</ele></trkpt>
    <trkpt lat="45.919718" lon="7.100368"><ele>1668.3</ele></trkpt>
    <trkpt lat="45.919526" lon="7.100878"><ele>1663.2</ele></trkpt>
    <trkpt lat="45.919453" lon="7.101333"><ele>1660.6</ele></trkpt>
    <trkpt lat="45.919731" lon="7.10154"><ele>1656.1</ele></trkpt>
    <trkpt lat="45.92004" lon="7.101303"><ele>1652.1</ele></trkpt>
    <trkpt lat="45.920306" lon="7.100953"><ele>1649</ele></trkpt>
    <trkpt lat="45.920568" lon="7.100717"><ele>1647.2</ele></trkpt>
    <trkpt lat="45.920925" lon="7.100652"><ele>1644.4</ele></trkpt>
    <trkpt lat="45.921273" lon="7.10056"><ele>1642.8</ele></trkpt>
    <trkpt lat="45.921586" lon="7.100458"><ele>1641.5</ele></trkpt>
    <trkpt lat="45.921878" lon="7.100222"><ele>1640.1</ele></trkpt>
    <trkpt lat="45.922166" lon="7.099974"><ele>1638.4</ele></trkpt>
    <trkpt lat="45.922442" lon="7.099751"><ele>1637.3</ele></trkpt>
    <trkpt lat="45.922683" lon="7.099438"><ele>1636.2</ele></trkpt>
    <trkpt lat="45.922938" lon="7.099146"><ele>1634.1</ele></trkpt>
    <trkpt lat="45.923206" lon="7.098868"><ele>1631.8</ele></trkpt>
    <trkpt lat="45.923445" lon="7.098556"><ele>1630</ele></trkpt>
    <trkpt lat="45.923658" lon="7.09825"><ele>1628.9</ele></trkpt>
    <trkpt lat="45.923893" lon="7.097948"><ele>1627.7</ele></trkpt>
    <trkpt lat="45.924156" lon="7.097694"><ele>1626.4</ele></trkpt>
    <trkpt lat="45.924457" lon="7.097494"><ele>1625</ele></trkpt>
    <trkpt lat="45.924715" lon="7.097251"><ele>1623.8</ele></trkpt>
    <trkpt lat="45.924966" lon="7.096983"><ele>1622.5</ele></trkpt>
    <trkpt lat="45.925232" lon="7.096744"><ele>1621.4</ele></trkpt>
    <trkpt lat="45.925514" lon="7.096526"><ele>1620.4</ele></trkpt>
    <trkpt lat="45.925816" lon="7.096464"><ele>1619.6</ele></trkpt>
    <trkpt lat="45.926058" lon="7.096633"><ele>1619</ele></trkpt>
    <trkpt lat="45.926276" lon="7.096599"><ele>1619.7</ele></trkpt>
    <trkpt lat="45.926464" lon="7.096684"><ele>1621.3</ele></trkpt>
    <trkpt lat="45.926675" lon="7.09671"><ele>1623.1</ele></trkpt>
    <trkpt lat="45.926963" lon="7.09668"><ele>1623.6</ele></trkpt>
    <trkpt lat="45.92725" lon="7.096633"><ele>1623.9</ele></trkpt>
    <trkpt lat="45.927545" lon="7.096544"><ele>1624.2</ele></trkpt>
    <trkpt lat="45.927828" lon="7.09638"><ele>1624.7</ele></trkpt>
    <trkpt lat="45.928069" lon="7.096143"><ele>1625.3</ele></trkpt>
    <trkpt lat="45.928302" lon="7.095873"><ele>1625.6</ele></trkpt>
    <trkpt lat="45.928552" lon="7.095643"><ele>1625.6</ele></trkpt>
    <trkpt lat="45.928863" lon="7.095522"><ele>1624.4</ele></trkpt>
    <trkpt lat="45.92919" lon="7.095548"><ele>1622.2</ele></trkpt>
    <trkpt lat="45.929492" lon="7.095741"><ele>1619.6</ele></trkpt>
    <trkpt lat="45.929752" lon="7.096058"><ele>1616.6</ele></trkpt>
    <trkpt lat="45.929995" lon="7.096416"><ele>1613.5</ele></trkpt>
    <trkpt lat="45.930256" lon="7.096692"><ele>1611.5</ele></trkpt>
    <trkpt lat="45.930518" lon="7.096948"><ele>1610.7</ele></trkpt>
    <trkpt lat="45.930783" lon="7.097217"><ele>1609.7</ele></trkpt>
    <trkpt lat="45.931045" lon="7.097517"><ele>1607.6</ele></trkpt>
    <trkpt lat="45.931314" lon="7.097814"><ele>1605.2</ele></trkpt>
    <trkpt lat="45.931543" lon="7.098122"><ele>1603.3</ele></trkpt>
    <trkpt lat="45.931723" lon="7.098475"><ele>1601.7</ele></trkpt>
    <trkpt lat="45.931973" lon="7.098677"><ele>1600.8</ele></trkpt>
    <trkpt lat="45.932268" lon="7.098675"><ele>1600.1</ele></trkpt>
    <trkpt lat="45.932573" lon="7.098659"><ele>1599.4</ele></trkpt>
    <trkpt lat="45.932874" lon="7.098677"><ele>1599.6</ele></trkpt>
    <trkpt lat="45.933143" lon="7.09868"><ele>1600</ele></trkpt>
    <trkpt lat="45.933439" lon="7.098635"><ele>1600</ele></trkpt>
    <trkpt lat="45.933764" lon="7.098583"><ele>1599.9</ele></trkpt>
    <trkpt lat="45.934077" lon="7.09853"><ele>1599.8</ele></trkpt>
    <trkpt lat="45.934386" lon="7.098485"><ele>1599.8</ele></trkpt>
    <trkpt lat="45.934686" lon="7.098459"><ele>1599.7</ele></trkpt>
    <trkpt lat="45.934996" lon="7.098445"><ele>1599.5</ele></trkpt>
    <trkpt lat="45.935309" lon="7.098435"><ele>1599.3</ele></trkpt>
    <trkpt lat="45.935632" lon="7.09845"><ele>1599</ele></trkpt>
    <trkpt lat="45.935878" lon="7.098437"><ele>1598.6</ele></trkpt>
    <trkpt lat="45.935949" lon="7.098409"><ele>1598.5</ele></trkpt>
    <trkpt lat="45.936128" lon="7.098373"><ele>1596.4</ele></trkpt>
    <trkpt lat="45.936156" lon="7.098249"><ele>1594.7</ele></trkpt>
    <trkpt lat="45.936159" lon="7.097936"><ele>1591.7</ele></trkpt>
    <trkpt lat="45.936178" lon="7.097575"><ele>1588</ele></trkpt>
    <trkpt lat="45.936272" lon="7.097126"><ele>1581.3</ele></trkpt>
    <trkpt lat="45.93631" lon="7.096642"><ele>1578.1</ele></trkpt>
    <trkpt lat="45.936326" lon="7.096212"><ele>1577.8</ele></trkpt>
    <trkpt lat="45.936437" lon="7.095836"><ele>1578.4</ele></trkpt>
    <trkpt lat="45.93672" lon="7.09564"><ele>1578.3</ele></trkpt>
    <trkpt lat="45.937006" lon="7.095485"><ele>1578.8</ele></trkpt>
    <trkpt lat="45.93728" lon="7.095308"><ele>1579</ele></trkpt>
    <trkpt lat="45.937569" lon="7.095528"><ele>1576.1</ele></trkpt>
    <trkpt lat="45.937878" lon="7.095663"><ele>1574.4</ele></trkpt>
    <trkpt lat="45.938145" lon="7.095531"><ele>1573</ele></trkpt>
    <trkpt lat="45.938435" lon="7.095523"><ele>1570.5</ele></trkpt>
    <trkpt lat="45.938757" lon="7.095629"><ele>1568.8</ele></trkpt>
    <trkpt lat="45.939053" lon="7.095604"><ele>1567.2</ele></trkpt>
    <trkpt lat="45.939365" lon="7.095468"><ele>1565.5</ele></trkpt>
    <trkpt lat="45.939716" lon="7.095432"><ele>1562</ele></trkpt>
    <trkpt lat="45.940053" lon="7.095541"><ele>1558.1</ele></trkpt>
    <trkpt lat="45.940395" lon="7.095532"><ele>1554.8</ele></trkpt>
    <trkpt lat="45.94075" lon="7.095722"><ele>1551.5</ele></trkpt>
    <trkpt lat="45.94107" lon="7.09602"><ele>1548.3</ele></trkpt>
    <trkpt lat="45.941396" lon="7.096217"><ele>1544.8</ele></trkpt>
    <trkpt lat="45.941691" lon="7.096236"><ele>1544.8</ele></trkpt>
    <trkpt lat="45.941992" lon="7.096155"><ele>1545.4</ele></trkpt>
    <trkpt lat="45.942281" lon="7.096079"><ele>1546.4</ele></trkpt>
    <trkpt lat="45.942529" lon="7.095889"><ele>1546.4</ele></trkpt>
    <trkpt lat="45.942823" lon="7.095965"><ele>1546.4</ele></trkpt>
    <trkpt lat="45.943064" lon="7.095969"><ele>1547.3</ele></trkpt>
    <trkpt lat="45.943373" lon="7.096076"><ele>1545.9</ele></trkpt>
    <trkpt lat="45.943696" lon="7.096242"><ele>1542.7</ele></trkpt>
    <trkpt lat="45.944019" lon="7.096336"><ele>1540.4</ele></trkpt>
    <trkpt lat="45.944268" lon="7.096401"><ele>1541.1</ele></trkpt>
    <trkpt lat="45.944496" lon="7.09654"><ele>1542.7</ele></trkpt>
    <trkpt lat="45.944648" lon="7.096853"><ele>1544.5</ele></trkpt>
    <trkpt lat="45.944783" lon="7.097197"><ele>1545.1</ele></trkpt>
    <trkpt lat="45.94497" lon="7.097522"><ele>1545</ele></trkpt>
    <trkpt lat="45.945197" lon="7.097757"><ele>1545.1</ele></trkpt>
    <trkpt lat="45.945399" lon="7.098"><ele>1545.2</ele></trkpt>
    <trkpt lat="45.945522" lon="7.098286"><ele>1544.1</ele></trkpt>
    <trkpt lat="45.945663" lon="7.098605"><ele>1540.8</ele></trkpt>
    <trkpt lat="45.945934" lon="7.09883"><ele>1537.2</ele></trkpt>
    <trkpt lat="45.94619" lon="7.099051"><ele>1534.9</ele></trkpt>
    <trkpt lat="45.946477" lon="7.099176"><ele>1533.4</ele></trkpt>
    <trkpt lat="45.946771" lon="7.099352"><ele>1531.2</ele></trkpt>
    <trkpt lat="45.947062" lon="7.099495"><ele>1528.4</ele></trkpt>
    <trkpt lat="45.947372" lon="7.09958"><ele>1525.8</ele></trkpt>
    <trkpt lat="45.947665" lon="7.099651"><ele>1523.2</ele></trkpt>
    <trkpt lat="45.947976" lon="7.099722"><ele>1519.1</ele></trkpt>
    <trkpt lat="45.948291" lon="7.099789"><ele>1515.3</ele></trkpt>
    <trkpt lat="45.948545" lon="7.099985"><ele>1514.5</ele></trkpt>
    <trkpt lat="45.948735" lon="7.100237"><ele>1514.5</ele></trkpt>
    <trkpt lat="45.948901" lon="7.100416"><ele>1515.3</ele></trkpt>
    <trkpt lat="45.949139" lon="7.10058"><ele>1516.2</ele></trkpt>
    <trkpt lat="45.949338" lon="7.100797"><ele>1519</ele></trkpt>
    <trkpt lat="45.949455" lon="7.100969"><ele>1521.2</ele></trkpt>
    <trkpt lat="45.949571" lon="7.101122"><ele>1523</ele></trkpt>
    <trkpt lat="45.949737" lon="7.101331"><ele>1523.5</ele></trkpt>
    <trkpt lat="45.949993" lon="7.101608"><ele>1521.1</ele></trkpt>
    <trkpt lat="45.950228" lon="7.101723"><ele>1521.7</ele></trkpt>
    <trkpt lat="45.950392" lon="7.101733"><ele>1521.7</ele></trkpt>
    <trkpt lat="45.950556" lon="7.102024"><ele>1519</ele></trkpt>
    <trkpt lat="45.950805" lon="7.101964"><ele>1517.2</ele></trkpt>
    <trkpt lat="45.951033" lon="7.101936"><ele>1513.7</ele></trkpt>
    <trkpt lat="45.95128" lon="7.101974"><ele>1506.4</ele></trkpt>
    <trkpt lat="45.951565" lon="7.102156"><ele>1498.3</ele></trkpt>
    <trkpt lat="45.951836" lon="7.102391"><ele>1494</ele></trkpt>
    <trkpt lat="45.952097" lon="7.1026"><ele>1491.2</ele></trkpt>
    <trkpt lat="45.952388" lon="7.102657"><ele>1486.6</ele></trkpt>
    <trkpt lat="45.952672" lon="7.102533"><ele>1480.6</ele></trkpt>
    <trkpt lat="45.952982" lon="7.102436"><ele>1475.7</ele></trkpt>
    <trkpt lat="45.953318" lon="7.102554"><ele>1470.8</ele></trkpt>
    <trkpt lat="45.953664" lon="7.102749"><ele>1465.7</ele></trkpt>
    <trkpt lat="45.953966" lon="7.102869"><ele>1462.3</ele></trkpt>
    <trkpt lat="45.954283" lon="7.102979"><ele>1460.1</ele></trkpt>
    <trkpt lat="45.954589" lon="7.103222"><ele>1458.3</ele></trkpt>
    <trkpt lat="45.954859" lon="7.10348"><ele>1457.1</ele></trkpt>
    <trkpt lat="45.955161" lon="7.103693"><ele>1455.5</ele></trkpt>
    <trkpt lat="45.955427" lon="7.104009"><ele>1452.8</ele></trkpt>
    <trkpt lat="45.955669" lon="7.104327"><ele>1449.4</ele></trkpt>
    <trkpt lat="45.955945" lon="7.104614"><ele>1446</ele></trkpt>
    <trkpt lat="45.956186" lon="7.104971"><ele>1441.9</ele></trkpt>
    <trkpt lat="45.956452" lon="7.105187"><ele>1440.5</ele></trkpt>
    <trkpt lat="45.956729" lon="7.10526"><ele>1439.5</ele></trkpt>
    <trkpt lat="45.957046" lon="7.10519"><ele>1437.8</ele></trkpt>
    <trkpt lat="45.957356" lon="7.105188"><ele>1436.6</ele></trkpt>
    <trkpt lat="45.957648" lon="7.105416"><ele>1433.9</ele></trkpt>
    <trkpt lat="45.957946" lon="7.105633"><ele>1430.4</ele></trkpt>
    <trkpt lat="45.958262" lon="7.105862"><ele>1427</ele></trkpt>
    <trkpt lat="45.958549" lon="7.106089"><ele>1423.9</ele></trkpt>
    <trkpt lat="45.958859" lon="7.106222"><ele>1420.7</ele></trkpt>
    <trkpt lat="45.959071" lon="7.106576"><ele>1416</ele></trkpt>
    <trkpt lat="45.959236" lon="7.107032"><ele>1410.9</ele></trkpt>
    <trkpt lat="45.959457" lon="7.107474"><ele>1406.2</ele></trkpt>
    <trkpt lat="45.959651" lon="7.107914"><ele>1401.8</ele></trkpt>
    <trkpt lat="45.959776" lon="7.10834"><ele>1398.5</ele></trkpt>
    <trkpt lat="45.96003" lon="7.108625"><ele>1395.5</ele></trkpt>
    <trkpt lat="45.960349" lon="7.108719"><ele>1391.5</ele></trkpt>
    <trkpt lat="45.960682" lon="7.108816"><ele>1387</ele></trkpt>
    <trkpt lat="45.960988" lon="7.108726"><ele>1384.1</ele></trkpt>
    <trkpt lat="45.961287" lon="7.108646"><ele>1381.8</ele></trkpt>
    <trkpt lat="45.961598" lon="7.108576"><ele>1379.7</ele></trkpt>
    <trkpt lat="45.961888" lon="7.108654"><ele>1377.9</ele></trkpt>
    <trkpt lat="45.962153" lon="7.10858"><ele>1377.5</ele></trkpt>
    <trkpt lat="45.962446" lon="7.108467"><ele>1379.5</ele></trkpt>
    <trkpt lat="45.962737" lon="7.108399"><ele>1381.2</ele></trkpt>
    <trkpt lat="45.962996" lon="7.108346"><ele>1382.4</ele></trkpt>
    <trkpt lat="45.963278" lon="7.108282"><ele>1383.9</ele></trkpt>
    <trkpt lat="45.963568" lon="7.108213"><ele>1385.8</ele></trkpt>
    <trkpt lat="45.963859" lon="7.10829"><ele>1385.9</ele></trkpt>
    <trkpt lat="45.964174" lon="7.108374"><ele>1384.8</ele></trkpt>
    <trkpt lat="45.964502" lon="7.10841"><ele>1383</ele></trkpt>
    <trkpt lat="45.964835" lon="7.108401"><ele>1381.3</ele></trkpt>
    <trkpt lat="45.965168" lon="7.108297"><ele>1379.9</ele></trkpt>
    <trkpt lat="45.965387" lon="7.108188"><ele>1377.9</ele></trkpt>
    <trkpt lat="45.965579" lon="7.108127"><ele>1378.8</ele></trkpt>
    <trkpt lat="45.965774" lon="7.108128"><ele>1381.2</ele></trkpt>
    <trkpt lat="45.965952" lon="7.108206"><ele>1382.9</ele></trkpt>
    <trkpt lat="45.966155" lon="7.108284"><ele>1384.3</ele></trkpt>
    <trkpt lat="45.966308" lon="7.108468"><ele>1385.8</ele></trkpt>
    <trkpt lat="45.966402" lon="7.108687"><ele>1387.2</ele></trkpt>
    <trkpt lat="45.9666" lon="7.108801"><ele>1388.9</ele></trkpt>
    <trkpt lat="45.966763" lon="7.108854"><ele>1391.1</ele></trkpt>
    <trkpt lat="45.966912" lon="7.108872"><ele>1393.9</ele></trkpt>
    <trkpt lat="45.96703" lon="7.108997"><ele>1396.2</ele></trkpt>
    <trkpt lat="45.967146" lon="7.10908"><ele>1398.5</ele></trkpt>
    <trkpt lat="45.967279" lon="7.109155"><ele>1400.9</ele></trkpt>
    <trkpt lat="45.967393" lon="7.109227"><ele>1403.1</ele></trkpt>
    <trkpt lat="45.967545" lon="7.109264"><ele>1405.6</ele></trkpt>
    <trkpt lat="45.967717" lon="7.109337"><ele>1407.3</ele></trkpt>
    <trkpt lat="45.967881" lon="7.10936"><ele>1409</ele></trkpt>
    <trkpt lat="45.968015" lon="7.109358"><ele>1411.3</ele></trkpt>
    <trkpt lat="45.96814" lon="7.1093"><ele>1414.1</ele></trkpt>
    <trkpt lat="45.968268" lon="7.109267"><ele>1416.6</ele></trkpt>
    <trkpt lat="45.968499" lon="7.109257"><ele>1418.4</ele></trkpt>
    <trkpt lat="45.968679" lon="7.109259"><ele>1419.2</ele></trkpt>
    <trkpt lat="45.968883" lon="7.109252"><ele>1420.2</ele></trkpt>
    <trkpt lat="45.96912" lon="7.109226"><ele>1420.3</ele></trkpt>
    <trkpt lat="45.969366" lon="7.109126"><ele>1419.5</ele></trkpt>
    <trkpt lat="45.969613" lon="7.109209"><ele>1416</ele></trkpt>
    <trkpt lat="45.969904" lon="7.109359"><ele>1412.6</ele></trkpt>
    <trkpt lat="45.970195" lon="7.109501"><ele>1409.8</ele></trkpt>
    <trkpt lat="45.970452" lon="7.109613"><ele>1406.1</ele></trkpt>
    <trkpt lat="45.970743" lon="7.109453"><ele>1403.4</ele></trkpt>
    <trkpt lat="45.970888" lon="7.109604"><ele>1403.1</ele></trkpt>
    <trkpt lat="45.970916" lon="7.10999"><ele>1401.9</ele></trkpt>
    <trkpt lat="45.971061" lon="7.110222"><ele>1392.2</ele></trkpt>
    <trkpt lat="45.970878" lon="7.110236"><ele>1385.7</ele></trkpt>
    <trkpt lat="45.970914" lon="7.110418"><ele>1375.7</ele></trkpt>
    <trkpt lat="45.970926" lon="7.110514"><ele>1369.6</ele></trkpt>
    <trkpt lat="45.971145" lon="7.110696"><ele>1363.5</ele></trkpt>
    <trkpt lat="45.971299" lon="7.110966"><ele>1357</ele></trkpt>
    <trkpt lat="45.971494" lon="7.111198"><ele>1350.8</ele></trkpt>
    <trkpt lat="45.971633" lon="7.111453"><ele>1345.7</ele></trkpt>
    <trkpt lat="45.97194" lon="7.111572"><ele>1341.6</ele></trkpt>
    <trkpt lat="45.972226" lon="7.111674"><ele>1338.6</ele></trkpt>
    <trkpt lat="45.972524" lon="7.111699"><ele>1336.5</ele></trkpt>
    <trkpt lat="45.972785" lon="7.111866"><ele>1335.4</ele></trkpt>
    <trkpt lat="45.973058" lon="7.112043"><ele>1334</ele></trkpt>
    <trkpt lat="45.973364" lon="7.112104"><ele>1333</ele></trkpt>
    <trkpt lat="45.973633" lon="7.112139"><ele>1331.6</ele></trkpt>
    <trkpt lat="45.973958" lon="7.112047"><ele>1330.2</ele></trkpt>
    <trkpt lat="45.974211" lon="7.11197"><ele>1329.7</ele></trkpt>
    <trkpt lat="45.97449" lon="7.112029"><ele>1328.3</ele></trkpt>
    <trkpt lat="45.974804" lon="7.112124"><ele>1326.8</ele></trkpt>
    <trkpt lat="45.97508" lon="7.112236"><ele>1325.9</ele></trkpt>
    <trkpt lat="45.975307" lon="7.112474"><ele>1325.2</ele></trkpt>
    <trkpt lat="45.975574" lon="7.112606"><ele>1324.1</ele></trkpt>
    <trkpt lat="45.975866" lon="7.112726"><ele>1322.5</ele></trkpt>
    <trkpt lat="45.976106" lon="7.112865"><ele>1321.5</ele></trkpt>
    <trkpt lat="45.976351" lon="7.112958"><ele>1321.2</ele></trkpt>
    <trkpt lat="45.976599" lon="7.11321"><ele>1320.6</ele></trkpt>
    <trkpt lat="45.976802" lon="7.113454"><ele>1320.3</ele></trkpt>
    <trkpt lat="45.977009" lon="7.113483"><ele>1319.8</ele></trkpt>
    <trkpt lat="45.977245" lon="7.113348"><ele>1318.7</ele></trkpt>
    <trkpt lat="45.977495" lon="7.113183"><ele>1317.3</ele></trkpt>
    <trkpt lat="45.977751" lon="7.113064"><ele>1316.4</ele></trkpt>
    <trkpt lat="45.978035" lon="7.113082"><ele>1315.7</ele></trkpt>
    <trkpt lat="45.978307" lon="7.113105"><ele>1314.9</ele></trkpt>
    <trkpt lat="45.978584" lon="7.113063"><ele>1315</ele></trkpt>
    <trkpt lat="45.97883" lon="7.113053"><ele>1314.8</ele></trkpt>
    <trkpt lat="45.979074" lon="7.112963"><ele>1314.4</ele></trkpt>
    <trkpt lat="45.979363" lon="7.112839"><ele>1313.6</ele></trkpt>
    <trkpt lat="45.97966" lon="7.112744"><ele>1313</ele></trkpt>
    <trkpt lat="45.979787" lon="7.112926"><ele>1312.9</ele></trkpt>
    <trkpt lat="45.97973" lon="7.113337"><ele>1310.6</ele></trkpt>
    <trkpt lat="45.979692" lon="7.113838"><ele>1307.4</ele></trkpt>
    <trkpt lat="45.979649" lon="7.114317"><ele>1304.7</ele></trkpt>
    <trkpt lat="45.979631" lon="7.114785"><ele>1301.8</ele></trkpt>
    <trkpt lat="45.97953" lon="7.115203"><ele>1298.7</ele></trkpt>
    <trkpt lat="45.979399" lon="7.115672"><ele>1295.1</ele></trkpt>
    <trkpt lat="45.979283" lon="7.116086"><ele>1292.7</ele></trkpt>
    <trkpt lat="45.979166" lon="7.116566"><ele>1290.3</ele></trkpt>
    <trkpt lat="45.979048" lon="7.117021"><ele>1287.8</ele></trkpt>
    <trkpt lat="45.978927" lon="7.117469"><ele>1285.7</ele></trkpt>
    <trkpt lat="45.978845" lon="7.117961"><ele>1282.9</ele></trkpt>
    <trkpt lat="45.978936" lon="7.118429"><ele>1280.3</ele></trkpt>
    <trkpt lat="45.979038" lon="7.118827"><ele>1279.7</ele></trkpt>
    <trkpt lat="45.979111" lon="7.119234"><ele>1279</ele></trkpt>
    <trkpt lat="45.979175" lon="7.119679"><ele>1278</ele></trkpt>
    <trkpt lat="45.97924" lon="7.120164"><ele>1277</ele></trkpt>
    <trkpt lat="45.979402" lon="7.120559"><ele>1276.1</ele></trkpt>
    <trkpt lat="45.979599" lon="7.120888"><ele>1275.5</ele></trkpt>
    <trkpt lat="45.979764" lon="7.121284"><ele>1274.4</ele></trkpt>
    <trkpt lat="45.979955" lon="7.121613"><ele>1271.2</ele></trkpt>
    <trkpt lat="45.980101" lon="7.121932"><ele>1265.6</ele></trkpt>
    <trkpt lat="45.980259" lon="7.12226"><ele>1258.1</ele></trkpt>
    <trkpt lat="45.980414" lon="7.12255"><ele>1250.5</ele></trkpt>
    <trkpt lat="45.98053" lon="7.122891"><ele>1244.2</ele></trkpt>
    <trkpt lat="45.980686" lon="7.12324"><ele>1238.9</ele></trkpt>
    <trkpt lat="45.980873" lon="7.123547"><ele>1233.7</ele></trkpt>
    <trkpt lat="45.981035" lon="7.123828"><ele>1227.6</ele></trkpt>
    <trkpt lat="45.981178" lon="7.124108"><ele>1221.4</ele></trkpt>
    <trkpt lat="45.981402" lon="7.123857"><ele>1212.6</ele></trkpt>
    <trkpt lat="45.98164" lon="7.123497"><ele>1210</ele></trkpt>
    <trkpt lat="45.981897" lon="7.123322"><ele>1209.7</ele></trkpt>
    <trkpt lat="45.982204" lon="7.12318"><ele>1209.6</ele></trkpt>
    <trkpt lat="45.982441" lon="7.12295"><ele>1209.7</ele></trkpt>
    <trkpt lat="45.982681" lon="7.122789"><ele>1209.9</ele></trkpt>
    <trkpt lat="45.982926" lon="7.122733"><ele>1209.8</ele></trkpt>
    <trkpt lat="45.983244" lon="7.122632"><ele>1208.5</ele></trkpt>
    <trkpt lat="45.983559" lon="7.122537"><ele>1206.9</ele></trkpt>
    <trkpt lat="45.983849" lon="7.122421"><ele>1205.6</ele></trkpt>
    <trkpt lat="45.984108" lon="7.122162"><ele>1204.5</ele></trkpt>
    <trkpt lat="45.984371" lon="7.121855"><ele>1204.7</ele></trkpt>
    <trkpt lat="45.984652" lon="7.121646"><ele>1204.9</ele></trkpt>
    <trkpt lat="45.984959" lon="7.121486"><ele>1204.6</ele></trkpt>
    <trkpt lat="45.985274" lon="7.121308"><ele>1202.7</ele></trkpt>
    <trkpt lat="45.985604" lon="7.121432"><ele>1200.8</ele></trkpt>
    <trkpt lat="45.985883" lon="7.121658"><ele>1199.3</ele></trkpt>
    <trkpt lat="45.986185" lon="7.121749"><ele>1197.6</ele></trkpt>
    <trkpt lat="45.986519" lon="7.12155"><ele>1196.3</ele></trkpt>
    <trkpt lat="45.986812" lon="7.121494"><ele>1195.8</ele></trkpt>
    <trkpt lat="45.987084" lon="7.121724"><ele>1195.1</ele></trkpt>
    <trkpt lat="45.987334" lon="7.122065"><ele>1192</ele></trkpt>
    <trkpt lat="45.98753" lon="7.122443"><ele>1188.8</ele></trkpt>
    <trkpt lat="45.987748" lon="7.1228"><ele>1185.5</ele></trkpt>
    <trkpt lat="45.98806" lon="7.122981"><ele>1181.5</ele></trkpt>
    <trkpt lat="45.988265" lon="7.123352"><ele>1177.2</ele></trkpt>
    <trkpt lat="45.988475" lon="7.123725"><ele>1173.4</ele></trkpt>
    <trkpt lat="45.988765" lon="7.123868"><ele>1170.8</ele></trkpt>
    <trkpt lat="45.988918" lon="7.123883"><ele>1168.9</ele></trkpt>
    <trkpt lat="45.988867" lon="7.123883"><ele>1168</ele></trkpt>
    <trkpt lat="45.989124" lon="7.124015"><ele>1164.3</ele></trkpt>
    <trkpt lat="45.989362" lon="7.124368"><ele>1160.1</ele></trkpt>
    <trkpt lat="45.989456" lon="7.124758"><ele>1156.5</ele></trkpt>
    <trkpt lat="45.989336" lon="7.12509"><ele>1155.7</ele></trkpt>
    <trkpt lat="45.989109" lon="7.125439"><ele>1156.2</ele></trkpt>
    <trkpt lat="45.988889" lon="7.125731"><ele>1157.2</ele></trkpt>
    <trkpt lat="45.988847" lon="7.126076"><ele>1159.7</ele></trkpt>
    <trkpt lat="45.989034" lon="7.126381"><ele>1158.8</ele></trkpt>
    <trkpt lat="45.989338" lon="7.126555"><ele>1156.5</ele></trkpt>
    <trkpt lat="45.989681" lon="7.126681"><ele>1153.6</ele></trkpt>
    <trkpt lat="45.989995" lon="7.126801"><ele>1152.4</ele></trkpt>
    <trkpt lat="45.990337" lon="7.126761"><ele>1150.3</ele></trkpt>
    <trkpt lat="45.990665" lon="7.126725"><ele>1148.1</ele></trkpt>
    <trkpt lat="45.990986" lon="7.126772"><ele>1145.4</ele></trkpt>
    <trkpt lat="45.99132" lon="7.126854"><ele>1142.5</ele></trkpt>
    <trkpt lat="45.991665" lon="7.126857"><ele>1139.5</ele></trkpt>
    <trkpt lat="45.992029" lon="7.126844"><ele>1136.4</ele></trkpt>
    <trkpt lat="45.992386" lon="7.126811"><ele>1133.2</ele></trkpt>
    <trkpt lat="45.992735" lon="7.126764"><ele>1130.9</ele></trkpt>
    <trkpt lat="45.993051" lon="7.126796"><ele>1130.9</ele></trkpt>
    <trkpt lat="45.99336" lon="7.126959"><ele>1131</ele></trkpt>
    <trkpt lat="45.993658" lon="7.127146"><ele>1130.6</ele></trkpt>
    <trkpt lat="45.993956" lon="7.127224"><ele>1129.9</ele></trkpt>
    <trkpt lat="45.994262" lon="7.127381"><ele>1128.1</ele></trkpt>
    <trkpt lat="45.994522" lon="7.127603"><ele>1126.4</ele></trkpt>
    <trkpt lat="45.994818" lon="7.127729"><ele>1124</ele></trkpt>
    <trkpt lat="45.995117" lon="7.127851"><ele>1121.6</ele></trkpt>
    <trkpt lat="45.995318" lon="7.128073"><ele>1120.5</ele></trkpt>
    <trkpt lat="45.995612" lon="7.128164"><ele>1119.1</ele></trkpt>
    <trkpt lat="45.995959" lon="7.128163"><ele>1117.2</ele></trkpt>
    <trkpt lat="45.996279" lon="7.128236"><ele>1115.7</ele></trkpt>
    <trkpt lat="45.996585" lon="7.128264"><ele>1114.7</ele></trkpt>
    <trkpt lat="45.996878" lon="7.128296"><ele>1114</ele></trkpt>
    <trkpt lat="45.997138" lon="7.128338"><ele>1114.7</ele></trkpt>
    <trkpt lat="45.997378" lon="7.128345"><ele>1116.2</ele></trkpt>
    <trkpt lat="45.997621" lon="7.128275"><ele>1117.8</ele></trkpt>
    <trkpt lat="45.997841" lon="7.128169"><ele>1118.5</ele></trkpt>
    <trkpt lat="45.99808" lon="7.128218"><ele>1117.4</ele></trkpt>
    <trkpt lat="45.998292" lon="7.128214"><ele>1116</ele></trkpt>
    <trkpt lat="45.998484" lon="7.127941"><ele>1114.8</ele></trkpt>
    <trkpt lat="45.998796" lon="7.127977"><ele>1112.2</ele></trkpt>
    <trkpt lat="45.999087" lon="7.127993"><ele>1110.6</ele></trkpt>
    <trkpt lat="45.999371" lon="7.128107"><ele>1108.5</ele></trkpt>
    <trkpt lat="45.999671" lon="7.128291"><ele>1105.1</ele></trkpt>
    <trkpt lat="46.000003" lon="7.128298"><ele>1101.9</ele></trkpt>
    <trkpt lat="46.000328" lon="7.128196"><ele>1100</ele></trkpt>
    <trkpt lat="46.00063" lon="7.128123"><ele>1097.9</ele></trkpt>
    <trkpt lat="46.000884" lon="7.127846"><ele>1093.1</ele></trkpt>
    <trkpt lat="46.001191" lon="7.127633"><ele>1087.9</ele></trkpt>
    <trkpt lat="46.00147" lon="7.12747"><ele>1081.7</ele></trkpt>
    <trkpt lat="46.001642" lon="7.127296"><ele>1077</ele></trkpt>
    <trkpt lat="46.001964" lon="7.127145"><ele>1074.6</ele></trkpt>
    <trkpt lat="46.002257" lon="7.126893"><ele>1070.8</ele></trkpt>
    <trkpt lat="46.002542" lon="7.126619"><ele>1066</ele></trkpt>
    <trkpt lat="46.00262" lon="7.126186"><ele>1064</ele></trkpt>
    <trkpt lat="46.002661" lon="7.125826"><ele>1063.3</ele></trkpt>
    <trkpt lat="46.002892" lon="7.125734"><ele>1062.6</ele></trkpt>
    <trkpt lat="46.003227" lon="7.125608"><ele>1060.7</ele></trkpt>
    <trkpt lat="46.003529" lon="7.125369"><ele>1059.2</ele></trkpt>
    <trkpt lat="46.003829" lon="7.125216"><ele>1058.2</ele></trkpt>
    <trkpt lat="46.004117" lon="7.125046"><ele>1057.8</ele></trkpt>
    <trkpt lat="46.004393" lon="7.124844"><ele>1058.5</ele></trkpt>
    <trkpt lat="46.004666" lon="7.124656"><ele>1058.9</ele></trkpt>
    <trkpt lat="46.004929" lon="7.124519"><ele>1059.2</ele></trkpt>
    <trkpt lat="46.005149" lon="7.124378"><ele>1061.2</ele></trkpt>
    <trkpt lat="46.005341" lon="7.124314"><ele>1063.7</ele></trkpt>
    <trkpt lat="46.005497" lon="7.124275"><ele>1066.3</ele></trkpt>
    <trkpt lat="46.005645" lon="7.124223"><ele>1069.3</ele></trkpt>
    <trkpt lat="46.005773" lon="7.124085"><ele>1072.6</ele></trkpt>
    <trkpt lat="46.005893" lon="7.123913"><ele>1076.6</ele></trkpt>
    <trkpt lat="46.006024" lon="7.12376"><ele>1079.1</ele></trkpt>
    <trkpt lat="46.006037" lon="7.123613"><ele>1081.1</ele></trkpt>
    <trkpt lat="46.006055" lon="7.123453"><ele>1084.6</ele></trkpt>
    <trkpt lat="46.006103" lon="7.123295"><ele>1088.2</ele></trkpt>
    <trkpt lat="46.006167" lon="7.123188"><ele>1091.2</ele></trkpt>
    <trkpt lat="46.00626" lon="7.123217"><ele>1094.5</ele></trkpt>
    <trkpt lat="46.006315" lon="7.123384"><ele>1096.2</ele></trkpt>
    <trkpt lat="46.006374" lon="7.123525"><ele>1097.7</ele></trkpt>
    <trkpt lat="46.006495" lon="7.123629"><ele>1099.1</ele></trkpt>
    <trkpt lat="46.006706" lon="7.123582"><ele>1100</ele></trkpt>
    <trkpt lat="46.006877" lon="7.123537"><ele>1101.3</ele></trkpt>
    <trkpt lat="46.006989" lon="7.1234"><ele>1102.5</ele></trkpt>
    <trkpt lat="46.00707" lon="7.123228"><ele>1103.9</ele></trkpt>
    <trkpt lat="46.007215" lon="7.12322"><ele>1105.9</ele></trkpt>
    <trkpt lat="46.007289" lon="7.12331"><ele>1107.8</ele></trkpt>
    <trkpt lat="46.007423" lon="7.123306"><ele>1110.8</ele></trkpt>
    <trkpt lat="46.007504" lon="7.123184"><ele>1113</ele></trkpt>
    <trkpt lat="46.007577" lon="7.123088"><ele>1114.2</ele></trkpt>
    <trkpt lat="46.007771" lon="7.123022"><ele>1114.8</ele></trkpt>
    <trkpt lat="46.008001" lon="7.12304"><ele>1114.6</ele></trkpt>
    <trkpt lat="46.00892" lon="7.12333"><ele>1112</ele></trkpt>
    <trkpt lat="46.00969" lon="7.12275"><ele>1150</ele></trkpt>
    <trkpt lat="46.01002" lon="7.12113"><ele>1166</ele></trkpt>
    <trkpt lat="46.01049" lon="7.12004"><ele>1178</ele></trkpt>
    <trkpt lat="46.01094" lon="7.11902"><ele>1192</ele></trkpt>
    <trkpt lat="46.01139" lon="7.11794"><ele>1200</ele></trkpt>
    <trkpt lat="46.01176" lon="7.11925"><ele>1214</ele></trkpt>
    <trkpt lat="46.01289" lon="7.11969"><ele>1230</ele></trkpt>
    <trkpt lat="46.01372" lon="7.12071"><ele>1249</ele></trkpt>
    <trkpt lat="46.01581" lon="7.11967"><ele>1297</ele></trkpt>
    <trkpt lat="46.01732" lon="7.11913"><ele>1328</ele></trkpt>
    <trkpt lat="46.0183" lon="7.11974"><ele>1338</ele></trkpt>
    <trkpt lat="46.01816" lon="7.11924"><ele>1350</ele></trkpt>
    <trkpt lat="46.0185" lon="7.11799"><ele>1395</ele></trkpt>
    <trkpt lat="46.019013" lon="7.11834"><ele>1406.4</ele></trkpt>
    <trkpt lat="46.019202" lon="7.118429"><ele>1406.9</ele></trkpt>
    <trkpt lat="46.019413" lon="7.118684"><ele>1405.1</ele></trkpt>
    <trkpt lat="46.019563" lon="7.1188"><ele>1406.4</ele></trkpt>
    <trkpt lat="46.019716" lon="7.118872"><ele>1407.7</ele></trkpt>
    <trkpt lat="46.019889" lon="7.118897"><ele>1409.2</ele></trkpt>
    <trkpt lat="46.020066" lon="7.118981"><ele>1410.6</ele></trkpt>
    <trkpt lat="46.02029" lon="7.119061"><ele>1410</ele></trkpt>
    <trkpt lat="46.020491" lon="7.118775"><ele>1408.9</ele></trkpt>
    <trkpt lat="46.020643" lon="7.11881"><ele>1404.9</ele></trkpt>
    <trkpt lat="46.020899" lon="7.118993"><ele>1401.3</ele></trkpt>
    <trkpt lat="46.021138" lon="7.119182"><ele>1400.7</ele></trkpt>
    <trkpt lat="46.021329" lon="7.119228"><ele>1401.5</ele></trkpt>
    <trkpt lat="46.021587" lon="7.119275"><ele>1401.6</ele></trkpt>
    <trkpt lat="46.021794" lon="7.11945"><ele>1402.6</ele></trkpt>
    <trkpt lat="46.022005" lon="7.119542"><ele>1404.3</ele></trkpt>
    <trkpt lat="46.022116" lon="7.119584"><ele>1406.3</ele></trkpt>
    <trkpt lat="46.022271" lon="7.119806"><ele>1407.9</ele></trkpt>
    <trkpt lat="46.022443" lon="7.12001"><ele>1405.9</ele></trkpt>
    <trkpt lat="46.022679" lon="7.120065"><ele>1403.3</ele></trkpt>
    <trkpt lat="46.02283" lon="7.120053"><ele>1405.8</ele></trkpt>
    <trkpt lat="46.02296" lon="7.120152"><ele>1408.2</ele></trkpt>
    <trkpt lat="46.023064" lon="7.120217"><ele>1410.2</ele></trkpt>
    <trkpt lat="46.023146" lon="7.120317"><ele>1412.2</ele></trkpt>
    <trkpt lat="46.023236" lon="7.120421"><ele>1413.9</ele></trkpt>
    <trkpt lat="46.023368" lon="7.120582"><ele>1415.9</ele></trkpt>
    <trkpt lat="46.023513" lon="7.120642"><ele>1418.4</ele></trkpt>
    <trkpt lat="46.023631" lon="7.120679"><ele>1420.9</ele></trkpt>
    <trkpt lat="46.023738" lon="7.120661"><ele>1423.3</ele></trkpt>
    <trkpt lat="46.023829" lon="7.120633"><ele>1425.4</ele></trkpt>
    <trkpt lat="46.023921" lon="7.120739"><ele>1427.3</ele></trkpt>
    <trkpt lat="46.024049" lon="7.120932"><ele>1428.2</ele></trkpt>
    <trkpt lat="46.024234" lon="7.120959"><ele>1431.5</ele></trkpt>
    <trkpt lat="46.024408" lon="7.121043"><ele>1433.7</ele></trkpt>
    <trkpt lat="46.0245" lon="7.121239"><ele>1435</ele></trkpt>
    <trkpt lat="46.024575" lon="7.121448"><ele>1436.7</ele></trkpt>
    <trkpt lat="46.024662" lon="7.121608"><ele>1438.3</ele></trkpt>
    <trkpt lat="46.024786" lon="7.121713"><ele>1440.1</ele></trkpt>
    <trkpt lat="46.024889" lon="7.121713"><ele>1441.4</ele></trkpt>
    <trkpt lat="46.02503" lon="7.121672"><ele>1443</ele></trkpt>
    <trkpt lat="46.025175" lon="7.121651"><ele>1444.4</ele></trkpt>
    <trkpt lat="46.025289" lon="7.12161"><ele>1445.5</ele></trkpt>
    <trkpt lat="46.025426" lon="7.121464"><ele>1447.3</ele></trkpt>
    <trkpt lat="46.025531" lon="7.12131"><ele>1449.2</ele></trkpt>
    <trkpt lat="46.025614" lon="7.121216"><ele>1450.6</ele></trkpt>
    <trkpt lat="46.025684" lon="7.121192"><ele>1451.6</ele></trkpt>
    <trkpt lat="46.025779" lon="7.121138"><ele>1453</ele></trkpt>
    <trkpt lat="46.025905" lon="7.121116"><ele>1454.7</ele></trkpt>
    <trkpt lat="46.026022" lon="7.121124"><ele>1456.1</ele></trkpt>
    <trkpt lat="46.025984" lon="7.121182"><ele>1456.8</ele></trkpt>
    <trkpt lat="46.025852" lon="7.121277"><ele>1457.9</ele></trkpt>
    <trkpt lat="46.025718" lon="7.121438"><ele>1459.1</ele></trkpt>
    <trkpt lat="46.025596" lon="7.121617"><ele>1460.1</ele></trkpt>
    <trkpt lat="46.025511" lon="7.121832"><ele>1460.7</ele></trkpt>
    <trkpt lat="46.025429" lon="7.122062"><ele>1462.2</ele></trkpt>
    <trkpt lat="46.025471" lon="7.122379"><ele>1465.5</ele></trkpt>
    <trkpt lat="46.025638" lon="7.122478"><ele>1467.2</ele></trkpt>
    <trkpt lat="46.025776" lon="7.122303"><ele>1468.7</ele></trkpt>
    <trkpt lat="46.025776" lon="7.122303"><ele>1468.7</ele></trkpt>
    <trkpt lat="46.025776" lon="7.122303"><ele>1468.7</ele></trkpt>
    <trkpt lat="46.025776" lon="7.122303"><ele>1468.7</ele></trkpt>
    <trkpt lat="46.025776" lon="7.122303"><ele>1468.7</ele></trkpt>
    <trkpt lat="46.025807" lon="7.122259"><ele>1468.7</ele></trkpt>
    <trkpt lat="46.025808" lon="7.122432"><ele>1470.5</ele></trkpt>
    <trkpt lat="46.026014" lon="7.12252"><ele>1474.6</ele></trkpt>
    <trkpt lat="46.026232" lon="7.122366"><ele>1475.6</ele></trkpt>
    <trkpt lat="46.026448" lon="7.12211"><ele>1475.3</ele></trkpt>
    <trkpt lat="46.026607" lon="7.121782"><ele>1474.8</ele></trkpt>
    <trkpt lat="46.026752" lon="7.121511"><ele>1475.1</ele></trkpt>
    <trkpt lat="46.026913" lon="7.121309"><ele>1475.6</ele></trkpt>
    <trkpt lat="46.027046" lon="7.121062"><ele>1475.9</ele></trkpt>
    <trkpt lat="46.027209" lon="7.120706"><ele>1476.4</ele></trkpt>
    <trkpt lat="46.027414" lon="7.12044"><ele>1474.2</ele></trkpt>
    <trkpt lat="46.027679" lon="7.120308"><ele>1472.7</ele></trkpt>
    <trkpt lat="46.027952" lon="7.120145"><ele>1472.4</ele></trkpt>
    <trkpt lat="46.028115" lon="7.1198"><ele>1472.5</ele></trkpt>
    <trkpt lat="46.028154" lon="7.119367"><ele>1472.9</ele></trkpt>
    <trkpt lat="46.028162" lon="7.118941"><ele>1473.1</ele></trkpt>
    <trkpt lat="46.028239" lon="7.118543"><ele>1473.3</ele></trkpt>
    <trkpt lat="46.028418" lon="7.118211"><ele>1473.3</ele></trkpt>
    <trkpt lat="46.028655" lon="7.117975"><ele>1473.4</ele></trkpt>
    <trkpt lat="46.028914" lon="7.117755"><ele>1473.4</ele></trkpt>
    <trkpt lat="46.029113" lon="7.11747"><ele>1473.5</ele></trkpt>
    <trkpt lat="46.029337" lon="7.117201"><ele>1474</ele></trkpt>
    <trkpt lat="46.029627" lon="7.117033"><ele>1473.6</ele></trkpt>
    <trkpt lat="46.029875" lon="7.116812"><ele>1473.7</ele></trkpt>
    <trkpt lat="46.030069" lon="7.11649"><ele>1473.9</ele></trkpt>
    <trkpt lat="46.030234" lon="7.116166"><ele>1474.2</ele></trkpt>
    <trkpt lat="46.03039" lon="7.115818"><ele>1474.5</ele></trkpt>
    <trkpt lat="46.030545" lon="7.115474"><ele>1474.5</ele></trkpt>
    <trkpt lat="46.030646" lon="7.115103"><ele>1474.5</ele></trkpt>
    <trkpt lat="46.030708" lon="7.114679"><ele>1474.6</ele></trkpt>
    <trkpt lat="46.030773" lon="7.114263"><ele>1475.1</ele></trkpt>
    <trkpt lat="46.030864" lon="7.113883"><ele>1475.8</ele></trkpt>
    <trkpt lat="46.030962" lon="7.11353"><ele>1477.4</ele></trkpt>
    <trkpt lat="46.031072" lon="7.113209"><ele>1479.9</ele></trkpt>
    <trkpt lat="46.031184" lon="7.112915"><ele>1482.7</ele></trkpt>
    <trkpt lat="46.031282" lon="7.112631"><ele>1485.2</ele></trkpt>
    <trkpt lat="46.031368" lon="7.112359"><ele>1486.4</ele></trkpt>
    <trkpt lat="46.031474" lon="7.112051"><ele>1488</ele></trkpt>
    <trkpt lat="46.031584" lon="7.111747"><ele>1488.7</ele></trkpt>
    <trkpt lat="46.031646" lon="7.111424"><ele>1488.8</ele></trkpt>
    <trkpt lat="46.031727" lon="7.111017"><ele>1488.3</ele></trkpt>
    <trkpt lat="46.031819" lon="7.110605"><ele>1488.3</ele></trkpt>
    <trkpt lat="46.031919" lon="7.110212"><ele>1488.6</ele></trkpt>
    <trkpt lat="46.032009" lon="7.109841"><ele>1488.9</ele></trkpt>
    <trkpt lat="46.031985" lon="7.109475"><ele>1489</ele></trkpt>
    <trkpt lat="46.031906" lon="7.109116"><ele>1489.6</ele></trkpt>
    <trkpt lat="46.031932" lon="7.108769"><ele>1490.3</ele></trkpt>
    <trkpt lat="46.031968" lon="7.108421"><ele>1490.1</ele></trkpt>
    <trkpt lat="46.031838" lon="7.108195"><ele>1492.3</ele></trkpt>
    <trkpt lat="46.031688" lon="7.108097"><ele>1494.2</ele></trkpt>
    <trkpt lat="46.031573" lon="7.108009"><ele>1495.7</ele></trkpt>
    <trkpt lat="46.031482" lon="7.107822"><ele>1497.5</ele></trkpt>
    <trkpt lat="46.031562" lon="7.107513"><ele>1499.2</ele></trkpt>
    <trkpt lat="46.031644" lon="7.107181"><ele>1500.9</ele></trkpt>
    <trkpt lat="46.031744" lon="7.106862"><ele>1501.7</ele></trkpt>
    <trkpt lat="46.031857" lon="7.10655"><ele>1501.8</ele></trkpt>
    <trkpt lat="46.032039" lon="7.106232"><ele>1500.6</ele></trkpt>
    <trkpt lat="46.03226" lon="7.105971"><ele>1499.6</ele></trkpt>
    <trkpt lat="46.032325" lon="7.105569"><ele>1499.4</ele></trkpt>
    <trkpt lat="46.032393" lon="7.105201"><ele>1499.6</ele></trkpt>
    <trkpt lat="46.032443" lon="7.104853"><ele>1499.4</ele></trkpt>
    <trkpt lat="46.032504" lon="7.104462"><ele>1498.8</ele></trkpt>
    <trkpt lat="46.032574" lon="7.104084"><ele>1498.7</ele></trkpt>
    <trkpt lat="46.032676" lon="7.103843"><ele>1499.3</ele></trkpt>
    <trkpt lat="46.032799" lon="7.103669"><ele>1499.8</ele></trkpt>
    <trkpt lat="46.03299" lon="7.103403"><ele>1499.6</ele></trkpt>
    <trkpt lat="46.033113" lon="7.103159"><ele>1498.7</ele></trkpt>
    <trkpt lat="46.033304" lon="7.102971"><ele>1497.5</ele></trkpt>
    <trkpt lat="46.033589" lon="7.102794"><ele>1494.3</ele></trkpt>
    <trkpt lat="46.033816" lon="7.102513"><ele>1490.6</ele></trkpt>
    <trkpt lat="46.034042" lon="7.10213"><ele>1487.2</ele></trkpt>
    <trkpt lat="46.034198" lon="7.101727"><ele>1484</ele></trkpt>
    <trkpt lat="46.034285" lon="7.101345"><ele>1481</ele></trkpt>
    <trkpt lat="46.03412" lon="7.100908"><ele>1477.6</ele></trkpt>
    <trkpt lat="46.033988" lon="7.100487"><ele>1474.4</ele></trkpt>
    <trkpt lat="46.033946" lon="7.100049"><ele>1471.1</ele></trkpt>
    <trkpt lat="46.034017" lon="7.099607"><ele>1468</ele></trkpt>
    <trkpt lat="46.034119" lon="7.099184"><ele>1465.2</ele></trkpt>
    <trkpt lat="46.034358" lon="7.098808"><ele>1462.1</ele></trkpt>
    <trkpt lat="46.034686" lon="7.098588"><ele>1458.6</ele></trkpt>
    <trkpt lat="46.034896" lon="7.098212"><ele>1455.1</ele></trkpt>
    <trkpt lat="46.035124" lon="7.09791"><ele>1451.9</ele></trkpt>
    <trkpt lat="46.035376" lon="7.097656"><ele>1448.7</ele></trkpt>
    <trkpt lat="46.035647" lon="7.097388"><ele>1445.3</ele></trkpt>
    <trkpt lat="46.03595" lon="7.097137"><ele>1441.8</ele></trkpt>
    <trkpt lat="46.036215" lon="7.096903"><ele>1439.1</ele></trkpt>
    <trkpt lat="46.03641" lon="7.096548"><ele>1436.9</ele></trkpt>
    <trkpt lat="46.036571" lon="7.096145"><ele>1435.4</ele></trkpt>
    <trkpt lat="46.036806" lon="7.095985"><ele>1434.7</ele></trkpt>
    <trkpt lat="46.037054" lon="7.095973"><ele>1434.1</ele></trkpt>
    <trkpt lat="46.037363" lon="7.095921"><ele>1433.4</ele></trkpt>
    <trkpt lat="46.037645" lon="7.095815"><ele>1432.6</ele></trkpt>
    <trkpt lat="46.037935" lon="7.095588"><ele>1430.8</ele></trkpt>
    <trkpt lat="46.038213" lon="7.095337"><ele>1428.2</ele></trkpt>
    <trkpt lat="46.038508" lon="7.0951"><ele>1425.4</ele></trkpt>
    <trkpt lat="46.038778" lon="7.094923"><ele>1422.7</ele></trkpt>
    <trkpt lat="46.039059" lon="7.09467"><ele>1420.1</ele></trkpt>
    <trkpt lat="46.039354" lon="7.094431"><ele>1417.9</ele></trkpt>
    <trkpt lat="46.039615" lon="7.094178"><ele>1415.8</ele></trkpt>
    <trkpt lat="46.039925" lon="7.093939"><ele>1413.3</ele></trkpt>
    <trkpt lat="46.040112" lon="7.093613"><ele>1411.7</ele></trkpt>
    <trkpt lat="46.04019" lon="7.093167"><ele>1410.1</ele></trkpt>
    <trkpt lat="46.040381" lon="7.092779"><ele>1408.8</ele></trkpt>
    <trkpt lat="46.040597" lon="7.092476"><ele>1407.9</ele></trkpt>
    <trkpt lat="46.04086" lon="7.092193"><ele>1406.8</ele></trkpt>
    <trkpt lat="46.040961" lon="7.091814"><ele>1405.8</ele></trkpt>
    <trkpt lat="46.041149" lon="7.091512"><ele>1404.8</ele></trkpt>
    <trkpt lat="46.041369" lon="7.091226"><ele>1403.7</ele></trkpt>
    <trkpt lat="46.041536" lon="7.09085"><ele>1402.6</ele></trkpt>
    <trkpt lat="46.04175" lon="7.0905"><ele>1401.4</ele></trkpt>
    <trkpt lat="46.041974" lon="7.090213"><ele>1400.3</ele></trkpt>
    <trkpt lat="46.042164" lon="7.089964"><ele>1399.3</ele></trkpt>
    <trkpt lat="46.042433" lon="7.08973"><ele>1398</ele></trkpt>
    <trkpt lat="46.042654" lon="7.089458"><ele>1396.6</ele></trkpt>
    <trkpt lat="46.042839" lon="7.089127"><ele>1395.3</ele></trkpt>
    <trkpt lat="46.043086" lon="7.088965"><ele>1394.3</ele></trkpt>
    <trkpt lat="46.043295" lon="7.089003"><ele>1393.5</ele></trkpt>
    <trkpt lat="46.043585" lon="7.088879"><ele>1392.6</ele></trkpt>
    <trkpt lat="46.043897" lon="7.088728"><ele>1392.1</ele></trkpt>
    <trkpt lat="46.044112" lon="7.088546"><ele>1393.3</ele></trkpt>
    <trkpt lat="46.044175" lon="7.088332"><ele>1395.4</ele></trkpt>
    <trkpt lat="46.044208" lon="7.088154"><ele>1397.3</ele></trkpt>
    <trkpt lat="46.044373" lon="7.088002"><ele>1399.1</ele></trkpt>
    <trkpt lat="46.044622" lon="7.087755"><ele>1397.8</ele></trkpt>
    <trkpt lat="46.044831" lon="7.087515"><ele>1397.4</ele></trkpt>
    <trkpt lat="46.045033" lon="7.087489"><ele>1396.8</ele></trkpt>
    <trkpt lat="46.045281" lon="7.087597"><ele>1391.6</ele></trkpt>
    <trkpt lat="46.045529" lon="7.087545"><ele>1386</ele></trkpt>
    <trkpt lat="46.045773" lon="7.087208"><ele>1382.7</ele></trkpt>
    <trkpt lat="46.046002" lon="7.086878"><ele>1378.2</ele></trkpt>
    <trkpt lat="46.046209" lon="7.08651"><ele>1372.7</ele></trkpt>
    <trkpt lat="46.046404" lon="7.08613"><ele>1368.9</ele></trkpt>
    <trkpt lat="46.046578" lon="7.085808"><ele>1366.1</ele></trkpt>
    <trkpt lat="46.046731" lon="7.08562"><ele>1364.7</ele></trkpt>
    <trkpt lat="46.046884" lon="7.085465"><ele>1363.8</ele></trkpt>
    <trkpt lat="46.047069" lon="7.085471"><ele>1361.9</ele></trkpt>
    <trkpt lat="46.047277" lon="7.08544"><ele>1358.5</ele></trkpt>
    <trkpt lat="46.047467" lon="7.085358"><ele>1353.6</ele></trkpt>
    <trkpt lat="46.047638" lon="7.085257"><ele>1349.1</ele></trkpt>
    <trkpt lat="46.047827" lon="7.085152"><ele>1344.8</ele></trkpt>
    <trkpt lat="46.048019" lon="7.08491"><ele>1341.8</ele></trkpt>
    <trkpt lat="46.048228" lon="7.084636"><ele>1338.5</ele></trkpt>
    <trkpt lat="46.048307" lon="7.084397"><ele>1336.3</ele></trkpt>
    <trkpt lat="46.048188" lon="7.084121"><ele>1333.3</ele></trkpt>
    <trkpt lat="46.048119" lon="7.083755"><ele>1332</ele></trkpt>
    <trkpt lat="46.048172" lon="7.083562"><ele>1332.2</ele></trkpt>
    <trkpt lat="46.048251" lon="7.083243"><ele>1332.1</ele></trkpt>
    <trkpt lat="46.048371" lon="7.083008"><ele>1331.7</ele></trkpt>
    <trkpt lat="46.048464" lon="7.082891"><ele>1331.9</ele></trkpt>
    <trkpt lat="46.048576" lon="7.082761"><ele>1333</ele></trkpt>
    <trkpt lat="46.048678" lon="7.082679"><ele>1334.5</ele></trkpt>
    <trkpt lat="46.048815" lon="7.082583"><ele>1337</ele></trkpt>
    <trkpt lat="46.048935" lon="7.082528"><ele>1339</ele></trkpt>
    <trkpt lat="46.049056" lon="7.082458"><ele>1341.1</ele></trkpt>
    <trkpt lat="46.049154" lon="7.082246"><ele>1342.8</ele></trkpt>
    <trkpt lat="46.049204" lon="7.081868"><ele>1340.2</ele></trkpt>
    <trkpt lat="46.049385" lon="7.08152"><ele>1335.7</ele></trkpt>
    <trkpt lat="46.049597" lon="7.081215"><ele>1330.8</ele></trkpt>
    <trkpt lat="46.049643" lon="7.080846"><ele>1331.4</ele></trkpt>
    <trkpt lat="46.049664" lon="7.080506"><ele>1332.7</ele></trkpt>
    <trkpt lat="46.049645" lon="7.080165"><ele>1334</ele></trkpt>
    <trkpt lat="46.049646" lon="7.079861"><ele>1335.2</ele></trkpt>
    <trkpt lat="46.04978" lon="7.07962"><ele>1336.4</ele></trkpt>
    <trkpt lat="46.0499" lon="7.079385"><ele>1337.8</ele></trkpt>
    <trkpt lat="46.050007" lon="7.079107"><ele>1338.7</ele></trkpt>
    <trkpt lat="46.050093" lon="7.078929"><ele>1339</ele></trkpt>
    <trkpt lat="46.050171" lon="7.07857"><ele>1339.8</ele></trkpt>
    <trkpt lat="46.050273" lon="7.078275"><ele>1340.8</ele></trkpt>
    <trkpt lat="46.050389" lon="7.077991"><ele>1341.8</ele></trkpt>
    <trkpt lat="46.050512" lon="7.077694"><ele>1342.8</ele></trkpt>
    <trkpt lat="46.050662" lon="7.077441"><ele>1343.9</ele></trkpt>
    <trkpt lat="46.050777" lon="7.077215"><ele>1344.8</ele></trkpt>
    <trkpt lat="46.050901" lon="7.076959"><ele>1345.8</ele></trkpt>
    <trkpt lat="46.051029" lon="7.076776"><ele>1346.7</ele></trkpt>
    <trkpt lat="46.051196" lon="7.076554"><ele>1347.6</ele></trkpt>
    <trkpt lat="46.05134" lon="7.076268"><ele>1348.6</ele></trkpt>
    <trkpt lat="46.05144" lon="7.075929"><ele>1349.8</ele></trkpt>
    <trkpt lat="46.051558" lon="7.075644"><ele>1350.9</ele></trkpt>
    <trkpt lat="46.051764" lon="7.075385"><ele>1351.9</ele></trkpt>
    <trkpt lat="46.051935" lon="7.075145"><ele>1352.8</ele></trkpt>
    <trkpt lat="46.05202" lon="7.074838"><ele>1353.8</ele></trkpt>
    <trkpt lat="46.052088" lon="7.074482"><ele>1355.2</ele></trkpt>
    <trkpt lat="46.052186" lon="7.074177"><ele>1356.4</ele></trkpt>
    <trkpt lat="46.052265" lon="7.073893"><ele>1357.4</ele></trkpt>
    <trkpt lat="46.052233" lon="7.073547"><ele>1358.6</ele></trkpt>
    <trkpt lat="46.052091" lon="7.073306"><ele>1359.7</ele></trkpt>
    <trkpt lat="46.052047" lon="7.072948"><ele>1360.6</ele></trkpt>
    <trkpt lat="46.052018" lon="7.072605"><ele>1361.8</ele></trkpt>
    <trkpt lat="46.052012" lon="7.072276"><ele>1362.5</ele></trkpt>
    <trkpt lat="46.051833" lon="7.072034"><ele>1363.2</ele></trkpt>
    <trkpt lat="46.051706" lon="7.071776"><ele>1364.3</ele></trkpt>
    <trkpt lat="46.05154" lon="7.071601"><ele>1365.9</ele></trkpt>
    <trkpt lat="46.051362" lon="7.071439"><ele>1367.7</ele></trkpt>
    <trkpt lat="46.051156" lon="7.071295"><ele>1369.8</ele></trkpt>
    <trkpt lat="46.050981" lon="7.071137"><ele>1371.6</ele></trkpt>
    <trkpt lat="46.050806" lon="7.070964"><ele>1373.5</ele></trkpt>
    <trkpt lat="46.050636" lon="7.070823"><ele>1375.5</ele></trkpt>
    <trkpt lat="46.050521" lon="7.070631"><ele>1377.2</ele></trkpt>
    <trkpt lat="46.050387" lon="7.070435"><ele>1379.1</ele></trkpt>
    <trkpt lat="46.050257" lon="7.070239"><ele>1381.2</ele></trkpt>
    <trkpt lat="46.050101" lon="7.070124"><ele>1383.2</ele></trkpt>
    <trkpt lat="46.049945" lon="7.070006"><ele>1384.8</ele></trkpt>
    <trkpt lat="46.049794" lon="7.069837"><ele>1386.2</ele></trkpt>
    <trkpt lat="46.049644" lon="7.069683"><ele>1388</ele></trkpt>
    <trkpt lat="46.049497" lon="7.069509"><ele>1389.6</ele></trkpt>
    <trkpt lat="46.049365" lon="7.069328"><ele>1391.3</ele></trkpt>
    <trkpt lat="46.049208" lon="7.069154"><ele>1393.2</ele></trkpt>
    <trkpt lat="46.049076" lon="7.068959"><ele>1395</ele></trkpt>
    <trkpt lat="46.04895" lon="7.068763"><ele>1396.7</ele></trkpt>
    <trkpt lat="46.048812" lon="7.068575"><ele>1398.6</ele></trkpt>
    <trkpt lat="46.048667" lon="7.068413"><ele>1400.3</ele></trkpt>
    <trkpt lat="46.04851" lon="7.068231"><ele>1402.3</ele></trkpt>
    <trkpt lat="46.048356" lon="7.068063"><ele>1404.1</ele></trkpt>
    <trkpt lat="46.048192" lon="7.067889"><ele>1406</ele></trkpt>
    <trkpt lat="46.048083" lon="7.067666"><ele>1407.9</ele></trkpt>
    <trkpt lat="46.048005" lon="7.067466"><ele>1409.4</ele></trkpt>
    <trkpt lat="46.047856" lon="7.067296"><ele>1411.3</ele></trkpt>
    <trkpt lat="46.047725" lon="7.067089"><ele>1413.3</ele></trkpt>
    <trkpt lat="46.047697" lon="7.066863"><ele>1414.9</ele></trkpt>
    <trkpt lat="46.047591" lon="7.066694"><ele>1416.6</ele></trkpt>
    <trkpt lat="46.047522" lon="7.066456"><ele>1418.6</ele></trkpt>
    <trkpt lat="46.04752" lon="7.066187"><ele>1420.2</ele></trkpt>
    <trkpt lat="46.04745" lon="7.065924"><ele>1422.4</ele></trkpt>
    <trkpt lat="46.047342" lon="7.065811"><ele>1425.1</ele></trkpt>
    <trkpt lat="46.047234" lon="7.065757"><ele>1427.8</ele></trkpt>
    <trkpt lat="46.047125" lon="7.065705"><ele>1430.6</ele></trkpt>
    <trkpt lat="46.047028" lon="7.06566"><ele>1432.9</ele></trkpt>
    <trkpt lat="46.046993" lon="7.065532"><ele>1434.9</ele></trkpt>
    <trkpt lat="46.046985" lon="7.065382"><ele>1437.2</ele></trkpt>
    <trkpt lat="46.046953" lon="7.065242"><ele>1439.5</ele></trkpt>
    <trkpt lat="46.046964" lon="7.065062"><ele>1444.8</ele></trkpt>
    <trkpt lat="46.04689" lon="7.065019"><ele>1447.3</ele></trkpt>
    <trkpt lat="46.046799" lon="7.064975"><ele>1449.9</ele></trkpt>
    <trkpt lat="46.046741" lon="7.064883"><ele>1452.2</ele></trkpt>
    <trkpt lat="46.046672" lon="7.064784"><ele>1454.5</ele></trkpt>
    <trkpt lat="46.046604" lon="7.064676"><ele>1456.8</ele></trkpt>
    <trkpt lat="46.046532" lon="7.064562"><ele>1459.4</ele></trkpt>
    <trkpt lat="46.046471" lon="7.064436"><ele>1462</ele></trkpt>
    <trkpt lat="46.046422" lon="7.064317"><ele>1464.5</ele></trkpt>
    <trkpt lat="46.046369" lon="7.064203"><ele>1467.1</ele></trkpt>
    <trkpt lat="46.04631" lon="7.064104"><ele>1469.7</ele></trkpt>
    <trkpt lat="46.046258" lon="7.064027"><ele>1471.8</ele></trkpt>
    <trkpt lat="46.046215" lon="7.063926"><ele>1474.3</ele></trkpt>
    <trkpt lat="46.046156" lon="7.063829"><ele>1476.8</ele></trkpt>
    <trkpt lat="46.046126" lon="7.063729"><ele>1478.5</ele></trkpt>
    <trkpt lat="46.046074" lon="7.063643"><ele>1479.9</ele></trkpt>
    <trkpt lat="46.046019" lon="7.063495"><ele>1481.6</ele></trkpt>
    <trkpt lat="46.046016" lon="7.063308"><ele>1483.5</ele></trkpt>
    <trkpt lat="46.045977" lon="7.063111"><ele>1485.9</ele></trkpt>
    <trkpt lat="46.045914" lon="7.062962"><ele>1488.1</ele></trkpt>
    <trkpt lat="46.045864" lon="7.062801"><ele>1490.2</ele></trkpt>
    <trkpt lat="46.045823" lon="7.062618"><ele>1492.5</ele></trkpt>
    <trkpt lat="46.045754" lon="7.062456"><ele>1495.2</ele></trkpt>
    <trkpt lat="46.045681" lon="7.062364"><ele>1497.5</ele></trkpt>
    <trkpt lat="46.045626" lon="7.062269"><ele>1499.4</ele></trkpt>
    <trkpt lat="46.045565" lon="7.062147"><ele>1501.7</ele></trkpt>
    <trkpt lat="46.045463" lon="7.062057"><ele>1504.2</ele></trkpt>
    <trkpt lat="46.045364" lon="7.061992"><ele>1506.8</ele></trkpt>
    <trkpt lat="46.045285" lon="7.061896"><ele>1509.4</ele></trkpt>
    <trkpt lat="46.045224" lon="7.061783"><ele>1511.9</ele></trkpt>
    <trkpt lat="46.045174" lon="7.061681"><ele>1514.2</ele></trkpt>
    <trkpt lat="46.045109" lon="7.061578"><ele>1516.5</ele></trkpt>
    <trkpt lat="46.045033" lon="7.061472"><ele>1518.6</ele></trkpt>
    <trkpt lat="46.04499" lon="7.061357"><ele>1520.1</ele></trkpt>
    <trkpt lat="46.044897" lon="7.061223"><ele>1522.6</ele></trkpt>
    <trkpt lat="46.044817" lon="7.061156"><ele>1524.8</ele></trkpt>
    <trkpt lat="46.04472" lon="7.061141"><ele>1527.6</ele></trkpt>
    <trkpt lat="46.044611" lon="7.061069"><ele>1531</ele></trkpt>
    <trkpt lat="46.044554" lon="7.061011"><ele>1533</ele></trkpt>
    <trkpt lat="46.044533" lon="7.060907"><ele>1535.2</ele></trkpt>
    <trkpt lat="46.044496" lon="7.060832"><ele>1537.3</ele></trkpt>
    <trkpt lat="46.044426" lon="7.060797"><ele>1539.5</ele></trkpt>
    <trkpt lat="46.044351" lon="7.06075"><ele>1542.2</ele></trkpt>
    <trkpt lat="46.044285" lon="7.060693"><ele>1545</ele></trkpt>
    <trkpt lat="46.04421" lon="7.060773"><ele>1548.3</ele></trkpt>
    <trkpt lat="46.044143" lon="7.060858"><ele>1551.4</ele></trkpt>
    <trkpt lat="46.044083" lon="7.06091"><ele>1553.8</ele></trkpt>
    <trkpt lat="46.044023" lon="7.060832"><ele>1556.4</ele></trkpt>
    <trkpt lat="46.04396" lon="7.060798"><ele>1558.5</ele></trkpt>
    <trkpt lat="46.043907" lon="7.060753"><ele>1560.2</ele></trkpt>
    <trkpt lat="46.0439" lon="7.0606"><ele>1562.7</ele></trkpt>
    <trkpt lat="46.043848" lon="7.060459"><ele>1565</ele></trkpt>
    <trkpt lat="46.043796" lon="7.060305"><ele>1567.4</ele></trkpt>
    <trkpt lat="46.043722" lon="7.060241"><ele>1569</ele></trkpt>
    <trkpt lat="46.043688" lon="7.060098"><ele>1570.6</ele></trkpt>
    <trkpt lat="46.043702" lon="7.059954"><ele>1571.8</ele></trkpt>
    <trkpt lat="46.043818" lon="7.059877"><ele>1573.8</ele></trkpt>
    <trkpt lat="46.043863" lon="7.059768"><ele>1575.7</ele></trkpt>
    <trkpt lat="46.043892" lon="7.059648"><ele>1578.2</ele></trkpt>
    <trkpt lat="46.043866" lon="7.059577"><ele>1580.5</ele></trkpt>
    <trkpt lat="46.043787" lon="7.059607"><ele>1583.2</ele></trkpt>
    <trkpt lat="46.043732" lon="7.059542"><ele>1585.3</ele></trkpt>
    <trkpt lat="46.043762" lon="7.059437"><ele>1587.3</ele></trkpt>
    <trkpt lat="46.043852" lon="7.059273"><ele>1590.3</ele></trkpt>
    <trkpt lat="46.043885" lon="7.059179"><ele>1592.3</ele></trkpt>
    <trkpt lat="46.043857" lon="7.059091"><ele>1594.2</ele></trkpt>
    <trkpt lat="46.043896" lon="7.059006"><ele>1596.2</ele></trkpt>
    <trkpt lat="46.043972" lon="7.058901"><ele>1598.7</ele></trkpt>
    <trkpt lat="46.044041" lon="7.058787"><ele>1601.1</ele></trkpt>
    <trkpt lat="46.044113" lon="7.058658"><ele>1603.7</ele></trkpt>
    <trkpt lat="46.04413" lon="7.058535"><ele>1605.8</ele></trkpt>
    <trkpt lat="46.044196" lon="7.05842"><ele>1608.4</ele></trkpt>
    <trkpt lat="46.04426" lon="7.058314"><ele>1610.7</ele></trkpt>
    <trkpt lat="46.044305" lon="7.058193"><ele>1613</ele></trkpt>
    <trkpt lat="46.044279" lon="7.058081"><ele>1615.2</ele></trkpt>
    <trkpt lat="46.044167" lon="7.058086"><ele>1618.1</ele></trkpt>
    <trkpt lat="46.044095" lon="7.057978"><ele>1620.6</ele></trkpt>
    <trkpt lat="46.044057" lon="7.057833"><ele>1622.5</ele></trkpt>
    <trkpt lat="46.044072" lon="7.057605"><ele>1624.4</ele></trkpt>
    <trkpt lat="46.044117" lon="7.057368"><ele>1626.1</ele></trkpt>
    <trkpt lat="46.04425" lon="7.057212"><ele>1625.7</ele></trkpt>
    <trkpt lat="46.04445" lon="7.057125"><ele>1622.9</ele></trkpt>
    <trkpt lat="46.044446" lon="7.056979"><ele>1619.4</ele></trkpt>
    <trkpt lat="46.044372" lon="7.056841"><ele>1616.1</ele></trkpt>
    <trkpt lat="46.044354" lon="7.056815"><ele>1615.6</ele></trkpt>
    <trkpt lat="46.044354" lon="7.056815"><ele>1615.6</ele></trkpt>
    <trkpt lat="46.044337" lon="7.056809"><ele>1615.3</ele></trkpt>
    <trkpt lat="46.044374" lon="7.056725"><ele>1614.9</ele></trkpt>
    <trkpt lat="46.044498" lon="7.05661"><ele>1615.6</ele></trkpt>
    <trkpt lat="46.044629" lon="7.056483"><ele>1615.3</ele></trkpt>
    <trkpt lat="46.044753" lon="7.056279"><ele>1613.1</ele></trkpt>
    <trkpt lat="46.044918" lon="7.056144"><ele>1610.4</ele></trkpt>
    <trkpt lat="46.04507" lon="7.056073"><ele>1608.4</ele></trkpt>
    <trkpt lat="46.045233" lon="7.056069"><ele>1606.3</ele></trkpt>
    <trkpt lat="46.04536" lon="7.056229"><ele>1604</ele></trkpt>
    <trkpt lat="46.045529" lon="7.056268"><ele>1601.8</ele></trkpt>
    <trkpt lat="46.045647" lon="7.056285"><ele>1602</ele></trkpt>
    <trkpt lat="46.045727" lon="7.05629"><ele>1603</ele></trkpt>
    <trkpt lat="46.045818" lon="7.056301"><ele>1604.7</ele></trkpt>
    <trkpt lat="46.045883" lon="7.056306"><ele>1606.1</ele></trkpt>
    <trkpt lat="46.045993" lon="7.056422"><ele>1609</ele></trkpt>
    <trkpt lat="46.046099" lon="7.056679"><ele>1612</ele></trkpt>
    <trkpt lat="46.046198" lon="7.056756"><ele>1612.2</ele></trkpt>
    <trkpt lat="46.046262" lon="7.056766"><ele>1612</ele></trkpt>
    <trkpt lat="46.046316" lon="7.056811"><ele>1612</ele></trkpt>
    <trkpt lat="46.046358" lon="7.056865"><ele>1612.4</ele></trkpt>
    <trkpt lat="46.04645" lon="7.056892"><ele>1614.1</ele></trkpt>
    <trkpt lat="46.04654" lon="7.056937"><ele>1617</ele></trkpt>
    <trkpt lat="46.04663" lon="7.056972"><ele>1619.8</ele></trkpt>
    <trkpt lat="46.046705" lon="7.057048"><ele>1622.4</ele></trkpt>
    <trkpt lat="46.046788" lon="7.057102"><ele>1624.7</ele></trkpt>
    <trkpt lat="46.046885" lon="7.057181"><ele>1627.5</ele></trkpt>
    <trkpt lat="46.046988" lon="7.057191"><ele>1630.1</ele></trkpt>
    <trkpt lat="46.047079" lon="7.057202"><ele>1632.3</ele></trkpt>
    <trkpt lat="46.047173" lon="7.057251"><ele>1634.9</ele></trkpt>
    <trkpt lat="46.047269" lon="7.057276"><ele>1637.5</ele></trkpt>
    <trkpt lat="46.04736" lon="7.057302"><ele>1640.1</ele></trkpt>
    <trkpt lat="46.047432" lon="7.057296"><ele>1642.1</ele></trkpt>
    <trkpt lat="46.047488" lon="7.057312"><ele>1643.7</ele></trkpt>
    <trkpt lat="46.047547" lon="7.057328"><ele>1645.4</ele></trkpt>
    <trkpt lat="46.047623" lon="7.057301"><ele>1647.8</ele></trkpt>
    <trkpt lat="46.047706" lon="7.057279"><ele>1650.7</ele></trkpt>
    <trkpt lat="46.047782" lon="7.057307"><ele>1653.6</ele></trkpt>
    <trkpt lat="46.047852" lon="7.057337"><ele>1656.4</ele></trkpt>
    <trkpt lat="46.047943" lon="7.057332"><ele>1659.8</ele></trkpt>
    <trkpt lat="46.048003" lon="7.057343"><ele>1662.1</ele></trkpt>
    <trkpt lat="46.048073" lon="7.057393"><ele>1664.9</ele></trkpt>
    <trkpt lat="46.048143" lon="7.057473"><ele>1667.8</ele></trkpt>
    <trkpt lat="46.048221" lon="7.057514"><ele>1670.3</ele></trkpt>
    <trkpt lat="46.048278" lon="7.057549"><ele>1672.1</ele></trkpt>
    <trkpt lat="46.048351" lon="7.057533"><ele>1674</ele></trkpt>
    <trkpt lat="46.048437" lon="7.057547"><ele>1676.2</ele></trkpt>
    <trkpt lat="46.048492" lon="7.057553"><ele>1677.6</ele></trkpt>
    <trkpt lat="46.048536" lon="7.057566"><ele>1678.8</ele></trkpt>
    <trkpt lat="46.048591" lon="7.057568"><ele>1680.4</ele></trkpt>
    <trkpt lat="46.048657" lon="7.057617"><ele>1682.7</ele></trkpt>
    <trkpt lat="46.048715" lon="7.057692"><ele>1685.2</ele></trkpt>
    <trkpt lat="46.048836" lon="7.057789"><ele>1690</ele></trkpt>
    <trkpt lat="46.048979" lon="7.057966"><ele>1696.2</ele></trkpt>
    <trkpt lat="46.049132" lon="7.058085"><ele>1700.6</ele></trkpt>
    <trkpt lat="46.049255" lon="7.058181"><ele>1702.3</ele></trkpt>
    <trkpt lat="46.049372" lon="7.058254"><ele>1703.4</ele></trkpt>
    <trkpt lat="46.049462" lon="7.058289"><ele>1704.4</ele></trkpt>
    <trkpt lat="46.049561" lon="7.058297"><ele>1705.7</ele></trkpt>
    <trkpt lat="46.049642" lon="7.058301"><ele>1707</ele></trkpt>
    <trkpt lat="46.049706" lon="7.058327"><ele>1708.2</ele></trkpt>
    <trkpt lat="46.049758" lon="7.058326"><ele>1709.2</ele></trkpt>
    <trkpt lat="46.049828" lon="7.058265"><ele>1710.9</ele></trkpt>
    <trkpt lat="46.049902" lon="7.058173"><ele>1712.7</ele></trkpt>
    <trkpt lat="46.049928" lon="7.058068"><ele>1720.1</ele></trkpt>
    <trkpt lat="46.049893" lon="7.057995"><ele>1722.8</ele></trkpt>
    <trkpt lat="46.049851" lon="7.057901"><ele>1727.5</ele></trkpt>
    <trkpt lat="46.049804" lon="7.057812"><ele>1734.4</ele></trkpt>
    <trkpt lat="46.049753" lon="7.057704"><ele>1738.3</ele></trkpt>
    <trkpt lat="46.049713" lon="7.057596"><ele>1745</ele></trkpt>
    <trkpt lat="46.049696" lon="7.057514"><ele>1749.8</ele></trkpt>
    <trkpt lat="46.049665" lon="7.057425"><ele>1754.5</ele></trkpt>
    <trkpt lat="46.049628" lon="7.057317"><ele>1758.8</ele></trkpt>
    <trkpt lat="46.049537" lon="7.057247"><ele>1762</ele></trkpt>
    <trkpt lat="46.0494" lon="7.057051"><ele>1766</ele></trkpt>
    <trkpt lat="46.049272" lon="7.056856"><ele>1770.8</ele></trkpt>
    <trkpt lat="46.049183" lon="7.056769"><ele>1770.4</ele></trkpt>
    <trkpt lat="46.049142" lon="7.056685"><ele>1772.8</ele></trkpt>
    <trkpt lat="46.049166" lon="7.056576"><ele>1777.1</ele></trkpt>
    <trkpt lat="46.049226" lon="7.056505"><ele>1783.9</ele></trkpt>
    <trkpt lat="46.049279" lon="7.05646"><ele>1788.2</ele></trkpt>
    <trkpt lat="46.049346" lon="7.056405"><ele>1791.8</ele></trkpt>
    <trkpt lat="46.049442" lon="7.056386"><ele>1797.2</ele></trkpt>
    <trkpt lat="46.049467" lon="7.056411"><ele>1796.4</ele></trkpt>
    <trkpt lat="46.04944" lon="7.056401"><ele>1796.9</ele></trkpt>
    <trkpt lat="46.049423" lon="7.056346"><ele>1799</ele></trkpt>
    <trkpt lat="46.049507" lon="7.056323"><ele>1801.8</ele></trkpt>
    <trkpt lat="46.049584" lon="7.056369"><ele>1802.4</ele></trkpt>
    <trkpt lat="46.049619" lon="7.056269"><ele>1807</ele></trkpt>
    <trkpt lat="46.049599" lon="7.056137"><ele>1809.8</ele></trkpt>
    <trkpt lat="46.049534" lon="7.056075"><ele>1810.2</ele></trkpt>
    <trkpt lat="46.04948" lon="7.056027"><ele>1810.5</ele></trkpt>
    <trkpt lat="46.049402" lon="7.055985"><ele>1810.1</ele></trkpt>
    <trkpt lat="46.049304" lon="7.055939"><ele>1810</ele></trkpt>
    <trkpt lat="46.049266" lon="7.055871"><ele>1811.9</ele></trkpt>
    <trkpt lat="46.049314" lon="7.055801"><ele>1813.7</ele></trkpt>
    <trkpt lat="46.049385" lon="7.055766"><ele>1816.4</ele></trkpt>
    <trkpt lat="46.049461" lon="7.055701"><ele>1819.6</ele></trkpt>
    <trkpt lat="46.049499" lon="7.055652"><ele>1821.7</ele></trkpt>
    <trkpt lat="46.049557" lon="7.055585"><ele>1823.7</ele></trkpt>
    <trkpt lat="46.04959" lon="7.055536"><ele>1825.1</ele></trkpt>
    <trkpt lat="46.049551" lon="7.055482"><ele>1826.5</ele></trkpt>
    <trkpt lat="46.049503" lon="7.055428"><ele>1827.9</ele></trkpt>
    <trkpt lat="46.049542" lon="7.055327"><ele>1829.5</ele></trkpt>
    <trkpt lat="46.049612" lon="7.05524"><ele>1831.5</ele></trkpt>
    <trkpt lat="46.049757" lon="7.055216"><ele>1835.3</ele></trkpt>
    <trkpt lat="46.049872" lon="7.055275"><ele>1839</ele></trkpt>
    <trkpt lat="46.049959" lon="7.055312"><ele>1841.8</ele></trkpt>
    <trkpt lat="46.050019" lon="7.055355"><ele>1843.9</ele></trkpt>
    <trkpt lat="46.050091" lon="7.055379"><ele>1846.2</ele></trkpt>
    <trkpt lat="46.05018" lon="7.055408"><ele>1848.7</ele></trkpt>
    <trkpt lat="46.050239" lon="7.055436"><ele>1850.3</ele></trkpt>
    <trkpt lat="46.050298" lon="7.055473"><ele>1851.8</ele></trkpt>
    <trkpt lat="46.050377" lon="7.055503"><ele>1853.6</ele></trkpt>
    <trkpt lat="46.050467" lon="7.055569"><ele>1855.6</ele></trkpt>
    <trkpt lat="46.050572" lon="7.055626"><ele>1857.6</ele></trkpt>
    <trkpt lat="46.050685" lon="7.05567"><ele>1859.6</ele></trkpt>
    <trkpt lat="46.050801" lon="7.055709"><ele>1861.6</ele></trkpt>
    <trkpt lat="46.050925" lon="7.055735"><ele>1863.7</ele></trkpt>
    <trkpt lat="46.051059" lon="7.055734"><ele>1865.8</ele></trkpt>
    <trkpt lat="46.051203" lon="7.055783"><ele>1867.9</ele></trkpt>
    <trkpt lat="46.051379" lon="7.055818"><ele>1870.2</ele></trkpt>
    <trkpt lat="46.051571" lon="7.055858"><ele>1872.1</ele></trkpt>
    <trkpt lat="46.0518" lon="7.055865"><ele>1872.9</ele></trkpt>
    <trkpt lat="46.051996" lon="7.055897"><ele>1873.9</ele></trkpt>
    <trkpt lat="46.052145" lon="7.055991"><ele>1875.4</ele></trkpt>
    <trkpt lat="46.05233" lon="7.05609"><ele>1876.8</ele></trkpt>
    <trkpt lat="46.052531" lon="7.056146"><ele>1878.6</ele></trkpt>
    <trkpt lat="46.052718" lon="7.056106"><ele>1881</ele></trkpt>
    <trkpt lat="46.052895" lon="7.056058"><ele>1883.6</ele></trkpt>
    <trkpt lat="46.053075" lon="7.056024"><ele>1886</ele></trkpt>
    <trkpt lat="46.053226" lon="7.055996"><ele>1888</ele></trkpt>
    <trkpt lat="46.053375" lon="7.055955"><ele>1889.9</ele></trkpt>
    <trkpt lat="46.053533" lon="7.055856"><ele>1892</ele></trkpt>
    <trkpt lat="46.053675" lon="7.055775"><ele>1893.7</ele></trkpt>
    <trkpt lat="46.053836" lon="7.055683"><ele>1895.5</ele></trkpt>
    <trkpt lat="46.053999" lon="7.05559"><ele>1897.7</ele></trkpt>
    <trkpt lat="46.054151" lon="7.055535"><ele>1900.4</ele></trkpt>
    <trkpt lat="46.054272" lon="7.055489"><ele>1902.4</ele></trkpt>
    <trkpt lat="46.054419" lon="7.055455"><ele>1904.3</ele></trkpt>
    <trkpt lat="46.054571" lon="7.055426"><ele>1906</ele></trkpt>
    <trkpt lat="46.054738" lon="7.055429"><ele>1907.8</ele></trkpt>
    <trkpt lat="46.054908" lon="7.05549"><ele>1909.8</ele></trkpt>
    <trkpt lat="46.055082" lon="7.055488"><ele>1911.6</ele></trkpt>
    <trkpt lat="46.055226" lon="7.055478"><ele>1913.2</ele></trkpt>
    <trkpt lat="46.055383" lon="7.055439"><ele>1915.1</ele></trkpt>
    <trkpt lat="46.055526" lon="7.055391"><ele>1916.9</ele></trkpt>
    <trkpt lat="46.055681" lon="7.055354"><ele>1918.8</ele></trkpt>
    <trkpt lat="46.055833" lon="7.055291"><ele>1920.6</ele></trkpt>
    <trkpt lat="46.055933" lon="7.055118"><ele>1922.6</ele></trkpt>
    <trkpt lat="46.055949" lon="7.054875"><ele>1924.6</ele></trkpt>
    <trkpt lat="46.055955" lon="7.054637"><ele>1926.5</ele></trkpt>
    <trkpt lat="46.055938" lon="7.054418"><ele>1928.3</ele></trkpt>
    <trkpt lat="46.055929" lon="7.054177"><ele>1930.2</ele></trkpt>
    <trkpt lat="46.055916" lon="7.053943"><ele>1932.2</ele></trkpt>
    <trkpt lat="46.055912" lon="7.053715"><ele>1934.2</ele></trkpt>
    <trkpt lat="46.055888" lon="7.053468"><ele>1936.2</ele></trkpt>
    <trkpt lat="46.055877" lon="7.053238"><ele>1938.2</ele></trkpt>
    <trkpt lat="46.055861" lon="7.053015"><ele>1940.2</ele></trkpt>
    <trkpt lat="46.055826" lon="7.052805"><ele>1941.9</ele></trkpt>
    <trkpt lat="46.055787" lon="7.052601"><ele>1943.6</ele></trkpt>
    <trkpt lat="46.055764" lon="7.052371"><ele>1945.4</ele></trkpt>
    <trkpt lat="46.055759" lon="7.052116"><ele>1947.3</ele></trkpt>
    <trkpt lat="46.055775" lon="7.051883"><ele>1949.4</ele></trkpt>
    <trkpt lat="46.055778" lon="7.051657"><ele>1951.7</ele></trkpt>
    <trkpt lat="46.055764" lon="7.051439"><ele>1953.7</ele></trkpt>
    <trkpt lat="46.055683" lon="7.051231"><ele>1955.6</ele></trkpt>
    <trkpt lat="46.055667" lon="7.051001"><ele>1957.5</ele></trkpt>
    <trkpt lat="46.055644" lon="7.050792"><ele>1959.5</ele></trkpt>
    <trkpt lat="46.055564" lon="7.050577"><ele>1961.5</ele></trkpt>
    <trkpt lat="46.055541" lon="7.050382"><ele>1963.4</ele></trkpt>
    <trkpt lat="46.055531" lon="7.050177"><ele>1965.8</ele></trkpt>
    <trkpt lat="46.055428" lon="7.050005"><ele>1966.9</ele></trkpt>
    <trkpt lat="46.055293" lon="7.049888"><ele>1967.9</ele></trkpt>
    <trkpt lat="46.055214" lon="7.049691"><ele>1969</ele></trkpt>
    <trkpt lat="46.055217" lon="7.049417"><ele>1971.1</ele></trkpt>
    <trkpt lat="46.055256" lon="7.049205"><ele>1973.9</ele></trkpt>
    <trkpt lat="46.05528" lon="7.049"><ele>1975.9</ele></trkpt>
    <trkpt lat="46.055306" lon="7.048781"><ele>1977.7</ele></trkpt>
    <trkpt lat="46.055404" lon="7.048611"><ele>1980.1</ele></trkpt>
    <trkpt lat="46.055406" lon="7.048403"><ele>1982.2</ele></trkpt>
    <trkpt lat="46.055401" lon="7.048192"><ele>1983.8</ele></trkpt>
    <trkpt lat="46.055358" lon="7.047953"><ele>1985.3</ele></trkpt>
    <trkpt lat="46.055306" lon="7.047725"><ele>1986.8</ele></trkpt>
    <trkpt lat="46.055271" lon="7.047487"><ele>1988.2</ele></trkpt>
    <trkpt lat="46.055328" lon="7.04724"><ele>1989.9</ele></trkpt>
    <trkpt lat="46.055319" lon="7.04698"><ele>1991.3</ele></trkpt>
    <trkpt lat="46.055373" lon="7.0467"><ele>1992.3</ele></trkpt>
    <trkpt lat="46.055453" lon="7.046426"><ele>1993.6</ele></trkpt>
    <trkpt lat="46.055605" lon="7.046258"><ele>1994.6</ele></trkpt>
    <trkpt lat="46.055821" lon="7.046234"><ele>1996.2</ele></trkpt>
    <trkpt lat="46.055973" lon="7.046302"><ele>1997.5</ele></trkpt>
    <trkpt lat="46.056152" lon="7.046122"><ele>1998.5</ele></trkpt>
    <trkpt lat="46.056319" lon="7.045934"><ele>1999.7</ele></trkpt>
    <trkpt lat="46.056467" lon="7.045733"><ele>2001.4</ele></trkpt>
    <trkpt lat="46.056529" lon="7.045553"><ele>2002.4</ele></trkpt>
    <trkpt lat="46.056667" lon="7.045359"><ele>2004.7</ele></trkpt>
    <trkpt lat="46.05676" lon="7.045213"><ele>2007.6</ele></trkpt>
    <trkpt lat="46.056823" lon="7.045087"><ele>2010.4</ele></trkpt>
    <trkpt lat="46.056884" lon="7.04498"><ele>2012.7</ele></trkpt>
    <trkpt lat="46.056964" lon="7.044879"><ele>2015.1</ele></trkpt>
    <trkpt lat="46.057047" lon="7.044776"><ele>2017.4</ele></trkpt>
    <trkpt lat="46.057135" lon="7.044681"><ele>2019.7</ele></trkpt>
    <trkpt lat="46.057235" lon="7.044603"><ele>2021.9</ele></trkpt>
    <trkpt lat="46.057364" lon="7.044545"><ele>2024.6</ele></trkpt>
    <trkpt lat="46.057479" lon="7.044493"><ele>2027.3</ele></trkpt>
    <trkpt lat="46.057591" lon="7.044457"><ele>2030.6</ele></trkpt>
    <trkpt lat="46.057542" lon="7.044372"><ele>2033.2</ele></trkpt>
    <trkpt lat="46.057482" lon="7.044296"><ele>2035.5</ele></trkpt>
    <trkpt lat="46.057415" lon="7.04422"><ele>2037.4</ele></trkpt>
    <trkpt lat="46.057355" lon="7.044143"><ele>2037.9</ele></trkpt>
    <trkpt lat="46.057355" lon="7.044025"><ele>2037</ele></trkpt>
    <trkpt lat="46.05728" lon="7.043763"><ele>2033.3</ele></trkpt>
    <trkpt lat="46.057331" lon="7.043388"><ele>2029.1</ele></trkpt>
    <trkpt lat="46.057538" lon="7.043093"><ele>2025.8</ele></trkpt>
    <trkpt lat="46.057546" lon="7.04283"><ele>2021.8</ele></trkpt>
    <trkpt lat="46.057574" lon="7.042404"><ele>2016.1</ele></trkpt>
    <trkpt lat="46.057687" lon="7.042127"><ele>2014.9</ele></trkpt>
    <trkpt lat="46.057806" lon="7.041915"><ele>2015.5</ele></trkpt>
    <trkpt lat="46.057887" lon="7.041557"><ele>2016.6</ele></trkpt>
    <trkpt lat="46.057883" lon="7.041156"><ele>2016.4</ele></trkpt>
    <trkpt lat="46.057881" lon="7.040786"><ele>2015.3</ele></trkpt>
    <trkpt lat="46.057769" lon="7.040473"><ele>2011.7</ele></trkpt>
    <trkpt lat="46.057594" lon="7.040111"><ele>2006.8</ele></trkpt>
    <trkpt lat="46.057498" lon="7.03986"><ele>2002.6</ele></trkpt>
    <trkpt lat="46.057482" lon="7.039526"><ele>1997.4</ele></trkpt>
    <trkpt lat="46.057539" lon="7.039309"><ele>1993.7</ele></trkpt>
    <trkpt lat="46.057607" lon="7.038958"><ele>1986.8</ele></trkpt>
    <trkpt lat="46.057642" lon="7.038586"><ele>1980.8</ele></trkpt>
    <trkpt lat="46.057694" lon="7.038259"><ele>1974.7</ele></trkpt>
    <trkpt lat="46.05771" lon="7.03795"><ele>1969.4</ele></trkpt>
    <trkpt lat="46.057711" lon="7.037565"><ele>1962.8</ele></trkpt>
    <trkpt lat="46.057679" lon="7.037167"><ele>1957.5</ele></trkpt>
    <trkpt lat="46.057697" lon="7.036883"><ele>1952</ele></trkpt>
    <trkpt lat="46.057723" lon="7.036561"><ele>1945</ele></trkpt>
    <trkpt lat="46.057673" lon="7.036195"><ele>1937.9</ele></trkpt>
    <trkpt lat="46.05759" lon="7.035844"><ele>1932.5</ele></trkpt>
    <trkpt lat="46.057387" lon="7.035618"><ele>1925.5</ele></trkpt>
    <trkpt lat="46.057169" lon="7.035528"><ele>1918.9</ele></trkpt>
    <trkpt lat="46.056934" lon="7.035448"><ele>1913.1</ele></trkpt>
    <trkpt lat="46.05671" lon="7.035375"><ele>1907.4</ele></trkpt>
    <trkpt lat="46.056477" lon="7.035279"><ele>1900.9</ele></trkpt>
    <trkpt lat="46.056286" lon="7.035053"><ele>1894.2</ele></trkpt>
    <trkpt lat="46.056135" lon="7.034827"><ele>1888.1</ele></trkpt>
    <trkpt lat="46.055967" lon="7.034575"><ele>1883</ele></trkpt>
    <trkpt lat="46.055862" lon="7.034228"><ele>1879.8</ele></trkpt>
    <trkpt lat="46.055794" lon="7.033911"><ele>1877.1</ele></trkpt>
    <trkpt lat="46.055709" lon="7.033668"><ele>1876.1</ele></trkpt>
    <trkpt lat="46.05553" lon="7.033713"><ele>1877.8</ele></trkpt>
    <trkpt lat="46.055349" lon="7.033745"><ele>1879.4</ele></trkpt>
    <trkpt lat="46.055169" lon="7.033769"><ele>1880.4</ele></trkpt>
    <trkpt lat="46.055051" lon="7.033773"><ele>1881.4</ele></trkpt>
    <trkpt lat="46.055011" lon="7.033538"><ele>1879.7</ele></trkpt>
    <trkpt lat="46.055134" lon="7.033497"><ele>1879.5</ele></trkpt>
    <trkpt lat="46.055308" lon="7.033326"><ele>1877.8</ele></trkpt>
    <trkpt lat="46.055542" lon="7.03323"><ele>1877.1</ele></trkpt>
    <trkpt lat="46.055738" lon="7.033112"><ele>1876.7</ele></trkpt>
    <trkpt lat="46.055859" lon="7.032747"><ele>1873.3</ele></trkpt>
    <trkpt lat="46.056046" lon="7.032521"><ele>1871.9</ele></trkpt>
    <trkpt lat="46.056188" lon="7.032171"><ele>1869.9</ele></trkpt>
    <trkpt lat="46.056354" lon="7.031817"><ele>1864.6</ele></trkpt>
    <trkpt lat="46.056468" lon="7.031445"><ele>1859.2</ele></trkpt>
    <trkpt lat="46.056595" lon="7.031171"><ele>1854.2</ele></trkpt>
    <trkpt lat="46.056734" lon="7.030752"><ele>1849.8</ele></trkpt>
    <trkpt lat="46.056908" lon="7.030396"><ele>1848.2</ele></trkpt>
    <trkpt lat="46.057133" lon="7.030104"><ele>1846.3</ele></trkpt>
    <trkpt lat="46.057368" lon="7.029917"><ele>1843.3</ele></trkpt>
    <trkpt lat="46.057586" lon="7.029693"><ele>1839.3</ele></trkpt>
    <trkpt lat="46.05782" lon="7.029474"><ele>1835.7</ele></trkpt>
    <trkpt lat="46.058048" lon="7.029338"><ele>1833.7</ele></trkpt>
    <trkpt lat="46.058236" lon="7.029178"><ele>1833.3</ele></trkpt>
    <trkpt lat="46.058319" lon="7.028803"><ele>1832.8</ele></trkpt>
    <trkpt lat="46.058395" lon="7.028436"><ele>1831.2</ele></trkpt>
    <trkpt lat="46.05848" lon="7.028115"><ele>1827.6</ele></trkpt>
    <trkpt lat="46.058491" lon="7.027789"><ele>1823</ele></trkpt>
    <trkpt lat="46.058487" lon="7.027395"><ele>1817.5</ele></trkpt>
    <trkpt lat="46.058496" lon="7.027035"><ele>1811.6</ele></trkpt>
    <trkpt lat="46.058408" lon="7.026694"><ele>1805.1</ele></trkpt>
    <trkpt lat="46.05827" lon="7.026479"><ele>1799.2</ele></trkpt>
    <trkpt lat="46.058147" lon="7.02621"><ele>1792.5</ele></trkpt>
    <trkpt lat="46.057985" lon="7.025914"><ele>1785.6</ele></trkpt>
    <trkpt lat="46.05785" lon="7.025614"><ele>1779.4</ele></trkpt>
    <trkpt lat="46.057691" lon="7.025405"><ele>1772.9</ele></trkpt>
    <trkpt lat="46.057491" lon="7.025296"><ele>1764.4</ele></trkpt>
    <trkpt lat="46.05733" lon="7.025175"><ele>1757.4</ele></trkpt>
    <trkpt lat="46.05715" lon="7.025066"><ele>1751.3</ele></trkpt>
    <trkpt lat="46.056983" lon="7.024972"><ele>1746.3</ele></trkpt>
    <trkpt lat="46.056732" lon="7.024882"><ele>1741.1</ele></trkpt>
    <trkpt lat="46.056416" lon="7.024845"><ele>1736.2</ele></trkpt>
    <trkpt lat="46.056073" lon="7.024765"><ele>1732.1</ele></trkpt>
    <trkpt lat="46.055833" lon="7.024509"><ele>1728.5</ele></trkpt>
    <trkpt lat="46.055702" lon="7.024115"><ele>1725</ele></trkpt>
    <trkpt lat="46.05564" lon="7.023663"><ele>1721.8</ele></trkpt>
    <trkpt lat="46.055626" lon="7.023211"><ele>1719</ele></trkpt>
    <trkpt lat="46.055669" lon="7.022801"><ele>1716.9</ele></trkpt>
    <trkpt lat="46.055686" lon="7.022368"><ele>1714.5</ele></trkpt>
    <trkpt lat="46.055731" lon="7.021973"><ele>1712.3</ele></trkpt>
    <trkpt lat="46.05584" lon="7.021659"><ele>1709.5</ele></trkpt>
    <trkpt lat="46.056007" lon="7.021381"><ele>1706.7</ele></trkpt>
    <trkpt lat="46.056159" lon="7.021086"><ele>1705.1</ele></trkpt>
    <trkpt lat="46.056353" lon="7.020812"><ele>1704</ele></trkpt>
    <trkpt lat="46.056558" lon="7.020542"><ele>1700.3</ele></trkpt>
    <trkpt lat="46.05664" lon="7.02026"><ele>1695.1</ele></trkpt>
    <trkpt lat="46.056556" lon="7.019901"><ele>1689.5</ele></trkpt>
    <trkpt lat="46.056614" lon="7.019654"><ele>1685.8</ele></trkpt>
    <trkpt lat="46.056709" lon="7.019347"><ele>1682.7</ele></trkpt>
    <trkpt lat="46.056847" lon="7.019142"><ele>1680.3</ele></trkpt>
    <trkpt lat="46.057067" lon="7.018896"><ele>1676.9</ele></trkpt>
    <trkpt lat="46.05717" lon="7.018522"><ele>1671.1</ele></trkpt>
    <trkpt lat="46.057165" lon="7.018098"><ele>1665.8</ele></trkpt>
    <trkpt lat="46.057119" lon="7.017613"><ele>1661.5</ele></trkpt>
    <trkpt lat="46.057167" lon="7.017145"><ele>1656.3</ele></trkpt>
    <trkpt lat="46.057259" lon="7.016749"><ele>1651.7</ele></trkpt>
    <trkpt lat="46.05719" lon="7.016342"><ele>1650.3</ele></trkpt>
    <trkpt lat="46.057124" lon="7.015908"><ele>1646.7</ele></trkpt>
    <trkpt lat="46.057061" lon="7.015545"><ele>1640.1</ele></trkpt>
    <trkpt lat="46.056983" lon="7.015069"><ele>1637.5</ele></trkpt>
    <trkpt lat="46.056983" lon="7.014759"><ele>1637.3</ele></trkpt>
    <trkpt lat="46.056883" lon="7.014428"><ele>1634.6</ele></trkpt>
    <trkpt lat="46.057092" lon="7.014266"><ele>1629.8</ele></trkpt>
    <trkpt lat="46.057205" lon="7.01403"><ele>1628.3</ele></trkpt>
    <trkpt lat="46.057256" lon="7.013755"><ele>1629.2</ele></trkpt>
    <trkpt lat="46.057232" lon="7.013363"><ele>1630</ele></trkpt>
    <trkpt lat="46.057275" lon="7.013107"><ele>1632.1</ele></trkpt>
    <trkpt lat="46.057246" lon="7.012794"><ele>1632.5</ele></trkpt>
    <trkpt lat="46.057225" lon="7.01242"><ele>1628</ele></trkpt>
    <trkpt lat="46.057178" lon="7.012092"><ele>1623</ele></trkpt>
    <trkpt lat="46.057137" lon="7.011726"><ele>1616.4</ele></trkpt>
    <trkpt lat="46.057223" lon="7.011488"><ele>1608.6</ele></trkpt>
    <trkpt lat="46.057294" lon="7.0114"><ele>1603.7</ele></trkpt>
    <trkpt lat="46.057315" lon="7.011069"><ele>1596.3</ele></trkpt>
    <trkpt lat="46.057305" lon="7.010735"><ele>1590.6</ele></trkpt>
    <trkpt lat="46.057455" lon="7.010425"><ele>1585.7</ele></trkpt>
    <trkpt lat="46.057648" lon="7.010116"><ele>1583.1</ele></trkpt>
    <trkpt lat="46.057814" lon="7.009722"><ele>1580.5</ele></trkpt>
    <trkpt lat="46.05779" lon="7.009301"><ele>1578.8</ele></trkpt>
    <trkpt lat="46.057777" lon="7.008971"><ele>1577.1</ele></trkpt>
    <trkpt lat="46.057693" lon="7.008635"><ele>1572.9</ele></trkpt>
    <trkpt lat="46.057676" lon="7.008259"><ele>1567.1</ele></trkpt>
    <trkpt lat="46.057745" lon="7.00804"><ele>1561.8</ele></trkpt>
    <trkpt lat="46.057757" lon="7.007724"><ele>1555.4</ele></trkpt>
    <trkpt lat="46.057698" lon="7.00736"><ele>1550.5</ele></trkpt>
    <trkpt lat="46.057655" lon="7.006948"><ele>1545.1</ele></trkpt>
    <trkpt lat="46.057616" lon="7.006556"><ele>1540.8</ele></trkpt>
    <trkpt lat="46.057577" lon="7.006171"><ele>1537.8</ele></trkpt>
    <trkpt lat="46.057498" lon="7.005785"><ele>1534.3</ele></trkpt>
    <trkpt lat="46.057474" lon="7.005378"><ele>1529.7</ele></trkpt>
    <trkpt lat="46.057437" lon="7.004907"><ele>1525.5</ele></trkpt>
    <trkpt lat="46.05741" lon="7.004417"><ele>1521.5</ele></trkpt>
    <trkpt lat="46.057369" lon="7.003896"><ele>1519.3</ele></trkpt>
    <trkpt lat="46.057338" lon="7.003525"><ele>1519.7</ele></trkpt>
    <trkpt lat="46.05707352911995" lon="7.001115708450158"><ele>1533.7601682399402</ele></trkpt>
    <trkpt lat="46.05539" lon="7.000169"><ele>1531.6</ele></trkpt>
    <trkpt lat="46.05513" lon="7.000238"><ele>1531.6</ele></trkpt>
    <trkpt lat="46.054926" lon="7.000477"><ele>1531.8</ele></trkpt>
    <trkpt lat="46.054662" lon="7.000558"><ele>1531.6</ele></trkpt>
    <trkpt lat="46.054331" lon="7.000558"><ele>1531.4</ele></trkpt>
    <trkpt lat="46.054104" lon="7.000586"><ele>1532.2</ele></trkpt>
    <trkpt lat="46.053831" lon="7.000602"><ele>1532.4</ele></trkpt>
    <trkpt lat="46.053533" lon="7.000603"><ele>1532.6</ele></trkpt>
    <trkpt lat="46.053289" lon="7.000584"><ele>1532.9</ele></trkpt>
    <trkpt lat="46.053041" lon="7.000664"><ele>1533.1</ele></trkpt>
    <trkpt lat="46.052822" lon="7.00072"><ele>1530.7</ele></trkpt>
    <trkpt lat="46.052927" lon="7.000618"><ele>1524.8</ele></trkpt>
    <trkpt lat="46.053033" lon="7.000448"><ele>1517.6</ele></trkpt>
    <trkpt lat="46.052858" lon="7.000339"><ele>1508.7</ele></trkpt>
    <trkpt lat="46.05271" lon="7.000153"><ele>1498.7</ele></trkpt>
    <trkpt lat="46.052684" lon="7.000038"><ele>1494.1</ele></trkpt>
    <trkpt lat="46.052776" lon="6.999966"><ele>1488.2</ele></trkpt>
    <trkpt lat="46.052761" lon="6.999807"><ele>1482.1</ele></trkpt>
    <trkpt lat="46.052645" lon="6.999612"><ele>1479.6</ele></trkpt>
    <trkpt lat="46.052651" lon="6.999559"><ele>1479.6</ele></trkpt>
    <trkpt lat="46.052886" lon="6.999446"><ele>1474.7</ele></trkpt>
    <trkpt lat="46.053161" lon="6.999317"><ele>1465.4</ele></trkpt>
    <trkpt lat="46.053109" lon="6.999141"><ele>1458.4</ele></trkpt>
    <trkpt lat="46.052996" lon="6.999024"><ele>1452.1</ele></trkpt>
    <trkpt lat="46.052883" lon="6.9989"><ele>1444.9</ele></trkpt>
    <trkpt lat="46.052894" lon="6.998798"><ele>1440.2</ele></trkpt>
    <trkpt lat="46.05289" lon="6.998628"><ele>1434.4</ele></trkpt>
    <trkpt lat="46.052845" lon="6.998547"><ele>1429.6</ele></trkpt>
    <trkpt lat="46.052874" lon="6.998406"><ele>1424.2</ele></trkpt>
    <trkpt lat="46.052794" lon="6.998293"><ele>1418.3</ele></trkpt>
    <trkpt lat="46.052795" lon="6.998146"><ele>1412.2</ele></trkpt>
    <trkpt lat="46.05277" lon="6.99801"><ele>1406.3</ele></trkpt>
    <trkpt lat="46.052639" lon="6.997832"><ele>1398.8</ele></trkpt>
    <trkpt lat="46.052594" lon="6.997663"><ele>1393.4</ele></trkpt>
    <trkpt lat="46.052623" lon="6.99752"><ele>1388.9</ele></trkpt>
    <trkpt lat="46.052694" lon="6.997316"><ele>1382.1</ele></trkpt>
    <trkpt lat="46.052583" lon="6.997084"><ele>1374.2</ele></trkpt>
    <trkpt lat="46.052858" lon="6.997065"><ele>1368.9</ele></trkpt>
    <trkpt lat="46.053158" lon="6.997245"><ele>1362.5</ele></trkpt>
    <trkpt lat="46.05346" lon="6.997257"><ele>1356.7</ele></trkpt>
    <trkpt lat="46.053761" lon="6.99715"><ele>1351.1</ele></trkpt>
    <trkpt lat="46.05415" lon="6.997088"><ele>1344.6</ele></trkpt>
    <trkpt lat="46.054508" lon="6.996986"><ele>1338.8</ele></trkpt>
    <trkpt lat="46.054804" lon="6.996911"><ele>1333.3</ele></trkpt>
    <trkpt lat="46.055076" lon="6.996879"><ele>1327.2</ele></trkpt>
    <trkpt lat="46.055337" lon="6.996769"><ele>1322.8</ele></trkpt>
    <trkpt lat="46.055636" lon="6.996678"><ele>1316.2</ele></trkpt>
    <trkpt lat="46.055977" lon="6.996611"><ele>1308.2</ele></trkpt>
    <trkpt lat="46.056338" lon="6.996576"><ele>1300.1</ele></trkpt>
    <trkpt lat="46.056667" lon="6.996459"><ele>1293.8</ele></trkpt>
    <trkpt lat="46.056938" lon="6.996178"><ele>1291.5</ele></trkpt>
    <trkpt lat="46.056977" lon="6.995828"><ele>1292.3</ele></trkpt>
    <trkpt lat="46.056809" lon="6.995712"><ele>1293.1</ele></trkpt>
    <trkpt lat="46.056669" lon="6.995748"><ele>1298.7</ele></trkpt>
    <trkpt lat="46.056539" lon="6.995554"><ele>1301.3</ele></trkpt>
    <trkpt lat="46.056374" lon="6.995337"><ele>1303.7</ele></trkpt>
    <trkpt lat="46.056186" lon="6.995385"><ele>1305.3</ele></trkpt>
    <trkpt lat="46.056097" lon="6.995535"><ele>1305.9</ele></trkpt>
    <trkpt lat="46.056004" lon="6.995547"><ele>1307.7</ele></trkpt>
    <trkpt lat="46.056089" lon="6.995237"><ele>1308</ele></trkpt>
    <trkpt lat="46.0561" lon="6.994939"><ele>1308.7</ele></trkpt>
    <trkpt lat="46.055815" lon="6.994899"><ele>1308</ele></trkpt>
    <trkpt lat="46.055508" lon="6.994934"><ele>1307.8</ele></trkpt>
    <trkpt lat="46.055227" lon="6.994931"><ele>1308.3</ele></trkpt>
    <trkpt lat="46.054944" lon="6.994951"><ele>1308</ele></trkpt>
    <trkpt lat="46.054837" lon="6.99493"><ele>1307.9</ele></trkpt>
    <trkpt lat="46.054837" lon="6.99493"><ele>1307.9</ele></trkpt>
    <trkpt lat="46.054889" lon="6.994912"><ele>1307.9</ele></trkpt>
    <trkpt lat="46.055126" lon="6.994926"><ele>1308.2</ele></trkpt>
    <trkpt lat="46.055397" lon="6.994931"><ele>1308</ele></trkpt>
    <trkpt lat="46.055687" lon="6.994932"><ele>1307.7</ele></trkpt>
    <trkpt lat="46.055935" lon="6.994923"><ele>1308.6</ele></trkpt>
    <trkpt lat="46.056107" lon="6.99498"><ele>1307.8</ele></trkpt>
    <trkpt lat="46.05624" lon="6.994987"><ele>1303.5</ele></trkpt>
    <trkpt lat="46.056419" lon="6.994841"><ele>1300.1</ele></trkpt>
    <trkpt lat="46.056572" lon="6.994628"><ele>1297.8</ele></trkpt>
    <trkpt lat="46.056511" lon="6.994208"><ele>1295.6</ele></trkpt>
    <trkpt lat="46.056289" lon="6.993983"><ele>1296.4</ele></trkpt>
    <trkpt lat="46.056058" lon="6.993904"><ele>1296.9</ele></trkpt>
    <trkpt lat="46.055804" lon="6.993868"><ele>1297.3</ele></trkpt>
    <trkpt lat="46.055585" lon="6.993746"><ele>1297.6</ele></trkpt>
    <trkpt lat="46.055359" lon="6.993646"><ele>1298</ele></trkpt>
    <trkpt lat="46.055114" lon="6.993692"><ele>1298.5</ele></trkpt>
    <trkpt lat="46.054887" lon="6.993726"><ele>1299.3</ele></trkpt>
    <trkpt lat="46.054675" lon="6.993666"><ele>1300.1</ele></trkpt>
    <trkpt lat="46.054465" lon="6.993588"><ele>1300.9</ele></trkpt>
    <trkpt lat="46.054252" lon="6.993523"><ele>1301.7</ele></trkpt>
    <trkpt lat="46.054009" lon="6.99352"><ele>1302.3</ele></trkpt>
    <trkpt lat="46.053773" lon="6.993623"><ele>1302.7</ele></trkpt>
    <trkpt lat="46.05354" lon="6.993688"><ele>1303.3</ele></trkpt>
    <trkpt lat="46.053309" lon="6.993709"><ele>1304</ele></trkpt>
    <trkpt lat="46.053083" lon="6.993697"><ele>1304.7</ele></trkpt>
    <trkpt lat="46.052883" lon="6.993776"><ele>1305.6</ele></trkpt>
    <trkpt lat="46.052754" lon="6.993955"><ele>1306.5</ele></trkpt>
    <trkpt lat="46.052574" lon="6.994127"><ele>1307.8</ele></trkpt>
    <trkpt lat="46.052414" lon="6.99399"><ele>1308.2</ele></trkpt>
    <trkpt lat="46.052215" lon="6.994048"><ele>1308.4</ele></trkpt>
    <trkpt lat="46.051986" lon="6.994173"><ele>1309.2</ele></trkpt>
    <trkpt lat="46.051762" lon="6.994233"><ele>1310.1</ele></trkpt>
    <trkpt lat="46.051553" lon="6.994243"><ele>1311.1</ele></trkpt>
    <trkpt lat="46.051336" lon="6.994249"><ele>1312.2</ele></trkpt>
    <trkpt lat="46.05111" lon="6.994246"><ele>1313.3</ele></trkpt>
    <trkpt lat="46.050889" lon="6.994172"><ele>1314.2</ele></trkpt>
    <trkpt lat="46.050665" lon="6.994095"><ele>1315</ele></trkpt>
    <trkpt lat="46.050442" lon="6.994062"><ele>1315.8</ele></trkpt>
    <trkpt lat="46.050203" lon="6.994074"><ele>1316.7</ele></trkpt>
    <trkpt lat="46.049965" lon="6.994087"><ele>1317.5</ele></trkpt>
    <trkpt lat="46.049742" lon="6.994051"><ele>1318.1</ele></trkpt>
    <trkpt lat="46.049501" lon="6.994049"><ele>1318.8</ele></trkpt>
    <trkpt lat="46.049262" lon="6.994073"><ele>1319.7</ele></trkpt>
    <trkpt lat="46.049013" lon="6.994104"><ele>1320.6</ele></trkpt>
    <trkpt lat="46.048769" lon="6.994083"><ele>1321.5</ele></trkpt>
    <trkpt lat="46.048555" lon="6.994049"><ele>1322.3</ele></trkpt>
    <trkpt lat="46.048312" lon="6.994157"><ele>1323.4</ele></trkpt>
    <trkpt lat="46.048115" lon="6.994363"><ele>1324.5</ele></trkpt>
    <trkpt lat="46.047904" lon="6.994544"><ele>1325.5</ele></trkpt>
    <trkpt lat="46.047672" lon="6.994615"><ele>1326.5</ele></trkpt>
    <trkpt lat="46.04746" lon="6.994565"><ele>1327.5</ele></trkpt>
    <trkpt lat="46.047264" lon="6.994471"><ele>1328.5</ele></trkpt>
    <trkpt lat="46.047051" lon="6.99447"><ele>1329.5</ele></trkpt>
    <trkpt lat="46.046848" lon="6.99458"><ele>1330.6</ele></trkpt>
    <trkpt lat="46.046672" lon="6.994728"><ele>1331.4</ele></trkpt>
    <trkpt lat="46.046501" lon="6.994714"><ele>1332.2</ele></trkpt>
    <trkpt lat="46.046492" lon="6.99439"><ele>1334</ele></trkpt>
    <trkpt lat="46.046421" lon="6.994061"><ele>1335.3</ele></trkpt>
    <trkpt lat="46.046195" lon="6.994072"><ele>1336.3</ele></trkpt>
    <trkpt lat="46.045982" lon="6.994143"><ele>1337.5</ele></trkpt>
    <trkpt lat="46.045772" lon="6.994079"><ele>1339.1</ele></trkpt>
    <trkpt lat="46.045617" lon="6.993989"><ele>1341.3</ele></trkpt>
    <trkpt lat="46.045566" lon="6.993797"><ele>1343.6</ele></trkpt>
    <trkpt lat="46.045463" lon="6.99359"><ele>1345.8</ele></trkpt>
    <trkpt lat="46.045379" lon="6.993307"><ele>1348.1</ele></trkpt>
    <trkpt lat="46.045275" lon="6.9931"><ele>1350.3</ele></trkpt>
    <trkpt lat="46.045175" lon="6.992938"><ele>1352.9</ele></trkpt>
    <trkpt lat="46.045069" lon="6.992801"><ele>1355.7</ele></trkpt>
    <trkpt lat="46.044964" lon="6.992661"><ele>1358.6</ele></trkpt>
    <trkpt lat="46.044909" lon="6.992471"><ele>1361.6</ele></trkpt>
    <trkpt lat="46.0449" lon="6.992291"><ele>1364.2</ele></trkpt>
    <trkpt lat="46.04494" lon="6.99213"><ele>1366.8</ele></trkpt>
    <trkpt lat="46.045036" lon="6.991991"><ele>1369.6</ele></trkpt>
    <trkpt lat="46.045133" lon="6.991822"><ele>1372.5</ele></trkpt>
    <trkpt lat="46.045244" lon="6.991684"><ele>1375.3</ele></trkpt>
    <trkpt lat="46.045333" lon="6.991524"><ele>1378</ele></trkpt>
    <trkpt lat="46.045423" lon="6.991409"><ele>1380.4</ele></trkpt>
    <trkpt lat="46.045546" lon="6.991258"><ele>1383.8</ele></trkpt>
    <trkpt lat="46.045529" lon="6.991089"><ele>1386.3</ele></trkpt>
    <trkpt lat="46.045463" lon="6.991017"><ele>1388.1</ele></trkpt>
    <trkpt lat="46.045402" lon="6.99095"><ele>1390.2</ele></trkpt>
    <trkpt lat="46.045334" lon="6.990878"><ele>1393</ele></trkpt>
    <trkpt lat="46.045251" lon="6.990835"><ele>1396.1</ele></trkpt>
    <trkpt lat="46.045177" lon="6.99076"><ele>1399.4</ele></trkpt>
    <trkpt lat="46.045091" lon="6.990672"><ele>1403.1</ele></trkpt>
    <trkpt lat="46.045005" lon="6.990586"><ele>1406.5</ele></trkpt>
    <trkpt lat="46.044937" lon="6.990498"><ele>1409.4</ele></trkpt>
    <trkpt lat="46.04487" lon="6.990375"><ele>1412.5</ele></trkpt>
    <trkpt lat="46.044858" lon="6.990278"><ele>1415.2</ele></trkpt>
    <trkpt lat="46.044989" lon="6.990285"><ele>1418.5</ele></trkpt>
    <trkpt lat="46.045109" lon="6.990265"><ele>1421.4</ele></trkpt>
    <trkpt lat="46.045208" lon="6.990218"><ele>1423.7</ele></trkpt>
    <trkpt lat="46.045153" lon="6.990116"><ele>1426.4</ele></trkpt>
    <trkpt lat="46.045072" lon="6.989983"><ele>1429.9</ele></trkpt>
    <trkpt lat="46.045259" lon="6.989958"><ele>1433.6</ele></trkpt>
    <trkpt lat="46.045428" lon="6.989849"><ele>1438.5</ele></trkpt>
    <trkpt lat="46.04549" lon="6.989727"><ele>1445.5</ele></trkpt>
    <trkpt lat="46.04552" lon="6.989646"><ele>1450.7</ele></trkpt>
    <trkpt lat="46.04554" lon="6.989586"><ele>1453.5</ele></trkpt>
    <trkpt lat="46.045484" lon="6.989521"><ele>1458.6</ele></trkpt>
    <trkpt lat="46.045427" lon="6.98945"><ele>1463.5</ele></trkpt>
    <trkpt lat="46.045422" lon="6.989363"><ele>1468.4</ele></trkpt>
    <trkpt lat="46.045472" lon="6.989311"><ele>1471.2</ele></trkpt>
    <trkpt lat="46.045445" lon="6.989217"><ele>1476.4</ele></trkpt>
    <trkpt lat="46.04539" lon="6.989136"><ele>1481.5</ele></trkpt>
    <trkpt lat="46.045351" lon="6.989051"><ele>1485.9</ele></trkpt>
    <trkpt lat="46.045342" lon="6.988959"><ele>1490.2</ele></trkpt>
    <trkpt lat="46.045376" lon="6.988905"><ele>1492.9</ele></trkpt>
    <trkpt lat="46.045333" lon="6.988838"><ele>1497.2</ele></trkpt>
    <trkpt lat="46.045382" lon="6.988851"><ele>1496</ele></trkpt>
    <trkpt lat="46.045441" lon="6.988837"><ele>1499</ele></trkpt>
    <trkpt lat="46.045512" lon="6.98883"><ele>1500.1</ele></trkpt>
    <trkpt lat="46.045557" lon="6.98876"><ele>1505.2</ele></trkpt>
    <trkpt lat="46.045508" lon="6.98869"><ele>1507.6</ele></trkpt>
    <trkpt lat="46.045508" lon="6.988609"><ele>1512.3</ele></trkpt>
    <trkpt lat="46.045583" lon="6.988611"><ele>1513.5</ele></trkpt>
    <trkpt lat="46.045591" lon="6.988531"><ele>1518.1</ele></trkpt>
    <trkpt lat="46.045553" lon="6.988459"><ele>1522.2</ele></trkpt>
    <trkpt lat="46.045514" lon="6.988388"><ele>1524.4</ele></trkpt>
    <trkpt lat="46.045569" lon="6.988367"><ele>1528.2</ele></trkpt>
    <trkpt lat="46.045639" lon="6.988348"><ele>1529.8</ele></trkpt>
    <trkpt lat="46.045687" lon="6.988311"><ele>1533.8</ele></trkpt>
    <trkpt lat="46.045664" lon="6.988258"><ele>1536.3</ele></trkpt>
    <trkpt lat="46.045614" lon="6.988188"><ele>1540</ele></trkpt>
    <trkpt lat="46.045614" lon="6.988143"><ele>1542.6</ele></trkpt>
    <trkpt lat="46.045695" lon="6.9881"><ele>1547.3</ele></trkpt>
    <trkpt lat="46.04574" lon="6.987987"><ele>1555</ele></trkpt>
    <trkpt lat="46.045694" lon="6.987906"><ele>1557.1</ele></trkpt>
    <trkpt lat="46.045667" lon="6.987818"><ele>1563.9</ele></trkpt>
    <trkpt lat="46.045706" lon="6.987768"><ele>1567.5</ele></trkpt>
    <trkpt lat="46.045754" lon="6.987724"><ele>1571.9</ele></trkpt>
    <trkpt lat="46.045797" lon="6.987725"><ele>1573.5</ele></trkpt>
    <trkpt lat="46.045834" lon="6.987692"><ele>1576.1</ele></trkpt>
    <trkpt lat="46.045889" lon="6.987622"><ele>1582</ele></trkpt>
    <trkpt lat="46.045938" lon="6.987661"><ele>1582.2</ele></trkpt>
    <trkpt lat="46.04599" lon="6.987649"><ele>1584.5</ele></trkpt>
    <trkpt lat="46.046029" lon="6.987606"><ele>1588.1</ele></trkpt>
    <trkpt lat="46.046093" lon="6.987587"><ele>1592.8</ele></trkpt>
    <trkpt lat="46.046153" lon="6.987607"><ele>1593</ele></trkpt>
    <trkpt lat="46.046228" lon="6.987637"><ele>1596</ele></trkpt>
    <trkpt lat="46.046336" lon="6.987635"><ele>1598.9</ele></trkpt>
    <trkpt lat="46.046307" lon="6.987641"><ele>1598.7</ele></trkpt>
    <trkpt lat="46.046288" lon="6.987592"><ele>1601.6</ele></trkpt>
    <trkpt lat="46.04634" lon="6.987568"><ele>1603.8</ele></trkpt>
    <trkpt lat="46.046323" lon="6.987531"><ele>1606</ele></trkpt>
    <trkpt lat="46.046269" lon="6.987442"><ele>1610.1</ele></trkpt>
    <trkpt lat="46.046194" lon="6.987352"><ele>1614.1</ele></trkpt>
    <trkpt lat="46.046114" lon="6.987288"><ele>1617.8</ele></trkpt>
    <trkpt lat="46.046067" lon="6.987209"><ele>1620.6</ele></trkpt>
    <trkpt lat="46.046006" lon="6.987123"><ele>1623.5</ele></trkpt>
    <trkpt lat="46.045979" lon="6.987018"><ele>1627.8</ele></trkpt>
    <trkpt lat="46.045927" lon="6.986946"><ele>1632.3</ele></trkpt>
    <trkpt lat="46.045867" lon="6.98688"><ele>1633</ele></trkpt>
    <trkpt lat="46.045837" lon="6.986817"><ele>1636.5</ele></trkpt>
    <trkpt lat="46.04579" lon="6.986736"><ele>1638.6</ele></trkpt>
    <trkpt lat="46.04576" lon="6.986668"><ele>1640</ele></trkpt>
    <trkpt lat="46.045719" lon="6.986596"><ele>1644.1</ele></trkpt>
    <trkpt lat="46.045735" lon="6.986531"><ele>1645.5</ele></trkpt>
    <trkpt lat="46.045801" lon="6.986492"><ele>1647.6</ele></trkpt>
    <trkpt lat="46.04587" lon="6.986477"><ele>1649.6</ele></trkpt>
    <trkpt lat="46.045941" lon="6.986486"><ele>1651.6</ele></trkpt>
    <trkpt lat="46.045998" lon="6.986483"><ele>1653.2</ele></trkpt>
    <trkpt lat="46.046074" lon="6.986474"><ele>1655.3</ele></trkpt>
    <trkpt lat="46.046114" lon="6.986432"><ele>1656.6</ele></trkpt>
    <trkpt lat="46.046161" lon="6.986449"><ele>1657.8</ele></trkpt>
    <trkpt lat="46.046162" lon="6.986362"><ele>1659</ele></trkpt>
    <trkpt lat="46.046211" lon="6.986296"><ele>1660.4</ele></trkpt>
    <trkpt lat="46.046203" lon="6.986228"><ele>1661.5</ele></trkpt>
    <trkpt lat="46.04617" lon="6.986151"><ele>1662.9</ele></trkpt>
    <trkpt lat="46.046125" lon="6.986088"><ele>1664.5</ele></trkpt>
    <trkpt lat="46.046091" lon="6.986017"><ele>1666.2</ele></trkpt>
    <trkpt lat="46.046029" lon="6.985967"><ele>1668.3</ele></trkpt>
    <trkpt lat="46.045941" lon="6.985912"><ele>1671</ele></trkpt>
    <trkpt lat="46.045864" lon="6.985869"><ele>1673.3</ele></trkpt>
    <trkpt lat="46.045782" lon="6.985843"><ele>1675.9</ele></trkpt>
    <trkpt lat="46.045764" lon="6.985814"><ele>1677.6</ele></trkpt>
    <trkpt lat="46.045842" lon="6.985752"><ele>1680.3</ele></trkpt>
    <trkpt lat="46.045917" lon="6.98569"><ele>1683</ele></trkpt>
    <trkpt lat="46.045949" lon="6.985636"><ele>1684.5</ele></trkpt>
    <trkpt lat="46.046022" lon="6.985544"><ele>1687.2</ele></trkpt>
    <trkpt lat="46.046115" lon="6.985491"><ele>1689.9</ele></trkpt>
    <trkpt lat="46.046113" lon="6.985398"><ele>1691.9</ele></trkpt>
    <trkpt lat="46.046068" lon="6.985321"><ele>1693.8</ele></trkpt>
    <trkpt lat="46.045998" lon="6.985291"><ele>1695.8</ele></trkpt>
    <trkpt lat="46.045939" lon="6.985287"><ele>1697.4</ele></trkpt>
    <trkpt lat="46.045871" lon="6.985296"><ele>1699.4</ele></trkpt>
    <trkpt lat="46.045804" lon="6.985278"><ele>1701.3</ele></trkpt>
    <trkpt lat="46.045761" lon="6.985204"><ele>1703.2</ele></trkpt>
    <trkpt lat="46.045748" lon="6.985111"><ele>1705</ele></trkpt>
    <trkpt lat="46.045745" lon="6.985036"><ele>1706.8</ele></trkpt>
    <trkpt lat="46.045811" lon="6.985043"><ele>1708.6</ele></trkpt>
    <trkpt lat="46.045884" lon="6.984999"><ele>1711</ele></trkpt>
    <trkpt lat="46.045947" lon="6.98494"><ele>1713.3</ele></trkpt>
    <trkpt lat="46.045978" lon="6.984849"><ele>1715.5</ele></trkpt>
    <trkpt lat="46.046023" lon="6.984778"><ele>1717.6</ele></trkpt>
    <trkpt lat="46.046034" lon="6.984713"><ele>1719.4</ele></trkpt>
    <trkpt lat="46.045965" lon="6.98472"><ele>1721.5</ele></trkpt>
    <trkpt lat="46.045938" lon="6.984674"><ele>1723</ele></trkpt>
    <trkpt lat="46.04591" lon="6.984597"><ele>1724.8</ele></trkpt>
    <trkpt lat="46.045895" lon="6.984546"><ele>1726.1</ele></trkpt>
    <trkpt lat="46.045865" lon="6.984508"><ele>1727.6</ele></trkpt>
    <trkpt lat="46.045782" lon="6.984481"><ele>1730.1</ele></trkpt>
    <trkpt lat="46.045731" lon="6.984402"><ele>1732.4</ele></trkpt>
    <trkpt lat="46.04568" lon="6.984305"><ele>1735.1</ele></trkpt>
    <trkpt lat="46.045734" lon="6.984275"><ele>1737.2</ele></trkpt>
    <trkpt lat="46.045787" lon="6.984244"><ele>1739.1</ele></trkpt>
    <trkpt lat="46.045743" lon="6.984151"><ele>1741.5</ele></trkpt>
    <trkpt lat="46.045708" lon="6.984062"><ele>1743.6</ele></trkpt>
    <trkpt lat="46.045684" lon="6.983983"><ele>1745.5</ele></trkpt>
    <trkpt lat="46.04566" lon="6.98389"><ele>1747.8</ele></trkpt>
    <trkpt lat="46.045629" lon="6.983811"><ele>1749.9</ele></trkpt>
    <trkpt lat="46.045614" lon="6.983737"><ele>1751.6</ele></trkpt>
    <trkpt lat="46.045663" lon="6.983711"><ele>1753.9</ele></trkpt>
    <trkpt lat="46.045746" lon="6.983719"><ele>1756.7</ele></trkpt>
    <trkpt lat="46.045789" lon="6.983713"><ele>1758.3</ele></trkpt>
    <trkpt lat="46.045742" lon="6.983646"><ele>1760.5</ele></trkpt>
    <trkpt lat="46.045751" lon="6.983545"><ele>1763</ele></trkpt>
    <trkpt lat="46.045812" lon="6.983557"><ele>1764.9</ele></trkpt>
    <trkpt lat="46.04588" lon="6.983585"><ele>1766.9</ele></trkpt>
    <trkpt lat="46.045898" lon="6.983561"><ele>1768.1</ele></trkpt>
    <trkpt lat="46.045842" lon="6.983473"><ele>1770.4</ele></trkpt>
    <trkpt lat="46.045784" lon="6.983381"><ele>1772.8</ele></trkpt>
    <trkpt lat="46.045753" lon="6.983263"><ele>1775.3</ele></trkpt>
    <trkpt lat="46.045721" lon="6.983184"><ele>1777.2</ele></trkpt>
    <trkpt lat="46.04571" lon="6.983113"><ele>1778.9</ele></trkpt>
    <trkpt lat="46.045691" lon="6.983039"><ele>1780.5</ele></trkpt>
    <trkpt lat="46.045668" lon="6.982918"><ele>1782.9</ele></trkpt>
    <trkpt lat="46.045603" lon="6.982817"><ele>1785</ele></trkpt>
    <trkpt lat="46.045528" lon="6.982752"><ele>1787</ele></trkpt>
    <trkpt lat="46.045515" lon="6.98269"><ele>1788</ele></trkpt>
    <trkpt lat="46.045482" lon="6.982612"><ele>1789.5</ele></trkpt>
    <trkpt lat="46.045408" lon="6.982524"><ele>1791.8</ele></trkpt>
    <trkpt lat="46.045383" lon="6.982455"><ele>1795.2</ele></trkpt>
    <trkpt lat="46.045442" lon="6.982478"><ele>1796.9</ele></trkpt>
    <trkpt lat="46.04551" lon="6.982521"><ele>1799.9</ele></trkpt>
    <trkpt lat="46.045592" lon="6.982547"><ele>1801.4</ele></trkpt>
    <trkpt lat="46.045681" lon="6.982566"><ele>1805.4</ele></trkpt>
    <trkpt lat="46.045758" lon="6.982613"><ele>1807</ele></trkpt>
    <trkpt lat="46.045738" lon="6.98255"><ele>1808.4</ele></trkpt>
    <trkpt lat="46.045802" lon="6.982564"><ele>1810.6</ele></trkpt>
    <trkpt lat="46.045904" lon="6.982609"><ele>1812.7</ele></trkpt>
    <trkpt lat="46.045994" lon="6.982567"><ele>1816</ele></trkpt>
    <trkpt lat="46.046079" lon="6.982506"><ele>1819.5</ele></trkpt>
    <trkpt lat="46.046078" lon="6.982433"><ele>1822.8</ele></trkpt>
    <trkpt lat="46.046001" lon="6.98235"><ele>1824.3</ele></trkpt>
    <trkpt lat="46.045979" lon="6.98223"><ele>1827.5</ele></trkpt>
    <trkpt lat="46.045957" lon="6.982151"><ele>1830.3</ele></trkpt>
    <trkpt lat="46.045915" lon="6.982067"><ele>1832.6</ele></trkpt>
    <trkpt lat="46.045858" lon="6.982011"><ele>1833.8</ele></trkpt>
    <trkpt lat="46.045815" lon="6.981926"><ele>1836.6</ele></trkpt>
    <trkpt lat="46.045778" lon="6.981851"><ele>1839.3</ele></trkpt>
    <trkpt lat="46.045816" lon="6.981811"><ele>1841.5</ele></trkpt>
    <trkpt lat="46.045893" lon="6.981802"><ele>1842.9</ele></trkpt>
    <trkpt lat="46.045913" lon="6.981743"><ele>1845.1</ele></trkpt>
    <trkpt lat="46.04586" lon="6.981681"><ele>1847.7</ele></trkpt>
    <trkpt lat="46.045818" lon="6.98161"><ele>1849.5</ele></trkpt>
    <trkpt lat="46.045753" lon="6.981555"><ele>1851</ele></trkpt>
    <trkpt lat="46.045763" lon="6.981509"><ele>1854.5</ele></trkpt>
    <trkpt lat="46.045845" lon="6.981512"><ele>1854.8</ele></trkpt>
    <trkpt lat="46.045951" lon="6.981497"><ele>1859.1</ele></trkpt>
    <trkpt lat="46.046037" lon="6.981481"><ele>1861.1</ele></trkpt>
    <trkpt lat="46.046117" lon="6.981443"><ele>1862.9</ele></trkpt>
    <trkpt lat="46.046222" lon="6.981395"><ele>1865.4</ele></trkpt>
    <trkpt lat="46.046333" lon="6.981331"><ele>1868.5</ele></trkpt>
    <trkpt lat="46.046442" lon="6.981262"><ele>1871.7</ele></trkpt>
    <trkpt lat="46.046525" lon="6.981248"><ele>1874.1</ele></trkpt>
    <trkpt lat="46.046594" lon="6.981244"><ele>1876.1</ele></trkpt>
    <trkpt lat="46.046652" lon="6.981237"><ele>1877.9</ele></trkpt>
    <trkpt lat="46.046736" lon="6.981244"><ele>1880.4</ele></trkpt>
    <trkpt lat="46.046801" lon="6.981215"><ele>1882.5</ele></trkpt>
    <trkpt lat="46.046755" lon="6.981077"><ele>1885.2</ele></trkpt>
    <trkpt lat="46.046668" lon="6.980972"><ele>1887.9</ele></trkpt>
    <trkpt lat="46.046744" lon="6.980934"><ele>1889.8</ele></trkpt>
    <trkpt lat="46.04682" lon="6.980889"><ele>1891.9</ele></trkpt>
    <trkpt lat="46.046901" lon="6.980901"><ele>1894.1</ele></trkpt>
    <trkpt lat="46.046983" lon="6.980939"><ele>1896.4</ele></trkpt>
    <trkpt lat="46.047075" lon="6.980954"><ele>1898.9</ele></trkpt>
    <trkpt lat="46.047166" lon="6.980956"><ele>1901.1</ele></trkpt>
    <trkpt lat="46.047255" lon="6.980963"><ele>1903.3</ele></trkpt>
    <trkpt lat="46.047242" lon="6.98082"><ele>1905.8</ele></trkpt>
    <trkpt lat="46.047191" lon="6.980705"><ele>1908</ele></trkpt>
    <trkpt lat="46.047142" lon="6.980604"><ele>1910.1</ele></trkpt>
    <trkpt lat="46.047085" lon="6.980519"><ele>1912.3</ele></trkpt>
    <trkpt lat="46.047017" lon="6.980449"><ele>1914.6</ele></trkpt>
    <trkpt lat="46.046952" lon="6.980408"><ele>1916.5</ele></trkpt>
    <trkpt lat="46.046972" lon="6.980353"><ele>1918.3</ele></trkpt>
    <trkpt lat="46.047074" lon="6.980305"><ele>1920.5</ele></trkpt>
    <trkpt lat="46.047185" lon="6.980183"><ele>1922.7</ele></trkpt>
    <trkpt lat="46.047273" lon="6.980057"><ele>1924.5</ele></trkpt>
    <trkpt lat="46.047351" lon="6.979938"><ele>1926.5</ele></trkpt>
    <trkpt lat="46.047417" lon="6.979821"><ele>1928.6</ele></trkpt>
    <trkpt lat="46.047481" lon="6.979703"><ele>1930.8</ele></trkpt>
    <trkpt lat="46.04756" lon="6.9796"><ele>1933</ele></trkpt>
    <trkpt lat="46.047642" lon="6.979491"><ele>1935.1</ele></trkpt>
    <trkpt lat="46.047747" lon="6.979414"><ele>1937.2</ele></trkpt>
    <trkpt lat="46.047875" lon="6.979373"><ele>1939</ele></trkpt>
    <trkpt lat="46.048018" lon="6.979402"><ele>1940.5</ele></trkpt>
    <trkpt lat="46.04817" lon="6.979374"><ele>1942.4</ele></trkpt>
    <trkpt lat="46.048326" lon="6.979305"><ele>1944.6</ele></trkpt>
    <trkpt lat="46.048419" lon="6.979254"><ele>1946.2</ele></trkpt>
    <trkpt lat="46.048466" lon="6.97919"><ele>1947.8</ele></trkpt>
    <trkpt lat="46.048521" lon="6.979144"><ele>1949.7</ele></trkpt>
    <trkpt lat="46.048605" lon="6.979091"><ele>1952.7</ele></trkpt>
    <trkpt lat="46.048685" lon="6.979072"><ele>1955.1</ele></trkpt>
    <trkpt lat="46.048763" lon="6.979103"><ele>1957.2</ele></trkpt>
    <trkpt lat="46.048875" lon="6.979084"><ele>1959.7</ele></trkpt>
    <trkpt lat="46.048961" lon="6.97908"><ele>1961.5</ele></trkpt>
    <trkpt lat="46.04906" lon="6.97901"><ele>1963.9</ele></trkpt>
    <trkpt lat="46.04914" lon="6.978922"><ele>1965.8</ele></trkpt>
    <trkpt lat="46.049225" lon="6.978914"><ele>1967.7</ele></trkpt>
    <trkpt lat="46.049306" lon="6.978871"><ele>1969.8</ele></trkpt>
    <trkpt lat="46.049391" lon="6.978814"><ele>1972</ele></trkpt>
    <trkpt lat="46.049476" lon="6.978719"><ele>1974.2</ele></trkpt>
    <trkpt lat="46.049548" lon="6.978526"><ele>1977</ele></trkpt>
    <trkpt lat="46.049567" lon="6.978247"><ele>1978.8</ele></trkpt>
    <trkpt lat="46.049606" lon="6.978043"><ele>1980.9</ele></trkpt>
    <trkpt lat="46.049584" lon="6.977934"><ele>1982.9</ele></trkpt>
    <trkpt lat="46.049527" lon="6.977822"><ele>1985.2</ele></trkpt>
    <trkpt lat="46.049493" lon="6.97767"><ele>1987.6</ele></trkpt>
    <trkpt lat="46.049455" lon="6.977542"><ele>1989.7</ele></trkpt>
    <trkpt lat="46.049397" lon="6.977429"><ele>1992</ele></trkpt>
    <trkpt lat="46.049324" lon="6.977324"><ele>1994.5</ele></trkpt>
    <trkpt lat="46.049234" lon="6.977223"><ele>1997</ele></trkpt>
    <trkpt lat="46.049162" lon="6.977127"><ele>1999.2</ele></trkpt>
    <trkpt lat="46.04909" lon="6.977034"><ele>2001.7</ele></trkpt>
    <trkpt lat="46.049059" lon="6.97693"><ele>2003.8</ele></trkpt>
    <trkpt lat="46.049001" lon="6.976803"><ele>2006.5</ele></trkpt>
    <trkpt lat="46.048946" lon="6.97667"><ele>2008.4</ele></trkpt>
    <trkpt lat="46.048876" lon="6.976568"><ele>2009.5</ele></trkpt>
    <trkpt lat="46.048785" lon="6.976506"><ele>2010.7</ele></trkpt>
    <trkpt lat="46.048686" lon="6.976401"><ele>2012.3</ele></trkpt>
    <trkpt lat="46.048591" lon="6.976307"><ele>2014</ele></trkpt>
    <trkpt lat="46.048496" lon="6.976251"><ele>2015.3</ele></trkpt>
    <trkpt lat="46.048421" lon="6.976124"><ele>2016.1</ele></trkpt>
    <trkpt lat="46.048286" lon="6.975946"><ele>2016.6</ele></trkpt>
    <trkpt lat="46.048159" lon="6.975743"><ele>2018.3</ele></trkpt>
    <trkpt lat="46.048028" lon="6.975588"><ele>2020.6</ele></trkpt>
    <trkpt lat="46.047894" lon="6.975413"><ele>2022.6</ele></trkpt>
    <trkpt lat="46.047746" lon="6.975179"><ele>2022.5</ele></trkpt>
    <trkpt lat="46.047588" lon="6.974977"><ele>2023.3</ele></trkpt>
    <trkpt lat="46.047467" lon="6.974764"><ele>2024.8</ele></trkpt>
    <trkpt lat="46.04736" lon="6.974546"><ele>2026.7</ele></trkpt>
    <trkpt lat="46.047297" lon="6.974346"><ele>2029.2</ele></trkpt>
    <trkpt lat="46.047235" lon="6.974177"><ele>2031.2</ele></trkpt>
    <trkpt lat="46.047125" lon="6.973898"><ele>2032</ele></trkpt>
    <trkpt lat="46.046993" lon="6.97369"><ele>2032.6</ele></trkpt>
    <trkpt lat="46.046874" lon="6.973573"><ele>2033.2</ele></trkpt>
    <trkpt lat="46.04678" lon="6.97349"><ele>2033.1</ele></trkpt>
    <trkpt lat="46.046593" lon="6.973339"><ele>2031.6</ele></trkpt>
    <trkpt lat="46.046368" lon="6.97312"><ele>2029.4</ele></trkpt>
    <trkpt lat="46.046141" lon="6.972876"><ele>2027.6</ele></trkpt>
    <trkpt lat="46.045932" lon="6.972713"><ele>2027.3</ele></trkpt>
    <trkpt lat="46.045684" lon="6.972623"><ele>2027.5</ele></trkpt>
    <trkpt lat="46.045446" lon="6.972524"><ele>2027.9</ele></trkpt>
    <trkpt lat="46.045205" lon="6.972368"><ele>2027.6</ele></trkpt>
    <trkpt lat="46.044992" lon="6.972169"><ele>2027.5</ele></trkpt>
    <trkpt lat="46.044811" lon="6.971929"><ele>2028.2</ele></trkpt>
    <trkpt lat="46.044646" lon="6.971704"><ele>2029.4</ele></trkpt>
    <trkpt lat="46.044512" lon="6.971522"><ele>2031.3</ele></trkpt>
    <trkpt lat="46.044354" lon="6.971377"><ele>2033.3</ele></trkpt>
    <trkpt lat="46.044152" lon="6.971277"><ele>2034.5</ele></trkpt>
    <trkpt lat="46.043943" lon="6.971205"><ele>2035.2</ele></trkpt>
    <trkpt lat="46.043733" lon="6.971177"><ele>2035.9</ele></trkpt>
    <trkpt lat="46.043534" lon="6.971187"><ele>2036.8</ele></trkpt>
    <trkpt lat="46.043345" lon="6.971221"><ele>2038.1</ele></trkpt>
    <trkpt lat="46.043164" lon="6.97132"><ele>2039.5</ele></trkpt>
    <trkpt lat="46.042986" lon="6.971403"><ele>2041.4</ele></trkpt>
    <trkpt lat="46.042871" lon="6.971521"><ele>2043.8</ele></trkpt>
    <trkpt lat="46.042773" lon="6.97156"><ele>2045.8</ele></trkpt>
    <trkpt lat="46.042675" lon="6.971596"><ele>2047.5</ele></trkpt>
    <trkpt lat="46.042554" lon="6.971703"><ele>2049.5</ele></trkpt>
    <trkpt lat="46.042423" lon="6.971793"><ele>2051.1</ele></trkpt>
    <trkpt lat="46.042254" lon="6.971904"><ele>2053.2</ele></trkpt>
    <trkpt lat="46.042126" lon="6.971964"><ele>2055.4</ele></trkpt>
    <trkpt lat="46.042012" lon="6.971994"><ele>2056.9</ele></trkpt>
    <trkpt lat="46.041849" lon="6.972049"><ele>2057.8</ele></trkpt>
    <trkpt lat="46.041651" lon="6.971929"><ele>2058.8</ele></trkpt>
    <trkpt lat="46.041491" lon="6.971787"><ele>2060.5</ele></trkpt>
    <trkpt lat="46.04134" lon="6.971694"><ele>2062.4</ele></trkpt>
    <trkpt lat="46.041196" lon="6.971585"><ele>2063.5</ele></trkpt>
    <trkpt lat="46.041033" lon="6.971465"><ele>2062.9</ele></trkpt>
    <trkpt lat="46.040911" lon="6.971164"><ele>2060.7</ele></trkpt>
    <trkpt lat="46.04071" lon="6.97098"><ele>2057.5</ele></trkpt>
    <trkpt lat="46.04057" lon="6.970714"><ele>2052.6</ele></trkpt>
    <trkpt lat="46.040517" lon="6.970365"><ele>2046.9</ele></trkpt>
    <trkpt lat="46.040279" lon="6.970294"><ele>2041.1</ele></trkpt>
    <trkpt lat="46.040048" lon="6.970322"><ele>2034.7</ele></trkpt>
    <trkpt lat="46.039828" lon="6.970453"><ele>2028.1</ele></trkpt>
    <trkpt lat="46.03957" lon="6.970553"><ele>2021.1</ele></trkpt>
    <trkpt lat="46.039272" lon="6.970566"><ele>2016.1</ele></trkpt>
    <trkpt lat="46.03901" lon="6.970487"><ele>2012</ele></trkpt>
    <trkpt lat="46.039016" lon="6.97016"><ele>2007.4</ele></trkpt>
    <trkpt lat="46.039064" lon="6.969733"><ele>2002.2</ele></trkpt>
    <trkpt lat="46.03914" lon="6.969371"><ele>1999</ele></trkpt>
    <trkpt lat="46.039066" lon="6.969291"><ele>1998.7</ele></trkpt>
    <trkpt lat="46.039133" lon="6.969363"><ele>1998.8</ele></trkpt>
    <trkpt lat="46.039258" lon="6.969357"><ele>1999.2</ele></trkpt>
    <trkpt lat="46.039473" lon="6.96936"><ele>1998.3</ele></trkpt>
    <trkpt lat="46.039678" lon="6.969088"><ele>1995.6</ele></trkpt>
    <trkpt lat="46.039844" lon="6.968903"><ele>1991.9</ele></trkpt>
    <trkpt lat="46.039808" lon="6.968529"><ele>1988.8</ele></trkpt>
    <trkpt lat="46.039626" lon="6.968324"><ele>1985</ele></trkpt>
    <trkpt lat="46.039474" lon="6.968126"><ele>1980.8</ele></trkpt>
    <trkpt lat="46.03939" lon="6.967814"><ele>1974.8</ele></trkpt>
    <trkpt lat="46.039303" lon="6.967532"><ele>1970.1</ele></trkpt>
    <trkpt lat="46.03944" lon="6.967502"><ele>1966.8</ele></trkpt>
    <trkpt lat="46.039721" lon="6.96766"><ele>1960.7</ele></trkpt>
    <trkpt lat="46.039931" lon="6.96776"><ele>1954.2</ele></trkpt>
    <trkpt lat="46.03992" lon="6.967626"><ele>1950.9</ele></trkpt>
    <trkpt lat="46.039771" lon="6.967428"><ele>1947.3</ele></trkpt>
    <trkpt lat="46.039586" lon="6.967188"><ele>1943</ele></trkpt>
    <trkpt lat="46.03943" lon="6.966934"><ele>1938</ele></trkpt>
    <trkpt lat="46.039663" lon="6.96698"><ele>1932.1</ele></trkpt>
    <trkpt lat="46.03994" lon="6.967108"><ele>1926.1</ele></trkpt>
    <trkpt lat="46.040195" lon="6.967005"><ele>1918.9</ele></trkpt>
    <trkpt lat="46.040419" lon="6.966784"><ele>1910.7</ele></trkpt>
    <trkpt lat="46.040374" lon="6.966541"><ele>1904.6</ele></trkpt>
    <trkpt lat="46.040147" lon="6.966259"><ele>1898.6</ele></trkpt>
    <trkpt lat="46.040125" lon="6.965872"><ele>1891.8</ele></trkpt>
    <trkpt lat="46.040236" lon="6.965403"><ele>1885.3</ele></trkpt>
    <trkpt lat="46.040463" lon="6.965256"><ele>1884.2</ele></trkpt>
    <trkpt lat="46.040738" lon="6.965325"><ele>1883.2</ele></trkpt>
    <trkpt lat="46.040991" lon="6.965432"><ele>1879.6</ele></trkpt>
    <trkpt lat="46.041122" lon="6.965456"><ele>1875.9</ele></trkpt>
    <trkpt lat="46.041018" lon="6.965114"><ele>1868.2</ele></trkpt>
    <trkpt lat="46.040948" lon="6.964815"><ele>1860</ele></trkpt>
    <trkpt lat="46.041078" lon="6.964845"><ele>1853.5</ele></trkpt>
    <trkpt lat="46.041254" lon="6.964936"><ele>1846.6</ele></trkpt>
    <trkpt lat="46.041405" lon="6.965033"><ele>1842.2</ele></trkpt>
    <trkpt lat="46.04146" lon="6.964877"><ele>1833.8</ele></trkpt>
    <trkpt lat="46.04169" lon="6.965073"><ele>1827.7</ele></trkpt>
    <trkpt lat="46.041966" lon="6.965019"><ele>1821.4</ele></trkpt>
    <trkpt lat="46.042071" lon="6.964891"><ele>1817.4</ele></trkpt>
    <trkpt lat="46.042311" lon="6.964863"><ele>1811.2</ele></trkpt>
    <trkpt lat="46.042541" lon="6.964937"><ele>1804.9</ele></trkpt>
    <trkpt lat="46.042797" lon="6.9649"><ele>1798.5</ele></trkpt>
    <trkpt lat="46.042856" lon="6.964753"><ele>1793.3</ele></trkpt>
    <trkpt lat="46.042785" lon="6.964368"><ele>1786.8</ele></trkpt>
    <trkpt lat="46.042582" lon="6.964188"><ele>1786</ele></trkpt>
    <trkpt lat="46.042371" lon="6.964158"><ele>1787.4</ele></trkpt>
    <trkpt lat="46.042276" lon="6.964047"><ele>1788.3</ele></trkpt>
    <trkpt lat="46.042379" lon="6.96368"><ele>1787.2</ele></trkpt>
    <trkpt lat="46.042431" lon="6.963338"><ele>1785.3</ele></trkpt>
    <trkpt lat="46.042424" lon="6.962979"><ele>1782.1</ele></trkpt>
    <trkpt lat="46.042454" lon="6.962606"><ele>1779.4</ele></trkpt>
    <trkpt lat="46.042657" lon="6.962325"><ele>1777.3</ele></trkpt>
    <trkpt lat="46.042777" lon="6.961979"><ele>1776</ele></trkpt>
    <trkpt lat="46.042926" lon="6.961627"><ele>1774.2</ele></trkpt>
    <trkpt lat="46.042982" lon="6.961256"><ele>1772.7</ele></trkpt>
    <trkpt lat="46.042906" lon="6.960926"><ele>1771.4</ele></trkpt>
    <trkpt lat="46.042756" lon="6.960595"><ele>1768.8</ele></trkpt>
    <trkpt lat="46.042622" lon="6.96026"><ele>1767.3</ele></trkpt>
    <trkpt lat="46.042559" lon="6.959882"><ele>1765</ele></trkpt>
    <trkpt lat="46.042531" lon="6.95948"><ele>1763.3</ele></trkpt>
    <trkpt lat="46.042523" lon="6.959081"><ele>1761.7</ele></trkpt>
    <trkpt lat="46.042427" lon="6.958695"><ele>1760.1</ele></trkpt>
    <trkpt lat="46.04234" lon="6.958303"><ele>1757.5</ele></trkpt>
    <trkpt lat="46.042239" lon="6.957904"><ele>1755.3</ele></trkpt>
    <trkpt lat="46.042134" lon="6.95751"><ele>1753.6</ele></trkpt>
    <trkpt lat="46.041968" lon="6.957142"><ele>1751.9</ele></trkpt>
    <trkpt lat="46.041838" lon="6.956881"><ele>1752.7</ele></trkpt>
    <trkpt lat="46.041695" lon="6.956698"><ele>1754.2</ele></trkpt>
    <trkpt lat="46.041591" lon="6.95651"><ele>1755.3</ele></trkpt>
    <trkpt lat="46.041577" lon="6.956402"><ele>1755.5</ele></trkpt>
    <trkpt lat="46.041523" lon="6.956278"><ele>1755.6</ele></trkpt>
    <trkpt lat="46.041444" lon="6.956"><ele>1755.8</ele></trkpt>
    <trkpt lat="46.041313" lon="6.955782"><ele>1756.7</ele></trkpt>
    <trkpt lat="46.041161" lon="6.955631"><ele>1758.1</ele></trkpt>
    <trkpt lat="46.040975" lon="6.955464"><ele>1759.7</ele></trkpt>
    <trkpt lat="46.040821" lon="6.955247"><ele>1761.7</ele></trkpt>
    <trkpt lat="46.040687" lon="6.95506"><ele>1763.9</ele></trkpt>
    <trkpt lat="46.040597" lon="6.954936"><ele>1765.9</ele></trkpt>
    <trkpt lat="46.04048" lon="6.954779"><ele>1767.6</ele></trkpt>
    <trkpt lat="46.040314" lon="6.954558"><ele>1768.4</ele></trkpt>
    <trkpt lat="46.040135" lon="6.954359"><ele>1768.8</ele></trkpt>
    <trkpt lat="46.039957" lon="6.954147"><ele>1769.8</ele></trkpt>
    <trkpt lat="46.039862" lon="6.953845"><ele>1770</ele></trkpt>
    <trkpt lat="46.039664" lon="6.953618"><ele>1769.3</ele></trkpt>
    <trkpt lat="46.039485" lon="6.953263"><ele>1766.6</ele></trkpt>
    <trkpt lat="46.039384" lon="6.952921"><ele>1766.7</ele></trkpt>
    <trkpt lat="46.039347" lon="6.95259"><ele>1766.7</ele></trkpt>
    <trkpt lat="46.039304" lon="6.952237"><ele>1767.4</ele></trkpt>
    <trkpt lat="46.039201" lon="6.952078"><ele>1769.7</ele></trkpt>
    <trkpt lat="46.039119" lon="6.951954"><ele>1771.8</ele></trkpt>
    <trkpt lat="46.038993" lon="6.951839"><ele>1773.9</ele></trkpt>
    <trkpt lat="46.03884" lon="6.951713"><ele>1775.4</ele></trkpt>
    <trkpt lat="46.038707" lon="6.951527"><ele>1776.6</ele></trkpt>
    <trkpt lat="46.038608" lon="6.951272"><ele>1777.5</ele></trkpt>
    <trkpt lat="46.038448" lon="6.951031"><ele>1777.6</ele></trkpt>
    <trkpt lat="46.038266" lon="6.950926"><ele>1778.5</ele></trkpt>
    <trkpt lat="46.038071" lon="6.950792"><ele>1778</ele></trkpt>
    <trkpt lat="46.037899" lon="6.9505"><ele>1775.2</ele></trkpt>
    <trkpt lat="46.037792" lon="6.950226"><ele>1771.2</ele></trkpt>
    <trkpt lat="46.038029" lon="6.9501"><ele>1765.9</ele></trkpt>
    <trkpt lat="46.038318" lon="6.95009"><ele>1760.6</ele></trkpt>
    <trkpt lat="46.038604" lon="6.950225"><ele>1755.6</ele></trkpt>
    <trkpt lat="46.038768" lon="6.950077"><ele>1751.7</ele></trkpt>
    <trkpt lat="46.038677" lon="6.949673"><ele>1745.6</ele></trkpt>
    <trkpt lat="46.03837" lon="6.949441"><ele>1740.8</ele></trkpt>
    <trkpt lat="46.038132" lon="6.949212"><ele>1738.8</ele></trkpt>
    <trkpt lat="46.037906" lon="6.948954"><ele>1737</ele></trkpt>
    <trkpt lat="46.037678" lon="6.948675"><ele>1734.7</ele></trkpt>
    <trkpt lat="46.037911" lon="6.948617"><ele>1729.9</ele></trkpt>
    <trkpt lat="46.038256" lon="6.948665"><ele>1723.7</ele></trkpt>
    <trkpt lat="46.038572" lon="6.948676"><ele>1718.6</ele></trkpt>
    <trkpt lat="46.038854" lon="6.948734"><ele>1714.1</ele></trkpt>
    <trkpt lat="46.039108" lon="6.948767"><ele>1707.3</ele></trkpt>
    <trkpt lat="46.039155" lon="6.948631"><ele>1703.6</ele></trkpt>
    <trkpt lat="46.0391" lon="6.948376"><ele>1697.3</ele></trkpt>
    <trkpt lat="46.039102" lon="6.948092"><ele>1691.4</ele></trkpt>
    <trkpt lat="46.038997" lon="6.94774"><ele>1686.4</ele></trkpt>
    <trkpt lat="46.038839" lon="6.947384"><ele>1684.3</ele></trkpt>
    <trkpt lat="46.038662" lon="6.947047"><ele>1683.7</ele></trkpt>
    <trkpt lat="46.038478" lon="6.946785"><ele>1682.9</ele></trkpt>
    <trkpt lat="46.038338" lon="6.946437"><ele>1680.5</ele></trkpt>
    <trkpt lat="46.038176" lon="6.94617"><ele>1675.3</ele></trkpt>
    <trkpt lat="46.037878" lon="6.945895"><ele>1670</ele></trkpt>
    <trkpt lat="46.037606" lon="6.945669"><ele>1666.9</ele></trkpt>
    <trkpt lat="46.037303" lon="6.945427"><ele>1663.3</ele></trkpt>
    <trkpt lat="46.036992" lon="6.945308"><ele>1660.9</ele></trkpt>
    <trkpt lat="46.036724" lon="6.94516"><ele>1658.9</ele></trkpt>
    <trkpt lat="46.036524" lon="6.944907"><ele>1656</ele></trkpt>
    <trkpt lat="46.036335" lon="6.944669"><ele>1651.1</ele></trkpt>
    <trkpt lat="46.036218" lon="6.944403"><ele>1644.8</ele></trkpt>
    <trkpt lat="46.036108" lon="6.944172"><ele>1638.5</ele></trkpt>
    <trkpt lat="46.035968" lon="6.943873"><ele>1631.6</ele></trkpt>
    <trkpt lat="46.035729" lon="6.943504"><ele>1626</ele></trkpt>
    <trkpt lat="46.035636" lon="6.943316"><ele>1622</ele></trkpt>
    <trkpt lat="46.035499" lon="6.943107"><ele>1616</ele></trkpt>
    <trkpt lat="46.035437" lon="6.942934"><ele>1611</ele></trkpt>
    <trkpt lat="46.035538" lon="6.942898"><ele>1608</ele></trkpt>
    <trkpt lat="46.035689" lon="6.942845"><ele>1603</ele></trkpt>
    <trkpt lat="46.03586" lon="6.942914"><ele>1598</ele></trkpt>
    <trkpt lat="46.036043" lon="6.9429"><ele>1592</ele></trkpt>
    <trkpt lat="46.035926" lon="6.942748"><ele>1587</ele></trkpt>
    <trkpt lat="46.035903" lon="6.942563"><ele>1583</ele></trkpt>
    <trkpt lat="46.035783" lon="6.942365"><ele>1577</ele></trkpt>
    <trkpt lat="46.035631" lon="6.942243"><ele>1570</ele></trkpt>
    <trkpt lat="46.035513" lon="6.942075"><ele>1564</ele></trkpt>
    <trkpt lat="46.0354" lon="6.941889"><ele>1560</ele></trkpt>
    <trkpt lat="46.035291" lon="6.941628"><ele>1555</ele></trkpt>
    <trkpt lat="46.035117" lon="6.941443"><ele>1549</ele></trkpt>
    <trkpt lat="46.035048" lon="6.941285"><ele>1544</ele></trkpt>
    <trkpt lat="46.034914" lon="6.941117"><ele>1539</ele></trkpt>
    <trkpt lat="46.034907" lon="6.940981"><ele>1535</ele></trkpt>
    <trkpt lat="46.03492" lon="6.940716"><ele>1528</ele></trkpt>
    <trkpt lat="46.034926" lon="6.940534"><ele>1523</ele></trkpt>
    <trkpt lat="46.03477" lon="6.940511"><ele>1518</ele></trkpt>
    <trkpt lat="46.03468" lon="6.940338"><ele>1512</ele></trkpt>
    <trkpt lat="46.034561" lon="6.940215"><ele>1507</ele></trkpt>
    <trkpt lat="46.034425" lon="6.940025"><ele>1504</ele></trkpt>
    <trkpt lat="46.034255" lon="6.939805"><ele>1498</ele></trkpt>
    <trkpt lat="46.034067" lon="6.939664"><ele>1493</ele></trkpt>
    <trkpt lat="46.033935" lon="6.939563"><ele>1487</ele></trkpt>
    <trkpt lat="46.033811" lon="6.939377"><ele>1480</ele></trkpt>
    <trkpt lat="46.033913" lon="6.939325"><ele>1475</ele></trkpt>
    <trkpt lat="46.033826" lon="6.939186"><ele>1470</ele></trkpt>
    <trkpt lat="46.033757" lon="6.939104"><ele>1466</ele></trkpt>
    <trkpt lat="46.033572" lon="6.938921"><ele>1462</ele></trkpt>
    <trkpt lat="46.033367" lon="6.938717"><ele>1456</ele></trkpt>
    <trkpt lat="46.033187" lon="6.93852"><ele>1450</ele></trkpt>
    <trkpt lat="46.033007" lon="6.938447"><ele>1444</ele></trkpt>
    <trkpt lat="46.032868" lon="6.938314"><ele>1440</ele></trkpt>
    <trkpt lat="46.032677" lon="6.938123"><ele>1435</ele></trkpt>
    <trkpt lat="46.032557" lon="6.937943"><ele>1430</ele></trkpt>
    <trkpt lat="46.032377" lon="6.93779"><ele>1426</ele></trkpt>
    <trkpt lat="46.032224" lon="6.9377"><ele>1421</ele></trkpt>
    <trkpt lat="46.032119" lon="6.937489"><ele>1416</ele></trkpt>
    <trkpt lat="46.031964" lon="6.937266"><ele>1412</ele></trkpt>
    <trkpt lat="46.031796" lon="6.937076"><ele>1408</ele></trkpt>
    <trkpt lat="46.03166" lon="6.936924"><ele>1404</ele></trkpt>
    <trkpt lat="46.03155" lon="6.936745"><ele>1398</ele></trkpt>
    <trkpt lat="46.031518" lon="6.93654"><ele>1393</ele></trkpt>
    <trkpt lat="46.031365" lon="6.936334"><ele>1389</ele></trkpt>
    <trkpt lat="46.03123" lon="6.936203"><ele>1383</ele></trkpt>
    <trkpt lat="46.031333" lon="6.936112"><ele>1380</ele></trkpt>
    <trkpt lat="46.031196" lon="6.93594"><ele>1377</ele></trkpt>
    <trkpt lat="46.031001" lon="6.935857"><ele>1375</ele></trkpt>
    <trkpt lat="46.030822" lon="6.935649"><ele>1370</ele></trkpt>
    <trkpt lat="46.030676" lon="6.935381"><ele>1366</ele></trkpt>
    <trkpt lat="46.030602" lon="6.935147"><ele>1360</ele></trkpt>
    <trkpt lat="46.030569" lon="6.93497"><ele>1355</ele></trkpt>
    <trkpt lat="46.030647" lon="6.934779"><ele>1349</ele></trkpt>
    <trkpt lat="46.03062" lon="6.93458"><ele>1342</ele></trkpt>
    <trkpt lat="46.030745" lon="6.934464"><ele>1336</ele></trkpt>
    <trkpt lat="46.030843" lon="6.93425"><ele>1331</ele></trkpt>
    <trkpt lat="46.030985" lon="6.934252"><ele>1323</ele></trkpt>
    <trkpt lat="46.031084" lon="6.934222"><ele>1319</ele></trkpt>
    <trkpt lat="46.031198" lon="6.934058"><ele>1312</ele></trkpt>
    <trkpt lat="46.031275" lon="6.933973"><ele>1306</ele></trkpt>
    <trkpt lat="46.031433" lon="6.933983"><ele>1298</ele></trkpt>
    <trkpt lat="46.031653" lon="6.9339"><ele>1291</ele></trkpt>
    <trkpt lat="46.031917" lon="6.933882"><ele>1286</ele></trkpt>
    <trkpt lat="46.0321" lon="6.933735"><ele>1284</ele></trkpt>
    <trkpt lat="46.032172" lon="6.933512"><ele>1284</ele></trkpt>
    <trkpt lat="46.032369" lon="6.93353"><ele>1284</ele></trkpt>
    <trkpt lat="46.032624" lon="6.933595"><ele>1286</ele></trkpt>
    <trkpt lat="46.032817" lon="6.933822"><ele>1288</ele></trkpt>
    <trkpt lat="46.032956" lon="6.934058"><ele>1289</ele></trkpt>
    <trkpt lat="46.033098" lon="6.93423"><ele>1291</ele></trkpt>
    <trkpt lat="46.03326" lon="6.93439"><ele>1291</ele></trkpt>
    <trkpt lat="46.033434" lon="6.934575"><ele>1291</ele></trkpt>
    <trkpt lat="46.033599" lon="6.934748"><ele>1290</ele></trkpt>
    <trkpt lat="46.033796" lon="6.934903"><ele>1288</ele></trkpt>
    <trkpt lat="46.033994" lon="6.935065"><ele>1288</ele></trkpt>
    <trkpt lat="46.034181" lon="6.935266"><ele>1288</ele></trkpt>
    <trkpt lat="46.03435" lon="6.935497"><ele>1289</ele></trkpt>
    <trkpt lat="46.034526" lon="6.935741"><ele>1289</ele></trkpt>
    <trkpt lat="46.034681" lon="6.935935"><ele>1290</ele></trkpt>
    <trkpt lat="46.034848" lon="6.936133"><ele>1289</ele></trkpt>
    <trkpt lat="46.03502" lon="6.936306"><ele>1286</ele></trkpt>
    <trkpt lat="46.035206" lon="6.936468"><ele>1283</ele></trkpt>
    <trkpt lat="46.035347" lon="6.936228"><ele>1280</ele></trkpt>
    <trkpt lat="46.035194" lon="6.935941"><ele>1277</ele></trkpt>
    <trkpt lat="46.035146" lon="6.935603"><ele>1276</ele></trkpt>
    <trkpt lat="46.035098" lon="6.93522"><ele>1276</ele></trkpt>
    <trkpt lat="46.034977" lon="6.934879"><ele>1276</ele></trkpt>
    <trkpt lat="46.034787" lon="6.934659"><ele>1277</ele></trkpt>
    <trkpt lat="46.034597" lon="6.93445"><ele>1278</ele></trkpt>
    <trkpt lat="46.034479" lon="6.934226"><ele>1279</ele></trkpt>
    <trkpt lat="46.034538" lon="6.933915"><ele>1280</ele></trkpt>
    <trkpt lat="46.034386" lon="6.933755"><ele>1279</ele></trkpt>
    <trkpt lat="46.034346" lon="6.933566"><ele>1279</ele></trkpt>
    <trkpt lat="46.034137" lon="6.933344"><ele>1280</ele></trkpt>
    <trkpt lat="46.033912" lon="6.933158"><ele>1281</ele></trkpt>
    <trkpt lat="46.033725" lon="6.932971"><ele>1281</ele></trkpt>
    <trkpt lat="46.033554" lon="6.932752"><ele>1283</ele></trkpt>
    <trkpt lat="46.033386" lon="6.932535"><ele>1283</ele></trkpt>
    <trkpt lat="46.0333" lon="6.932307"><ele>1283</ele></trkpt>
    <trkpt lat="46.033185" lon="6.931986"><ele>1284</ele></trkpt>
    <trkpt lat="46.033004" lon="6.93191"><ele>1284</ele></trkpt>
    <trkpt lat="46.033028" lon="6.932167"><ele>1283</ele></trkpt>
    <trkpt lat="46.032829" lon="6.932252"><ele>1284</ele></trkpt>
    <trkpt lat="46.032626" lon="6.932009"><ele>1284</ele></trkpt>
    <trkpt lat="46.032436" lon="6.931902"><ele>1283</ele></trkpt>
    <trkpt lat="46.032327" lon="6.932189"><ele>1283</ele></trkpt>
    <trkpt lat="46.032475" lon="6.932364"><ele>1283</ele></trkpt>
    <trkpt lat="46.032468" lon="6.932367"><ele>1283</ele></trkpt>
    <trkpt lat="46.032298" lon="6.932232"><ele>1284</ele></trkpt>
    <trkpt lat="46.032105" lon="6.932285"><ele>1284</ele></trkpt>
    <trkpt lat="46.031936" lon="6.932131"><ele>1285</ele></trkpt>
    <trkpt lat="46.031774" lon="6.931949"><ele>1286</ele></trkpt>
    <trkpt lat="46.031707" lon="6.931882"><ele>1287</ele></trkpt>
    <trkpt lat="46.031622" lon="6.931795"><ele>1287</ele></trkpt>
    <trkpt lat="46.031548" lon="6.931718"><ele>1288</ele></trkpt>
    <trkpt lat="46.031409" lon="6.931568"><ele>1288</ele></trkpt>
    <trkpt lat="46.031246" lon="6.931407"><ele>1288</ele></trkpt>
    <trkpt lat="46.031087" lon="6.931224"><ele>1289</ele></trkpt>
    <trkpt lat="46.03092" lon="6.931022"><ele>1289</ele></trkpt>
    <trkpt lat="46.03077" lon="6.930866"><ele>1290</ele></trkpt>
    <trkpt lat="46.030712" lon="6.930809"><ele>1290</ele></trkpt>
    <trkpt lat="46.030628" lon="6.930738"><ele>1290</ele></trkpt>
    <trkpt lat="46.03059" lon="6.930688"><ele>1290</ele></trkpt>
    <trkpt lat="46.030512" lon="6.930594"><ele>1290</ele></trkpt>
    <trkpt lat="46.030423" lon="6.930497"><ele>1290</ele></trkpt>
    <trkpt lat="46.030343" lon="6.930395"><ele>1290</ele></trkpt>
    <trkpt lat="46.030259" lon="6.930303"><ele>1290</ele></trkpt>
    <trkpt lat="46.030177" lon="6.930217"><ele>1290</ele></trkpt>
    <trkpt lat="46.030087" lon="6.930115"><ele>1290</ele></trkpt>
    <trkpt lat="46.029953" lon="6.929937"><ele>1291</ele></trkpt>
    <trkpt lat="46.029803" lon="6.929762"><ele>1292</ele></trkpt>
    <trkpt lat="46.029648" lon="6.929595"><ele>1292</ele></trkpt>
    <trkpt lat="46.029503" lon="6.929389"><ele>1294</ele></trkpt>
    <trkpt lat="46.029354" lon="6.929207"><ele>1295</ele></trkpt>
    <trkpt lat="46.029242" lon="6.929085"><ele>1296</ele></trkpt>
    <trkpt lat="46.029178" lon="6.929008"><ele>1295</ele></trkpt>
    <trkpt lat="46.029099" lon="6.928872"><ele>1295</ele></trkpt>
    <trkpt lat="46.029009" lon="6.928676"><ele>1296</ele></trkpt>
    <trkpt lat="46.028956" lon="6.928424"><ele>1298</ele></trkpt>
    <trkpt lat="46.028847" lon="6.928241"><ele>1298</ele></trkpt>
    <trkpt lat="46.028745" lon="6.928046"><ele>1299</ele></trkpt>
    <trkpt lat="46.02861" lon="6.927862"><ele>1300</ele></trkpt>
    <trkpt lat="46.028444" lon="6.927803"><ele>1301</ele></trkpt>
    <trkpt lat="46.028249" lon="6.927761"><ele>1301</ele></trkpt>
    <trkpt lat="46.028057" lon="6.927735"><ele>1302</ele></trkpt>
    <trkpt lat="46.027838" lon="6.927716"><ele>1302</ele></trkpt>
    <trkpt lat="46.027639" lon="6.927699"><ele>1304</ele></trkpt>
    <trkpt lat="46.027428" lon="6.92768"><ele>1305</ele></trkpt>
    <trkpt lat="46.027409" lon="6.927791"><ele>1306</ele></trkpt>
    <trkpt lat="46.02745" lon="6.927853"><ele>1308</ele></trkpt>
    <trkpt lat="46.027493" lon="6.927884"><ele>1310</ele></trkpt>
    <trkpt lat="46.027536" lon="6.927912"><ele>1312</ele></trkpt>
    <trkpt lat="46.027617" lon="6.927954"><ele>1314</ele></trkpt>
    <trkpt lat="46.027677" lon="6.927996"><ele>1316</ele></trkpt>
    <trkpt lat="46.027731" lon="6.928067"><ele>1319</ele></trkpt>
    <trkpt lat="46.027788" lon="6.928105"><ele>1319</ele></trkpt>
    <trkpt lat="46.02783" lon="6.928184"><ele>1320</ele></trkpt>
    <trkpt lat="46.027807" lon="6.928292"><ele>1321</ele></trkpt>
    <trkpt lat="46.027739" lon="6.928363"><ele>1323</ele></trkpt>
    <trkpt lat="46.027622" lon="6.928343"><ele>1325</ele></trkpt>
    <trkpt lat="46.027505" lon="6.928373"><ele>1325</ele></trkpt>
    <trkpt lat="46.027354" lon="6.928342"><ele>1325</ele></trkpt>
    <trkpt lat="46.027165" lon="6.928261"><ele>1325</ele></trkpt>
    <trkpt lat="46.026957" lon="6.928205"><ele>1324</ele></trkpt>
    <trkpt lat="46.026759" lon="6.928082"><ele>1324</ele></trkpt>
    <trkpt lat="46.026546" lon="6.927939"><ele>1323</ele></trkpt>
    <trkpt lat="46.026339" lon="6.927796"><ele>1323</ele></trkpt>
    <trkpt lat="46.026129" lon="6.927703"><ele>1324</ele></trkpt>
    <trkpt lat="46.025903" lon="6.927671"><ele>1323</ele></trkpt>
    <trkpt lat="46.025703" lon="6.927576"><ele>1323</ele></trkpt>
    <trkpt lat="46.025491" lon="6.927462"><ele>1323</ele></trkpt>
    <trkpt lat="46.025267" lon="6.927359"><ele>1323</ele></trkpt>
    <trkpt lat="46.025048" lon="6.927265"><ele>1324</ele></trkpt>
    <trkpt lat="46.024881" lon="6.927087"><ele>1324</ele></trkpt>
    <trkpt lat="46.024777" lon="6.926859"><ele>1325</ele></trkpt>
    <trkpt lat="46.024693" lon="6.926611"><ele>1324</ele></trkpt>
    <trkpt lat="46.024604" lon="6.926321"><ele>1323</ele></trkpt>
    <trkpt lat="46.024479" lon="6.92602"><ele>1323</ele></trkpt>
    <trkpt lat="46.024363" lon="6.925737"><ele>1323</ele></trkpt>
    <trkpt lat="46.024307" lon="6.925431"><ele>1324</ele></trkpt>
    <trkpt lat="46.024239" lon="6.925153"><ele>1324</ele></trkpt>
    <trkpt lat="46.024075" lon="6.924993"><ele>1325</ele></trkpt>
    <trkpt lat="46.023888" lon="6.924846"><ele>1325</ele></trkpt>
    <trkpt lat="46.023727" lon="6.924676"><ele>1328</ele></trkpt>
    <trkpt lat="46.023566" lon="6.924543"><ele>1330</ele></trkpt>
    <trkpt lat="46.023415" lon="6.924446"><ele>1331</ele></trkpt>
    <trkpt lat="46.023269" lon="6.924332"><ele>1332</ele></trkpt>
    <trkpt lat="46.023117" lon="6.924211"><ele>1333</ele></trkpt>
    <trkpt lat="46.022961" lon="6.924076"><ele>1335</ele></trkpt>
    <trkpt lat="46.022802" lon="6.923919"><ele>1337</ele></trkpt>
    <trkpt lat="46.022639" lon="6.923769"><ele>1338</ele></trkpt>
    <trkpt lat="46.022487" lon="6.923634"><ele>1339</ele></trkpt>
    <trkpt lat="46.022336" lon="6.923507"><ele>1339</ele></trkpt>
    <trkpt lat="46.022171" lon="6.923378"><ele>1341</ele></trkpt>
    <trkpt lat="46.022007" lon="6.923251"><ele>1343</ele></trkpt>
    <trkpt lat="46.021867" lon="6.923109"><ele>1344</ele></trkpt>
    <trkpt lat="46.021713" lon="6.922981"><ele>1346</ele></trkpt>
    <trkpt lat="46.021577" lon="6.922841"><ele>1346</ele></trkpt>
    <trkpt lat="46.021424" lon="6.922702"><ele>1347</ele></trkpt>
    <trkpt lat="46.021271" lon="6.922566"><ele>1349</ele></trkpt>
    <trkpt lat="46.021095" lon="6.922434"><ele>1350</ele></trkpt>
    <trkpt lat="46.020924" lon="6.922347"><ele>1352</ele></trkpt>
    <trkpt lat="46.020777" lon="6.922249"><ele>1352</ele></trkpt>
    <trkpt lat="46.020627" lon="6.922167"><ele>1353</ele></trkpt>
    <trkpt lat="46.020475" lon="6.922089"><ele>1355</ele></trkpt>
    <trkpt lat="46.020302" lon="6.921987"><ele>1355</ele></trkpt>
    <trkpt lat="46.020121" lon="6.921937"><ele>1357</ele></trkpt>
    <trkpt lat="46.019932" lon="6.9219"><ele>1357</ele></trkpt>
    <trkpt lat="46.019731" lon="6.921843"><ele>1358</ele></trkpt>
    <trkpt lat="46.019594" lon="6.921687"><ele>1359</ele></trkpt>
    <trkpt lat="46.019436" lon="6.92151"><ele>1359</ele></trkpt>
    <trkpt lat="46.019248" lon="6.921362"><ele>1360</ele></trkpt>
    <trkpt lat="46.019096" lon="6.921176"><ele>1361</ele></trkpt>
    <trkpt lat="46.018943" lon="6.921013"><ele>1362</ele></trkpt>
    <trkpt lat="46.018765" lon="6.920984"><ele>1364</ele></trkpt>
    <trkpt lat="46.018627" lon="6.920933"><ele>1365</ele></trkpt>
    <trkpt lat="46.01845" lon="6.920911"><ele>1367</ele></trkpt>
    <trkpt lat="46.018301" lon="6.920889"><ele>1368</ele></trkpt>
    <trkpt lat="46.018168" lon="6.920877"><ele>1369</ele></trkpt>
    <trkpt lat="46.018055" lon="6.920867"><ele>1369</ele></trkpt>
    <trkpt lat="46.017925" lon="6.920881"><ele>1370</ele></trkpt>
    <trkpt lat="46.017756" lon="6.920899"><ele>1371</ele></trkpt>
    <trkpt lat="46.0176" lon="6.92093"><ele>1371</ele></trkpt>
    <trkpt lat="46.017405" lon="6.9209"><ele>1372</ele></trkpt>
    <trkpt lat="46.017203" lon="6.920886"><ele>1373</ele></trkpt>
    <trkpt lat="46.017028" lon="6.920886"><ele>1374</ele></trkpt>
    <trkpt lat="46.016859" lon="6.920779"><ele>1376</ele></trkpt>
    <trkpt lat="46.01671" lon="6.920689"><ele>1377</ele></trkpt>
    <trkpt lat="46.016579" lon="6.920731"><ele>1378</ele></trkpt>
    <trkpt lat="46.016392" lon="6.920802"><ele>1380</ele></trkpt>
    <trkpt lat="46.016226" lon="6.920828"><ele>1380</ele></trkpt>
    <trkpt lat="46.016039" lon="6.920881"><ele>1382</ele></trkpt>
    <trkpt lat="46.015874" lon="6.921003"><ele>1382</ele></trkpt>
    <trkpt lat="46.015752" lon="6.921146"><ele>1384</ele></trkpt>
    <trkpt lat="46.015592" lon="6.921294"><ele>1386</ele></trkpt>
    <trkpt lat="46.015424" lon="6.921476"><ele>1387</ele></trkpt>
    <trkpt lat="46.015287" lon="6.921616"><ele>1390</ele></trkpt>
    <trkpt lat="46.015129" lon="6.921727"><ele>1390</ele></trkpt>
    <trkpt lat="46.014982" lon="6.921824"><ele>1387</ele></trkpt>
    <trkpt lat="46.014852" lon="6.921944"><ele>1385</ele></trkpt>
    <trkpt lat="46.014637" lon="6.921948"><ele>1385</ele></trkpt>
    <trkpt lat="46.014387" lon="6.921929"><ele>1387</ele></trkpt>
    <trkpt lat="46.014185" lon="6.921955"><ele>1390</ele></trkpt>
    <trkpt lat="46.014052" lon="6.922081"><ele>1391</ele></trkpt>
    <trkpt lat="46.013921" lon="6.922212"><ele>1393</ele></trkpt>
    <trkpt lat="46.013769" lon="6.922333"><ele>1394</ele></trkpt>
    <trkpt lat="46.013603" lon="6.92243"><ele>1395</ele></trkpt>
    <trkpt lat="46.01344" lon="6.922489"><ele>1396</ele></trkpt>
    <trkpt lat="46.013272" lon="6.922577"><ele>1397</ele></trkpt>
    <trkpt lat="46.013123" lon="6.922706"><ele>1400</ele></trkpt>
    <trkpt lat="46.012959" lon="6.922821"><ele>1402</ele></trkpt>
    <trkpt lat="46.01281" lon="6.922931"><ele>1404</ele></trkpt>
    <trkpt lat="46.012722" lon="6.92311"><ele>1405</ele></trkpt>
    <trkpt lat="46.012671" lon="6.923313"><ele>1406</ele></trkpt>
    <trkpt lat="46.012594" lon="6.923437"><ele>1407</ele></trkpt>
    <trkpt lat="46.012515" lon="6.923555"><ele>1407</ele></trkpt>
    <trkpt lat="46.012423" lon="6.923671"><ele>1409</ele></trkpt>
    <trkpt lat="46.012341" lon="6.923769"><ele>1409</ele></trkpt>
    <trkpt lat="46.012254" lon="6.923866"><ele>1411</ele></trkpt>
    <trkpt lat="46.012179" lon="6.923983"><ele>1413</ele></trkpt>
    <trkpt lat="46.012079" lon="6.924065"><ele>1414</ele></trkpt>
    <trkpt lat="46.011975" lon="6.924153"><ele>1415</ele></trkpt>
    <trkpt lat="46.011873" lon="6.924219"><ele>1416</ele></trkpt>
    <trkpt lat="46.011774" lon="6.924261"><ele>1417</ele></trkpt>
    <trkpt lat="46.011666" lon="6.924271"><ele>1419</ele></trkpt>
    <trkpt lat="46.011554" lon="6.924272"><ele>1419</ele></trkpt>
    <trkpt lat="46.011435" lon="6.92428"><ele>1420</ele></trkpt>
    <trkpt lat="46.011328" lon="6.924342"><ele>1421</ele></trkpt>
    <trkpt lat="46.011222" lon="6.924406"><ele>1423</ele></trkpt>
    <trkpt lat="46.011123" lon="6.92447"><ele>1424</ele></trkpt>
    <trkpt lat="46.011008" lon="6.924469"><ele>1425</ele></trkpt>
    <trkpt lat="46.010846" lon="6.924451"><ele>1426</ele></trkpt>
    <trkpt lat="46.010672" lon="6.924362"><ele>1426</ele></trkpt>
    <trkpt lat="46.010478" lon="6.924268"><ele>1427</ele></trkpt>
    <trkpt lat="46.010283" lon="6.924233"><ele>1429</ele></trkpt>
    <trkpt lat="46.010082" lon="6.924244"><ele>1430</ele></trkpt>
    <trkpt lat="46.009917" lon="6.92426"><ele>1431</ele></trkpt>
    <trkpt lat="46.009724" lon="6.924267"><ele>1432</ele></trkpt>
    <trkpt lat="46.009536" lon="6.924369"><ele>1433</ele></trkpt>
    <trkpt lat="46.009345" lon="6.924405"><ele>1434</ele></trkpt>
    <trkpt lat="46.009157" lon="6.924426"><ele>1434</ele></trkpt>
    <trkpt lat="46.008969" lon="6.924453"><ele>1437</ele></trkpt>
    <trkpt lat="46.008794" lon="6.924432"><ele>1438</ele></trkpt>
    <trkpt lat="46.008623" lon="6.924352"><ele>1439</ele></trkpt>
    <trkpt lat="46.008451" lon="6.924234"><ele>1441</ele></trkpt>
    <trkpt lat="46.008275" lon="6.924174"><ele>1441</ele></trkpt>
    <trkpt lat="46.008095" lon="6.924098"><ele>1443</ele></trkpt>
    <trkpt lat="46.007917" lon="6.924032"><ele>1443</ele></trkpt>
    <trkpt lat="46.007735" lon="6.923944"><ele>1445</ele></trkpt>
    <trkpt lat="46.007572" lon="6.923828"><ele>1447</ele></trkpt>
    <trkpt lat="46.007427" lon="6.923714"><ele>1448</ele></trkpt>
    <trkpt lat="46.007289" lon="6.923567"><ele>1450</ele></trkpt>
    <trkpt lat="46.00715" lon="6.923442"><ele>1451</ele></trkpt>
    <trkpt lat="46.006981" lon="6.923406"><ele>1454</ele></trkpt>
    <trkpt lat="46.006835" lon="6.923417"><ele>1456</ele></trkpt>
    <trkpt lat="46.006696" lon="6.92334"><ele>1458</ele></trkpt>
    <trkpt lat="46.006555" lon="6.923311"><ele>1459</ele></trkpt>
    <trkpt lat="46.006421" lon="6.92329"><ele>1460</ele></trkpt>
    <trkpt lat="46.006253" lon="6.923317"><ele>1461</ele></trkpt>
    <trkpt lat="46.006074" lon="6.923397"><ele>1463</ele></trkpt>
    <trkpt lat="46.005942" lon="6.923567"><ele>1464</ele></trkpt>
    <trkpt lat="46.005847" lon="6.92376"><ele>1465</ele></trkpt>
    <trkpt lat="46.005757" lon="6.92399"><ele>1466</ele></trkpt>
    <trkpt lat="46.005679" lon="6.924224"><ele>1467</ele></trkpt>
    <trkpt lat="46.005607" lon="6.924452"><ele>1469</ele></trkpt>
    <trkpt lat="46.005467" lon="6.924602"><ele>1470</ele></trkpt>
    <trkpt lat="46.005278" lon="6.924607"><ele>1471</ele></trkpt>
    <trkpt lat="46.005101" lon="6.924513"><ele>1472</ele></trkpt>
    <trkpt lat="46.004928" lon="6.924428"><ele>1474</ele></trkpt>
    <trkpt lat="46.004747" lon="6.924328"><ele>1475</ele></trkpt>
    <trkpt lat="46.004569" lon="6.924251"><ele>1476</ele></trkpt>
    <trkpt lat="46.004403" lon="6.924136"><ele>1478</ele></trkpt>
    <trkpt lat="46.004231" lon="6.923995"><ele>1479</ele></trkpt>
    <trkpt lat="46.004067" lon="6.923858"><ele>1478</ele></trkpt>
    <trkpt lat="46.003882" lon="6.923745"><ele>1478</ele></trkpt>
    <trkpt lat="46.003665" lon="6.923686"><ele>1477</ele></trkpt>
    <trkpt lat="46.003447" lon="6.923674"><ele>1475</ele></trkpt>
    <trkpt lat="46.00322" lon="6.923709"><ele>1475</ele></trkpt>
    <trkpt lat="46.002969" lon="6.923733"><ele>1474</ele></trkpt>
    <trkpt lat="46.002745" lon="6.923714"><ele>1472</ele></trkpt>
    <trkpt lat="46.002524" lon="6.923668"><ele>1468</ele></trkpt>
    <trkpt lat="46.002303" lon="6.923696"><ele>1465</ele></trkpt>
    <trkpt lat="46.002065" lon="6.923764"><ele>1464</ele></trkpt>
    <trkpt lat="46.001816" lon="6.923812"><ele>1465</ele></trkpt>
    <trkpt lat="46.00158" lon="6.923865"><ele>1466</ele></trkpt>
    <trkpt lat="46.001357" lon="6.923901"><ele>1466</ele></trkpt>
    <trkpt lat="46.001141" lon="6.923958"><ele>1463</ele></trkpt>
    <trkpt lat="46.000932" lon="6.924007"><ele>1460</ele></trkpt>
    <trkpt lat="46.000734" lon="6.92408"><ele>1457</ele></trkpt>
    <trkpt lat="46.000494" lon="6.924121"><ele>1455</ele></trkpt>
    <trkpt lat="46.000267" lon="6.924193"><ele>1454</ele></trkpt>
    <trkpt lat="46.000023" lon="6.92419"><ele>1454</ele></trkpt>
    <trkpt lat="45.999781" lon="6.924126"><ele>1452</ele></trkpt>
    <trkpt lat="45.999548" lon="6.924108"><ele>1451</ele></trkpt>
    <trkpt lat="45.999333" lon="6.924168"><ele>1451</ele></trkpt>
    <trkpt lat="45.99915" lon="6.92437"><ele>1450</ele></trkpt>
    <trkpt lat="45.99892" lon="6.924422"><ele>1449</ele></trkpt>
    <trkpt lat="45.998696" lon="6.924437"><ele>1449</ele></trkpt>
    <trkpt lat="45.99848" lon="6.924475"><ele>1447</ele></trkpt>
    <trkpt lat="45.998363" lon="6.924712"><ele>1445</ele></trkpt>
    <trkpt lat="45.998224" lon="6.924973"><ele>1444</ele></trkpt>
    <trkpt lat="45.998042" lon="6.925238"><ele>1442</ele></trkpt>
    <trkpt lat="45.997867" lon="6.92549"><ele>1440</ele></trkpt>
    <trkpt lat="45.997715" lon="6.925731"><ele>1437</ele></trkpt>
    <trkpt lat="45.997541" lon="6.925745"><ele>1435</ele></trkpt>
    <trkpt lat="45.997347" lon="6.925933"><ele>1432</ele></trkpt>
    <trkpt lat="45.997121" lon="6.926111"><ele>1433</ele></trkpt>
    <trkpt lat="45.996878" lon="6.926263"><ele>1434</ele></trkpt>
    <trkpt lat="45.99666" lon="6.92637"><ele>1438</ele></trkpt>
    <trkpt lat="45.996541" lon="6.926283"><ele>1439</ele></trkpt>
    <trkpt lat="45.996424" lon="6.926162"><ele>1440</ele></trkpt>
    <trkpt lat="45.996254" lon="6.926179"><ele>1442</ele></trkpt>
    <trkpt lat="45.996077" lon="6.92628"><ele>1442</ele></trkpt>
    <trkpt lat="45.995907" lon="6.926345"><ele>1443</ele></trkpt>
    <trkpt lat="45.99571" lon="6.926362"><ele>1446</ele></trkpt>
    <trkpt lat="45.995521" lon="6.926279"><ele>1447</ele></trkpt>
    <trkpt lat="45.99538" lon="6.92621"><ele>1449</ele></trkpt>
    <trkpt lat="45.995276" lon="6.926126"><ele>1449</ele></trkpt>
    <trkpt lat="45.995182" lon="6.926043"><ele>1451</ele></trkpt>
    <trkpt lat="45.994995" lon="6.925917"><ele>1454</ele></trkpt>
    <trkpt lat="45.994836" lon="6.925791"><ele>1456</ele></trkpt>
    <trkpt lat="45.994786" lon="6.925663"><ele>1458</ele></trkpt>
    <trkpt lat="45.994733" lon="6.925578"><ele>1460</ele></trkpt>
    <trkpt lat="45.994677" lon="6.92549"><ele>1463</ele></trkpt>
    <trkpt lat="45.994603" lon="6.925373"><ele>1466</ele></trkpt>
    <trkpt lat="45.994586" lon="6.925305"><ele>1468</ele></trkpt>
    <trkpt lat="45.994623" lon="6.925258"><ele>1470</ele></trkpt>
    <trkpt lat="45.994642" lon="6.925231"><ele>1471</ele></trkpt>
    <trkpt lat="45.994589" lon="6.925119"><ele>1473</ele></trkpt>
    <trkpt lat="45.994558" lon="6.924973"><ele>1475</ele></trkpt>
    <trkpt lat="45.994691" lon="6.924874"><ele>1477</ele></trkpt>
    <trkpt lat="45.994779" lon="6.924668"><ele>1480</ele></trkpt>
    <trkpt lat="45.994716" lon="6.924521"><ele>1481</ele></trkpt>
    <trkpt lat="45.994631" lon="6.924412"><ele>1484</ele></trkpt>
    <trkpt lat="45.994554" lon="6.924291"><ele>1487</ele></trkpt>
    <trkpt lat="45.994488" lon="6.924199"><ele>1489</ele></trkpt>
    <trkpt lat="45.994417" lon="6.924103"><ele>1491</ele></trkpt>
    <trkpt lat="45.994332" lon="6.924045"><ele>1493</ele></trkpt>
    <trkpt lat="45.994383" lon="6.923993"><ele>1496</ele></trkpt>
    <trkpt lat="45.994336" lon="6.923948"><ele>1499</ele></trkpt>
    <trkpt lat="45.994288" lon="6.923875"><ele>1501</ele></trkpt>
    <trkpt lat="45.994235" lon="6.923791"><ele>1503</ele></trkpt>
    <trkpt lat="45.994229" lon="6.923719"><ele>1506</ele></trkpt>
    <trkpt lat="45.994215" lon="6.923613"><ele>1508</ele></trkpt>
    <trkpt lat="45.994159" lon="6.923511"><ele>1510</ele></trkpt>
    <trkpt lat="45.994093" lon="6.923421"><ele>1511</ele></trkpt>
    <trkpt lat="45.993967" lon="6.923339"><ele>1514</ele></trkpt>
    <trkpt lat="45.993859" lon="6.923215"><ele>1516</ele></trkpt>
    <trkpt lat="45.993808" lon="6.923138"><ele>1519</ele></trkpt>
    <trkpt lat="45.993764" lon="6.923051"><ele>1521</ele></trkpt>
    <trkpt lat="45.993679" lon="6.922957"><ele>1523</ele></trkpt>
    <trkpt lat="45.993568" lon="6.92287"><ele>1525</ele></trkpt>
    <trkpt lat="45.993432" lon="6.922781"><ele>1527</ele></trkpt>
    <trkpt lat="45.993329" lon="6.922666"><ele>1529</ele></trkpt>
    <trkpt lat="45.993209" lon="6.922594"><ele>1532</ele></trkpt>
    <trkpt lat="45.993125" lon="6.922496"><ele>1534</ele></trkpt>
    <trkpt lat="45.992986" lon="6.922474"><ele>1536</ele></trkpt>
    <trkpt lat="45.992849" lon="6.922422"><ele>1537</ele></trkpt>
    <trkpt lat="45.992721" lon="6.922397"><ele>1539</ele></trkpt>
    <trkpt lat="45.992655" lon="6.922339"><ele>1542</ele></trkpt>
    <trkpt lat="45.992562" lon="6.922307"><ele>1544</ele></trkpt>
    <trkpt lat="45.992481" lon="6.92225"><ele>1547</ele></trkpt>
    <trkpt lat="45.992413" lon="6.922172"><ele>1549</ele></trkpt>
    <trkpt lat="45.992375" lon="6.92207"><ele>1551</ele></trkpt>
    <trkpt lat="45.992345" lon="6.921962"><ele>1554</ele></trkpt>
    <trkpt lat="45.992293" lon="6.921918"><ele>1556</ele></trkpt>
    <trkpt lat="45.992239" lon="6.921823"><ele>1559</ele></trkpt>
    <trkpt lat="45.992154" lon="6.921771"><ele>1561</ele></trkpt>
    <trkpt lat="45.992111" lon="6.921694"><ele>1563</ele></trkpt>
    <trkpt lat="45.992181" lon="6.92166"><ele>1566</ele></trkpt>
    <trkpt lat="45.992246" lon="6.921608"><ele>1568</ele></trkpt>
    <trkpt lat="45.992185" lon="6.921544"><ele>1569</ele></trkpt>
    <trkpt lat="45.992101" lon="6.921496"><ele>1570</ele></trkpt>
    <trkpt lat="45.992007" lon="6.921356"><ele>1573</ele></trkpt>
    <trkpt lat="45.991886" lon="6.92125"><ele>1576</ele></trkpt>
    <trkpt lat="45.991789" lon="6.921243"><ele>1578</ele></trkpt>
    <trkpt lat="45.991712" lon="6.921313"><ele>1581</ele></trkpt>
    <trkpt lat="45.99164" lon="6.921332"><ele>1583</ele></trkpt>
    <trkpt lat="45.991561" lon="6.921323"><ele>1586</ele></trkpt>
    <trkpt lat="45.991491" lon="6.921276"><ele>1589</ele></trkpt>
    <trkpt lat="45.991419" lon="6.921229"><ele>1591</ele></trkpt>
    <trkpt lat="45.991382" lon="6.921164"><ele>1593</ele></trkpt>
    <trkpt lat="45.991298" lon="6.921118"><ele>1595</ele></trkpt>
    <trkpt lat="45.991212" lon="6.921084"><ele>1598</ele></trkpt>
    <trkpt lat="45.991143" lon="6.92104"><ele>1600</ele></trkpt>
    <trkpt lat="45.991151" lon="6.920971"><ele>1602</ele></trkpt>
    <trkpt lat="45.991136" lon="6.920859"><ele>1604</ele></trkpt>
    <trkpt lat="45.991081" lon="6.92074"><ele>1606</ele></trkpt>
    <trkpt lat="45.990974" lon="6.920691"><ele>1608</ele></trkpt>
    <trkpt lat="45.990926" lon="6.920619"><ele>1610</ele></trkpt>
    <trkpt lat="45.990822" lon="6.920624"><ele>1612</ele></trkpt>
    <trkpt lat="45.990724" lon="6.92067"><ele>1615</ele></trkpt>
    <trkpt lat="45.990631" lon="6.920723"><ele>1617</ele></trkpt>
    <trkpt lat="45.990603" lon="6.920687"><ele>1620</ele></trkpt>
    <trkpt lat="45.99054" lon="6.92065"><ele>1622</ele></trkpt>
    <trkpt lat="45.990524" lon="6.920602"><ele>1625</ele></trkpt>
    <trkpt lat="45.990451" lon="6.92056"><ele>1628</ele></trkpt>
    <trkpt lat="45.99036" lon="6.920552"><ele>1630</ele></trkpt>
    <trkpt lat="45.990297" lon="6.920517"><ele>1632</ele></trkpt>
    <trkpt lat="45.9902" lon="6.920492"><ele>1635</ele></trkpt>
    <trkpt lat="45.990123" lon="6.920451"><ele>1637</ele></trkpt>
    <trkpt lat="45.990046" lon="6.920419"><ele>1640</ele></trkpt>
    <trkpt lat="45.989992" lon="6.920357"><ele>1641</ele></trkpt>
    <trkpt lat="45.98993" lon="6.920321"><ele>1643</ele></trkpt>
    <trkpt lat="45.989842" lon="6.920276"><ele>1646</ele></trkpt>
    <trkpt lat="45.989736" lon="6.920255"><ele>1648</ele></trkpt>
    <trkpt lat="45.989661" lon="6.920211"><ele>1650</ele></trkpt>
    <trkpt lat="45.98959" lon="6.920154"><ele>1652</ele></trkpt>
    <trkpt lat="45.989519" lon="6.920077"><ele>1654</ele></trkpt>
    <trkpt lat="45.989459" lon="6.920008"><ele>1657</ele></trkpt>
    <trkpt lat="45.989497" lon="6.919942"><ele>1659</ele></trkpt>
    <trkpt lat="45.989433" lon="6.919892"><ele>1662</ele></trkpt>
    <trkpt lat="45.989415" lon="6.919828"><ele>1665</ele></trkpt>
    <trkpt lat="45.989335" lon="6.919783"><ele>1667</ele></trkpt>
    <trkpt lat="45.989287" lon="6.919722"><ele>1669</ele></trkpt>
    <trkpt lat="45.989207" lon="6.919685"><ele>1671</ele></trkpt>
    <trkpt lat="45.989112" lon="6.919629"><ele>1674</ele></trkpt>
    <trkpt lat="45.989059" lon="6.919579"><ele>1676</ele></trkpt>
    <trkpt lat="45.989053" lon="6.919532"><ele>1678</ele></trkpt>
    <trkpt lat="45.98897" lon="6.919493"><ele>1679</ele></trkpt>
    <trkpt lat="45.988895" lon="6.919395"><ele>1680</ele></trkpt>
    <trkpt lat="45.988806" lon="6.919285"><ele>1681</ele></trkpt>
    <trkpt lat="45.988738" lon="6.919188"><ele>1682</ele></trkpt>
    <trkpt lat="45.988665" lon="6.9191"><ele>1684</ele></trkpt>
    <trkpt lat="45.988572" lon="6.919065"><ele>1686</ele></trkpt>
    <trkpt lat="45.988499" lon="6.919035"><ele>1686</ele></trkpt>
    <trkpt lat="45.98842" lon="6.918968"><ele>1689</ele></trkpt>
    <trkpt lat="45.988371" lon="6.918844"><ele>1691</ele></trkpt>
    <trkpt lat="45.988347" lon="6.918745"><ele>1693</ele></trkpt>
    <trkpt lat="45.988327" lon="6.918651"><ele>1694</ele></trkpt>
    <trkpt lat="45.988247" lon="6.918604"><ele>1696</ele></trkpt>
    <trkpt lat="45.988132" lon="6.918598"><ele>1698</ele></trkpt>
    <trkpt lat="45.98809" lon="6.918538"><ele>1699</ele></trkpt>
    <trkpt lat="45.988103" lon="6.918444"><ele>1701</ele></trkpt>
    <trkpt lat="45.988014" lon="6.918364"><ele>1704</ele></trkpt>
    <trkpt lat="45.987909" lon="6.9183"><ele>1706</ele></trkpt>
    <trkpt lat="45.987826" lon="6.918211"><ele>1708</ele></trkpt>
    <trkpt lat="45.98775" lon="6.918162"><ele>1710</ele></trkpt>
    <trkpt lat="45.987766" lon="6.918108"><ele>1712</ele></trkpt>
    <trkpt lat="45.987798" lon="6.917988"><ele>1715</ele></trkpt>
    <trkpt lat="45.987735" lon="6.9179"><ele>1716</ele></trkpt>
    <trkpt lat="45.987713" lon="6.917796"><ele>1717</ele></trkpt>
    <trkpt lat="45.98764" lon="6.917726"><ele>1719</ele></trkpt>
    <trkpt lat="45.987529" lon="6.917669"><ele>1720</ele></trkpt>
    <trkpt lat="45.987398" lon="6.917523"><ele>1721</ele></trkpt>
    <trkpt lat="45.987239" lon="6.917438"><ele>1722</ele></trkpt>
    <trkpt lat="45.987085" lon="6.917478"><ele>1721</ele></trkpt>
    <trkpt lat="45.986936" lon="6.917549"><ele>1718</ele></trkpt>
    <trkpt lat="45.986808" lon="6.917629"><ele>1713</ele></trkpt>
    <trkpt lat="45.98669" lon="6.917542"><ele>1710</ele></trkpt>
    <trkpt lat="45.986537" lon="6.917472"><ele>1706</ele></trkpt>
    <trkpt lat="45.986328" lon="6.917344"><ele>1702</ele></trkpt>
    <trkpt lat="45.986163" lon="6.917239"><ele>1700</ele></trkpt>
    <trkpt lat="45.985984" lon="6.91721"><ele>1698</ele></trkpt>
    <trkpt lat="45.985882" lon="6.917184"><ele>1698</ele></trkpt>
    <trkpt lat="45.98567" lon="6.917155"><ele>1698</ele></trkpt>
    <trkpt lat="45.985489" lon="6.917104"><ele>1699</ele></trkpt>
    <trkpt lat="45.985331" lon="6.917078"><ele>1699</ele></trkpt>
    <trkpt lat="45.985196" lon="6.917091"><ele>1696</ele></trkpt>
    <trkpt lat="45.985032" lon="6.916982"><ele>1693</ele></trkpt>
    <trkpt lat="45.984857" lon="6.917011"><ele>1688</ele></trkpt>
    <trkpt lat="45.984684" lon="6.917052"><ele>1685</ele></trkpt>
    <trkpt lat="45.984541" lon="6.91713"><ele>1680</ele></trkpt>
    <trkpt lat="45.984486" lon="6.917151"><ele>1676</ele></trkpt>
    <trkpt lat="45.984397" lon="6.917008"><ele>1671</ele></trkpt>
    <trkpt lat="45.984326" lon="6.916779"><ele>1666</ele></trkpt>
    <trkpt lat="45.984248" lon="6.916578"><ele>1662</ele></trkpt>
    <trkpt lat="45.984179" lon="6.9165"><ele>1656</ele></trkpt>
    <trkpt lat="45.984083" lon="6.916681"><ele>1651</ele></trkpt>
    <trkpt lat="45.984057" lon="6.916832"><ele>1648</ele></trkpt>
    <trkpt lat="45.983991" lon="6.916992"><ele>1642</ele></trkpt>
    <trkpt lat="45.983935" lon="6.91714"><ele>1637</ele></trkpt>
    <trkpt lat="45.983834" lon="6.917128"><ele>1632</ele></trkpt>
    <trkpt lat="45.983748" lon="6.917191"><ele>1628</ele></trkpt>
    <trkpt lat="45.983611" lon="6.917228"><ele>1622</ele></trkpt>
    <trkpt lat="45.983506" lon="6.917313"><ele>1618</ele></trkpt>
    <trkpt lat="45.98341" lon="6.917327"><ele>1613</ele></trkpt>
    <trkpt lat="45.983314" lon="6.917363"><ele>1609</ele></trkpt>
    <trkpt lat="45.983197" lon="6.917254"><ele>1607</ele></trkpt>
    <trkpt lat="45.983042" lon="6.917225"><ele>1606</ele></trkpt>
    <trkpt lat="45.982882" lon="6.917129"><ele>1601</ele></trkpt>
    <trkpt lat="45.982692" lon="6.917094"><ele>1598</ele></trkpt>
    <trkpt lat="45.98255" lon="6.916965"><ele>1593</ele></trkpt>
    <trkpt lat="45.982467" lon="6.916875"><ele>1590</ele></trkpt>
    <trkpt lat="45.982322" lon="6.916811"><ele>1585</ele></trkpt>
    <trkpt lat="45.982172" lon="6.916771"><ele>1582</ele></trkpt>
    <trkpt lat="45.982" lon="6.916857"><ele>1581</ele></trkpt>
    <trkpt lat="45.981862" lon="6.916946"><ele>1575</ele></trkpt>
    <trkpt lat="45.98171" lon="6.916904"><ele>1571</ele></trkpt>
    <trkpt lat="45.981573" lon="6.916914"><ele>1567</ele></trkpt>
    <trkpt lat="45.981504" lon="6.916989"><ele>1563</ele></trkpt>
    <trkpt lat="45.981393" lon="6.916922"><ele>1559</ele></trkpt>
    <trkpt lat="45.981311" lon="6.916827"><ele>1554</ele></trkpt>
    <trkpt lat="45.981177" lon="6.916789"><ele>1549</ele></trkpt>
    <trkpt lat="45.981087" lon="6.916697"><ele>1545</ele></trkpt>
    <trkpt lat="45.980971" lon="6.91664"><ele>1540</ele></trkpt>
    <trkpt lat="45.980852" lon="6.916618"><ele>1537</ele></trkpt>
    <trkpt lat="45.98064" lon="6.916672"><ele>1533</ele></trkpt>
    <trkpt lat="45.980579" lon="6.916669"><ele>1528</ele></trkpt>
    <trkpt lat="45.980531" lon="6.916494"><ele>1524</ele></trkpt>
    <trkpt lat="45.980464" lon="6.916348"><ele>1520</ele></trkpt>
    <trkpt lat="45.980355" lon="6.916254"><ele>1518</ele></trkpt>
    <trkpt lat="45.980235" lon="6.91619"><ele>1516</ele></trkpt>
    <trkpt lat="45.980088" lon="6.916199"><ele>1512</ele></trkpt>
    <trkpt lat="45.979998" lon="6.916151"><ele>1508</ele></trkpt>
    <trkpt lat="45.97992" lon="6.916084"><ele>1503</ele></trkpt>
    <trkpt lat="45.979871" lon="6.916008"><ele>1500</ele></trkpt>
    <trkpt lat="45.979825" lon="6.915952"><ele>1497</ele></trkpt>
    <trkpt lat="45.979739" lon="6.915992"><ele>1494</ele></trkpt>
    <trkpt lat="45.97964" lon="6.916017"><ele>1492</ele></trkpt>
    <trkpt lat="45.9796" lon="6.91599"><ele>1487</ele></trkpt>
    <trkpt lat="45.979558" lon="6.915958"><ele>1483</ele></trkpt>
    <trkpt lat="45.979446" lon="6.915912"><ele>1480</ele></trkpt>
    <trkpt lat="45.979309" lon="6.915898"><ele>1478</ele></trkpt>
    <trkpt lat="45.979138" lon="6.915999"><ele>1475</ele></trkpt>
    <trkpt lat="45.978964" lon="6.916012"><ele>1471</ele></trkpt>
    <trkpt lat="45.978814" lon="6.915992"><ele>1469</ele></trkpt>
    <trkpt lat="45.978653" lon="6.916017"><ele>1468</ele></trkpt>
    <trkpt lat="45.978672" lon="6.915798"><ele>1466</ele></trkpt>
    <trkpt lat="45.9786" lon="6.915578"><ele>1464</ele></trkpt>
    <trkpt lat="45.978423" lon="6.915419"><ele>1464</ele></trkpt>
    <trkpt lat="45.978288" lon="6.915233"><ele>1465</ele></trkpt>
    <trkpt lat="45.978243" lon="6.915089"><ele>1466</ele></trkpt>
    <trkpt lat="45.978188" lon="6.914985"><ele>1468</ele></trkpt>
    <trkpt lat="45.97815" lon="6.914848"><ele>1470</ele></trkpt>
    <trkpt lat="45.978092" lon="6.914719"><ele>1472</ele></trkpt>
    <trkpt lat="45.978054" lon="6.914593"><ele>1474</ele></trkpt>
    <trkpt lat="45.977983" lon="6.914418"><ele>1475</ele></trkpt>
    <trkpt lat="45.977924" lon="6.914224"><ele>1477</ele></trkpt>
    <trkpt lat="45.977844" lon="6.914047"><ele>1479</ele></trkpt>
    <trkpt lat="45.977744" lon="6.913841"><ele>1480</ele></trkpt>
    <trkpt lat="45.977648" lon="6.913647"><ele>1481</ele></trkpt>
    <trkpt lat="45.977565" lon="6.913444"><ele>1484</ele></trkpt>
    <trkpt lat="45.977507" lon="6.913238"><ele>1485</ele></trkpt>
    <trkpt lat="45.977441" lon="6.913085"><ele>1487</ele></trkpt>
    <trkpt lat="45.97736" lon="6.91299"><ele>1488</ele></trkpt>
    <trkpt lat="45.977283" lon="6.912861"><ele>1491</ele></trkpt>
    <trkpt lat="45.977215" lon="6.912729"><ele>1492</ele></trkpt>
    <trkpt lat="45.977154" lon="6.912582"><ele>1494</ele></trkpt>
    <trkpt lat="45.977091" lon="6.912461"><ele>1497</ele></trkpt>
    <trkpt lat="45.977045" lon="6.912339"><ele>1498</ele></trkpt>
    <trkpt lat="45.976984" lon="6.912222"><ele>1500</ele></trkpt>
    <trkpt lat="45.976918" lon="6.912046"><ele>1501</ele></trkpt>
    <trkpt lat="45.976872" lon="6.91189"><ele>1503</ele></trkpt>
    <trkpt lat="45.976787" lon="6.911762"><ele>1506</ele></trkpt>
    <trkpt lat="45.976723" lon="6.911619"><ele>1508</ele></trkpt>
    <trkpt lat="45.976654" lon="6.911544"><ele>1510</ele></trkpt>
    <trkpt lat="45.976583" lon="6.911437"><ele>1512</ele></trkpt>
    <trkpt lat="45.976537" lon="6.911344"><ele>1515</ele></trkpt>
    <trkpt lat="45.976475" lon="6.911353"><ele>1518</ele></trkpt>
    <trkpt lat="45.976398" lon="6.911317"><ele>1520</ele></trkpt>
    <trkpt lat="45.976317" lon="6.91128"><ele>1522</ele></trkpt>
    <trkpt lat="45.976237" lon="6.911158"><ele>1523</ele></trkpt>
    <trkpt lat="45.976197" lon="6.911076"><ele>1525</ele></trkpt>
    <trkpt lat="45.976146" lon="6.91082"><ele>1527</ele></trkpt>
    <trkpt lat="45.976109" lon="6.910739"><ele>1528</ele></trkpt>
    <trkpt lat="45.976083" lon="6.910653"><ele>1529</ele></trkpt>
    <trkpt lat="45.975943" lon="6.910544"><ele>1529</ele></trkpt>
    <trkpt lat="45.975714" lon="6.910502"><ele>1523.8</ele></trkpt>
    <trkpt lat="45.975512" lon="6.910318"><ele>1523.3</ele></trkpt>
    <trkpt lat="45.975296" lon="6.910181"><ele>1522.9</ele></trkpt>
    <trkpt lat="45.975117" lon="6.91001"><ele>1522.4</ele></trkpt>
    <trkpt lat="45.974995" lon="6.90981"><ele>1522.3</ele></trkpt>
    <trkpt lat="45.974809" lon="6.90971"><ele>1522.3</ele></trkpt>
    <trkpt lat="45.974565" lon="6.909694"><ele>1520.2</ele></trkpt>
    <trkpt lat="45.974394" lon="6.909534"><ele>1519.6</ele></trkpt>
    <trkpt lat="45.974211" lon="6.909258"><ele>1518.9</ele></trkpt>
    <trkpt lat="45.97403" lon="6.909193"><ele>1519</ele></trkpt>
    <trkpt lat="45.973848" lon="6.908975"><ele>1519.6</ele></trkpt>
    <trkpt lat="45.973725" lon="6.908842"><ele>1521.1</ele></trkpt>
    <trkpt lat="45.973674" lon="6.908719"><ele>1522.7</ele></trkpt>
    <trkpt lat="45.973587" lon="6.90851"><ele>1524.2</ele></trkpt>
    <trkpt lat="45.973417" lon="6.908309"><ele>1523.2</ele></trkpt>
    <trkpt lat="45.973227" lon="6.908079"><ele>1521.6</ele></trkpt>
    <trkpt lat="45.973026" lon="6.907932"><ele>1521.6</ele></trkpt>
    <trkpt lat="45.972911" lon="6.907765"><ele>1523.3</ele></trkpt>
    <trkpt lat="45.97281" lon="6.907645"><ele>1525.1</ele></trkpt>
    <trkpt lat="45.972635" lon="6.907578"><ele>1525.9</ele></trkpt>
    <trkpt lat="45.97246" lon="6.907375"><ele>1525.5</ele></trkpt>
    <trkpt lat="45.972259" lon="6.907226"><ele>1525.7</ele></trkpt>
    <trkpt lat="45.972171" lon="6.907026"><ele>1526.7</ele></trkpt>
    <trkpt lat="45.972196" lon="6.906883"><ele>1527.6</ele></trkpt>
    <trkpt lat="45.972122" lon="6.90666"><ele>1527.7</ele></trkpt>
    <trkpt lat="45.972023" lon="6.906358"><ele>1526.5</ele></trkpt>
    <trkpt lat="45.971938" lon="6.906278"><ele>1527.7</ele></trkpt>
    <trkpt lat="45.971858" lon="6.906255"><ele>1529.3</ele></trkpt>
    <trkpt lat="45.971791" lon="6.906299"><ele>1530.8</ele></trkpt>
    <trkpt lat="45.971661" lon="6.906315"><ele>1532.3</ele></trkpt>
    <trkpt lat="45.971487" lon="6.906369"><ele>1533.4</ele></trkpt>
    <trkpt lat="45.971404" lon="6.906245"><ele>1535.1</ele></trkpt>
    <trkpt lat="45.97136" lon="6.906173"><ele>1536.3</ele></trkpt>
    <trkpt lat="45.971284" lon="6.906038"><ele>1538.4</ele></trkpt>
    <trkpt lat="45.971242" lon="6.905919"><ele>1540</ele></trkpt>
    <trkpt lat="45.971176" lon="6.905718"><ele>1542.2</ele></trkpt>
    <trkpt lat="45.971102" lon="6.905612"><ele>1543.8</ele></trkpt>
    <trkpt lat="45.971046" lon="6.905538"><ele>1545.5</ele></trkpt>
    <trkpt lat="45.970984" lon="6.905463"><ele>1547.6</ele></trkpt>
    <trkpt lat="45.970946" lon="6.905363"><ele>1549.5</ele></trkpt>
    <trkpt lat="45.970891" lon="6.905266"><ele>1551.4</ele></trkpt>
    <trkpt lat="45.970826" lon="6.905187"><ele>1552.9</ele></trkpt>
    <trkpt lat="45.970732" lon="6.905048"><ele>1554.6</ele></trkpt>
    <trkpt lat="45.970569" lon="6.90488"><ele>1556</ele></trkpt>
    <trkpt lat="45.970495" lon="6.904782"><ele>1556.8</ele></trkpt>
    <trkpt lat="45.970323" lon="6.904626"><ele>1558.6</ele></trkpt>
    <trkpt lat="45.970165" lon="6.904462"><ele>1559.4</ele></trkpt>
    <trkpt lat="45.970031" lon="6.904268"><ele>1560.5</ele></trkpt>
    <trkpt lat="45.969961" lon="6.904082"><ele>1561.7</ele></trkpt>
    <trkpt lat="45.969855" lon="6.90389"><ele>1563.4</ele></trkpt>
    <trkpt lat="45.969711" lon="6.90381"><ele>1565</ele></trkpt>
    <trkpt lat="45.969586" lon="6.903622"><ele>1566.7</ele></trkpt>
    <trkpt lat="45.969483" lon="6.903482"><ele>1568</ele></trkpt>
    <trkpt lat="45.969391" lon="6.90336"><ele>1569.4</ele></trkpt>
    <trkpt lat="45.969248" lon="6.903231"><ele>1571.1</ele></trkpt>
    <trkpt lat="45.969157" lon="6.903137"><ele>1572.3</ele></trkpt>
    <trkpt lat="45.969086" lon="6.903019"><ele>1573.7</ele></trkpt>
    <trkpt lat="45.96899" lon="6.902932"><ele>1575.2</ele></trkpt>
    <trkpt lat="45.96887" lon="6.902847"><ele>1576.9</ele></trkpt>
    <trkpt lat="45.968784" lon="6.902764"><ele>1578.1</ele></trkpt>
    <trkpt lat="45.968624" lon="6.902669"><ele>1579.8</ele></trkpt>
    <trkpt lat="45.968473" lon="6.902485"><ele>1580.7</ele></trkpt>
    <trkpt lat="45.968347" lon="6.902313"><ele>1581.5</ele></trkpt>
    <trkpt lat="45.968207" lon="6.902175"><ele>1582.7</ele></trkpt>
    <trkpt lat="45.96804" lon="6.902033"><ele>1583.9</ele></trkpt>
    <trkpt lat="45.967816" lon="6.901847"><ele>1583.5</ele></trkpt>
    <trkpt lat="45.967622" lon="6.901701"><ele>1582.4</ele></trkpt>
    <trkpt lat="45.967384" lon="6.901603"><ele>1581.2</ele></trkpt>
    <trkpt lat="45.967197" lon="6.901466"><ele>1579.9</ele></trkpt>
    <trkpt lat="45.967067" lon="6.901334"><ele>1580.8</ele></trkpt>
    <trkpt lat="45.966963" lon="6.901255"><ele>1582.3</ele></trkpt>
    <trkpt lat="45.966773" lon="6.901196"><ele>1583.7</ele></trkpt>
    <trkpt lat="45.966576" lon="6.901092"><ele>1583.5</ele></trkpt>
    <trkpt lat="45.966403" lon="6.900913"><ele>1582.9</ele></trkpt>
    <trkpt lat="45.966327" lon="6.90083"><ele>1584.4</ele></trkpt>
    <trkpt lat="45.966328" lon="6.900725"><ele>1586.2</ele></trkpt>
    <trkpt lat="45.966296" lon="6.900608"><ele>1588.5</ele></trkpt>
    <trkpt lat="45.966267" lon="6.900471"><ele>1591.2</ele></trkpt>
    <trkpt lat="45.966321" lon="6.900446"><ele>1592.7</ele></trkpt>
    <trkpt lat="45.966408" lon="6.900407"><ele>1595.2</ele></trkpt>
    <trkpt lat="45.966388" lon="6.900323"><ele>1597.1</ele></trkpt>
    <trkpt lat="45.966343" lon="6.900222"><ele>1599.4</ele></trkpt>
    <trkpt lat="45.966323" lon="6.900124"><ele>1601.4</ele></trkpt>
    <trkpt lat="45.966305" lon="6.900032"><ele>1603.4</ele></trkpt>
    <trkpt lat="45.966301" lon="6.899912"><ele>1605.8</ele></trkpt>
    <trkpt lat="45.966262" lon="6.899825"><ele>1607.8</ele></trkpt>
    <trkpt lat="45.966216" lon="6.899699"><ele>1610.3</ele></trkpt>
    <trkpt lat="45.966173" lon="6.899556"><ele>1612.7</ele></trkpt>
    <trkpt lat="45.966156" lon="6.899454"><ele>1614.4</ele></trkpt>
    <trkpt lat="45.966089" lon="6.899323"><ele>1616.9</ele></trkpt>
    <trkpt lat="45.966031" lon="6.899179"><ele>1619.1</ele></trkpt>
    <trkpt lat="45.965968" lon="6.899041"><ele>1621.5</ele></trkpt>
    <trkpt lat="45.965919" lon="6.898908"><ele>1623.8</ele></trkpt>
    <trkpt lat="45.965877" lon="6.898799"><ele>1625.8</ele></trkpt>
    <trkpt lat="45.965828" lon="6.898673"><ele>1628.3</ele></trkpt>
    <trkpt lat="45.965785" lon="6.898581"><ele>1630.4</ele></trkpt>
    <trkpt lat="45.965712" lon="6.898498"><ele>1632.9</ele></trkpt>
    <trkpt lat="45.965715" lon="6.898424"><ele>1634.6</ele></trkpt>
    <trkpt lat="45.965772" lon="6.898349"><ele>1637</ele></trkpt>
    <trkpt lat="45.96584" lon="6.898338"><ele>1639.2</ele></trkpt>
    <trkpt lat="45.965897" lon="6.898337"><ele>1641.4</ele></trkpt>
    <trkpt lat="45.965925" lon="6.898253"><ele>1643.6</ele></trkpt>
    <trkpt lat="45.965869" lon="6.89814"><ele>1646.2</ele></trkpt>
    <trkpt lat="45.965736" lon="6.898006"><ele>1648.8</ele></trkpt>
    <trkpt lat="45.965617" lon="6.897937"><ele>1651.2</ele></trkpt>
    <trkpt lat="45.965549" lon="6.897856"><ele>1653.3</ele></trkpt>
    <trkpt lat="45.96551" lon="6.897737"><ele>1655.8</ele></trkpt>
    <trkpt lat="45.96557" lon="6.897682"><ele>1657.9</ele></trkpt>
    <trkpt lat="45.965621" lon="6.897653"><ele>1659.7</ele></trkpt>
    <trkpt lat="45.965563" lon="6.897545"><ele>1662.1</ele></trkpt>
    <trkpt lat="45.965563" lon="6.897444"><ele>1664.2</ele></trkpt>
    <trkpt lat="45.965618" lon="6.897413"><ele>1666</ele></trkpt>
    <trkpt lat="45.96572" lon="6.897453"><ele>1668.6</ele></trkpt>
    <trkpt lat="45.965829" lon="6.897445"><ele>1671.1</ele></trkpt>
    <trkpt lat="45.965906" lon="6.897448"><ele>1673.1</ele></trkpt>
    <trkpt lat="45.966001" lon="6.89746"><ele>1675.9</ele></trkpt>
    <trkpt lat="45.966053" lon="6.897434"><ele>1677.7</ele></trkpt>
    <trkpt lat="45.966111" lon="6.897463"><ele>1679.6</ele></trkpt>
    <trkpt lat="45.966152" lon="6.897442"><ele>1681.2</ele></trkpt>
    <trkpt lat="45.966201" lon="6.897375"><ele>1683.7</ele></trkpt>
    <trkpt lat="45.966246" lon="6.89744"><ele>1685.5</ele></trkpt>
    <trkpt lat="45.966313" lon="6.897496"><ele>1688</ele></trkpt>
    <trkpt lat="45.966324" lon="6.897415"><ele>1689.8</ele></trkpt>
    <trkpt lat="45.966348" lon="6.89733"><ele>1691.8</ele></trkpt>
    <trkpt lat="45.966414" lon="6.89725"><ele>1694.4</ele></trkpt>
    <trkpt lat="45.966428" lon="6.897117"><ele>1697.2</ele></trkpt>
    <trkpt lat="45.966387" lon="6.897018"><ele>1699.5</ele></trkpt>
    <trkpt lat="45.966319" lon="6.896977"><ele>1701.3</ele></trkpt>
    <trkpt lat="45.96625" lon="6.896859"><ele>1703</ele></trkpt>
    <trkpt lat="45.96618" lon="6.896648"><ele>1704</ele></trkpt>
    <trkpt lat="45.966077" lon="6.896412"><ele>1704.8</ele></trkpt>
    <trkpt lat="45.965958" lon="6.89616"><ele>1705.8</ele></trkpt>
    <trkpt lat="45.965874" lon="6.895985"><ele>1707.1</ele></trkpt>
    <trkpt lat="45.965786" lon="6.895859"><ele>1709.1</ele></trkpt>
    <trkpt lat="45.965669" lon="6.895793"><ele>1711.3</ele></trkpt>
    <trkpt lat="45.965575" lon="6.895676"><ele>1713.3</ele></trkpt>
    <trkpt lat="45.965485" lon="6.895575"><ele>1715</ele></trkpt>
    <trkpt lat="45.965433" lon="6.895454"><ele>1716.9</ele></trkpt>
    <trkpt lat="45.965378" lon="6.895345"><ele>1718.9</ele></trkpt>
    <trkpt lat="45.965331" lon="6.895229"><ele>1721</ele></trkpt>
    <trkpt lat="45.965296" lon="6.895103"><ele>1723.2</ele></trkpt>
    <trkpt lat="45.965281" lon="6.895008"><ele>1724.9</ele></trkpt>
    <trkpt lat="45.965197" lon="6.89492"><ele>1727.5</ele></trkpt>
    <trkpt lat="45.965092" lon="6.894888"><ele>1730</ele></trkpt>
    <trkpt lat="45.965051" lon="6.894816"><ele>1731.6</ele></trkpt>
    <trkpt lat="45.965021" lon="6.894731"><ele>1733.7</ele></trkpt>
    <trkpt lat="45.965044" lon="6.894653"><ele>1735.5</ele></trkpt>
    <trkpt lat="45.964966" lon="6.894573"><ele>1737.8</ele></trkpt>
    <trkpt lat="45.964912" lon="6.89447"><ele>1740</ele></trkpt>
    <trkpt lat="45.964872" lon="6.894369"><ele>1741.8</ele></trkpt>
    <trkpt lat="45.964849" lon="6.894239"><ele>1744</ele></trkpt>
    <trkpt lat="45.964819" lon="6.894098"><ele>1746</ele></trkpt>
    <trkpt lat="45.964757" lon="6.893938"><ele>1747.9</ele></trkpt>
    <trkpt lat="45.964691" lon="6.893804"><ele>1749.3</ele></trkpt>
    <trkpt lat="45.964606" lon="6.893661"><ele>1750.7</ele></trkpt>
    <trkpt lat="45.964539" lon="6.893522"><ele>1751.2</ele></trkpt>
    <trkpt lat="45.964454" lon="6.893377"><ele>1752.7</ele></trkpt>
    <trkpt lat="45.964433" lon="6.893217"><ele>1754.8</ele></trkpt>
    <trkpt lat="45.964417" lon="6.893069"><ele>1756.9</ele></trkpt>
    <trkpt lat="45.964414" lon="6.89291"><ele>1759</ele></trkpt>
    <trkpt lat="45.964399" lon="6.892753"><ele>1761.2</ele></trkpt>
    <trkpt lat="45.964388" lon="6.892597"><ele>1763.4</ele></trkpt>
    <trkpt lat="45.964369" lon="6.892435"><ele>1765.7</ele></trkpt>
    <trkpt lat="45.964373" lon="6.892274"><ele>1768.1</ele></trkpt>
    <trkpt lat="45.964364" lon="6.892111"><ele>1770.5</ele></trkpt>
    <trkpt lat="45.964329" lon="6.891957"><ele>1772.8</ele></trkpt>
    <trkpt lat="45.964292" lon="6.891813"><ele>1774.9</ele></trkpt>
    <trkpt lat="45.964249" lon="6.891649"><ele>1777.2</ele></trkpt>
    <trkpt lat="45.964222" lon="6.891516"><ele>1779</ele></trkpt>
    <trkpt lat="45.964186" lon="6.891358"><ele>1781.2</ele></trkpt>
    <trkpt lat="45.964152" lon="6.891196"><ele>1783.3</ele></trkpt>
    <trkpt lat="45.964136" lon="6.891046"><ele>1785.2</ele></trkpt>
    <trkpt lat="45.964122" lon="6.890899"><ele>1787.2</ele></trkpt>
    <trkpt lat="45.964098" lon="6.890762"><ele>1789.2</ele></trkpt>
    <trkpt lat="45.964069" lon="6.890612"><ele>1791.4</ele></trkpt>
    <trkpt lat="45.964043" lon="6.890469"><ele>1793.5</ele></trkpt>
    <trkpt lat="45.964051" lon="6.890315"><ele>1795.7</ele></trkpt>
    <trkpt lat="45.964079" lon="6.890183"><ele>1797.6</ele></trkpt>
    <trkpt lat="45.964066" lon="6.890054"><ele>1799.5</ele></trkpt>
    <trkpt lat="45.964027" lon="6.889917"><ele>1801.5</ele></trkpt>
    <trkpt lat="45.963985" lon="6.889769"><ele>1803.7</ele></trkpt>
    <trkpt lat="45.963907" lon="6.889641"><ele>1805.8</ele></trkpt>
    <trkpt lat="45.963808" lon="6.889557"><ele>1808.1</ele></trkpt>
    <trkpt lat="45.963709" lon="6.889471"><ele>1810.5</ele></trkpt>
    <trkpt lat="45.963634" lon="6.889398"><ele>1812.6</ele></trkpt>
    <trkpt lat="45.963583" lon="6.889311"><ele>1816.3</ele></trkpt>
    <trkpt lat="45.963538" lon="6.889224"><ele>1818.3</ele></trkpt>
    <trkpt lat="45.963499" lon="6.889121"><ele>1820.4</ele></trkpt>
    <trkpt lat="45.963464" lon="6.888981"><ele>1822.8</ele></trkpt>
    <trkpt lat="45.963424" lon="6.888839"><ele>1825.2</ele></trkpt>
    <trkpt lat="45.96336" lon="6.888722"><ele>1827.4</ele></trkpt>
    <trkpt lat="45.963305" lon="6.888616"><ele>1829.4</ele></trkpt>
    <trkpt lat="45.963239" lon="6.888486"><ele>1831.7</ele></trkpt>
    <trkpt lat="45.963177" lon="6.888354"><ele>1833.7</ele></trkpt>
    <trkpt lat="45.963114" lon="6.888212"><ele>1835.5</ele></trkpt>
    <trkpt lat="45.963019" lon="6.888074"><ele>1837</ele></trkpt>
    <trkpt lat="45.962904" lon="6.887903"><ele>1838.5</ele></trkpt>
    <trkpt lat="45.962778" lon="6.887785"><ele>1840.5</ele></trkpt>
    <trkpt lat="45.962609" lon="6.887798"><ele>1842.6</ele></trkpt>
    <trkpt lat="45.962409" lon="6.887853"><ele>1844.1</ele></trkpt>
    <trkpt lat="45.96225" lon="6.887818"><ele>1846.1</ele></trkpt>
    <trkpt lat="45.962133" lon="6.887729"><ele>1848.4</ele></trkpt>
    <trkpt lat="45.962048" lon="6.887596"><ele>1850.7</ele></trkpt>
    <trkpt lat="45.961986" lon="6.887437"><ele>1853.1</ele></trkpt>
    <trkpt lat="45.961963" lon="6.887291"><ele>1855.5</ele></trkpt>
    <trkpt lat="45.961957" lon="6.887153"><ele>1858</ele></trkpt>
    <trkpt lat="45.96194" lon="6.887021"><ele>1860.4</ele></trkpt>
    <trkpt lat="45.961939" lon="6.88687"><ele>1862.9</ele></trkpt>
    <trkpt lat="45.961933" lon="6.886716"><ele>1865.4</ele></trkpt>
    <trkpt lat="45.96195" lon="6.886567"><ele>1867.7</ele></trkpt>
    <trkpt lat="45.961971" lon="6.886419"><ele>1870.2</ele></trkpt>
    <trkpt lat="45.961988" lon="6.886297"><ele>1872.3</ele></trkpt>
    <trkpt lat="45.9619" lon="6.886282"><ele>1875</ele></trkpt>
    <trkpt lat="45.961806" lon="6.886374"><ele>1877</ele></trkpt>
    <trkpt lat="45.96171" lon="6.886471"><ele>1878.6</ele></trkpt>
    <trkpt lat="45.961613" lon="6.886561"><ele>1880.1</ele></trkpt>
    <trkpt lat="45.961518" lon="6.88668"><ele>1881.6</ele></trkpt>
    <trkpt lat="45.961386" lon="6.886782"><ele>1882.8</ele></trkpt>
    <trkpt lat="45.961221" lon="6.886851"><ele>1883.9</ele></trkpt>
    <trkpt lat="45.961055" lon="6.886894"><ele>1884.5</ele></trkpt>
    <trkpt lat="45.960909" lon="6.886898"><ele>1885.5</ele></trkpt>
    <trkpt lat="45.9608" lon="6.886854"><ele>1887.1</ele></trkpt>
    <trkpt lat="45.960674" lon="6.886735"><ele>1889</ele></trkpt>
    <trkpt lat="45.960611" lon="6.886596"><ele>1889.9</ele></trkpt>
    <trkpt lat="45.960609" lon="6.8866"><ele>1889.9</ele></trkpt>
    <trkpt lat="45.960597" lon="6.886579"><ele>1890.1</ele></trkpt>
    <trkpt lat="45.960541" lon="6.886423"><ele>1890.3</ele></trkpt>
    <trkpt lat="45.960421" lon="6.886129"><ele>1888.5</ele></trkpt>
    <trkpt lat="45.960189" lon="6.885905"><ele>1887.1</ele></trkpt>
    <trkpt lat="45.960041" lon="6.886138"><ele>1881.2</ele></trkpt>
    <trkpt lat="45.959909" lon="6.886374"><ele>1871.7</ele></trkpt>
    <trkpt lat="45.959742" lon="6.886475"><ele>1865.1</ele></trkpt>
    <trkpt lat="45.959509" lon="6.886501"><ele>1858.6</ele></trkpt>
    <trkpt lat="45.959267" lon="6.886176"><ele>1853</ele></trkpt>
    <trkpt lat="45.959035" lon="6.885867"><ele>1845.5</ele></trkpt>
    <trkpt lat="45.958767" lon="6.885627"><ele>1838.3</ele></trkpt>
    <trkpt lat="45.958473" lon="6.885419"><ele>1830.4</ele></trkpt>
    <trkpt lat="45.95816" lon="6.885284"><ele>1822.9</ele></trkpt>
    <trkpt lat="45.95792" lon="6.884993"><ele>1815.7</ele></trkpt>
    <trkpt lat="45.957703" lon="6.88465"><ele>1809.2</ele></trkpt>
    <trkpt lat="45.957551" lon="6.884261"><ele>1803.6</ele></trkpt>
    <trkpt lat="45.957376" lon="6.883898"><ele>1798</ele></trkpt>
    <trkpt lat="45.957191" lon="6.883567"><ele>1792.3</ele></trkpt>
    <trkpt lat="45.957031" lon="6.883209"><ele>1786.5</ele></trkpt>
    <trkpt lat="45.956848" lon="6.882869"><ele>1780.2</ele></trkpt>
    <trkpt lat="45.956596" lon="6.882649"><ele>1773.9</ele></trkpt>
    <trkpt lat="45.956527" lon="6.882277"><ele>1767.8</ele></trkpt>
    <trkpt lat="45.956617" lon="6.881835"><ele>1762.1</ele></trkpt>
    <trkpt lat="45.956726" lon="6.881421"><ele>1753</ele></trkpt>
    <trkpt lat="45.956776" lon="6.881007"><ele>1747.6</ele></trkpt>
    <trkpt lat="45.956647" lon="6.881094"><ele>1747.5</ele></trkpt>
    <trkpt lat="45.956535" lon="6.881466"><ele>1746</ele></trkpt>
    <trkpt lat="45.956375" lon="6.881809"><ele>1743.6</ele></trkpt>
    <trkpt lat="45.956239" lon="6.882185"><ele>1740.4</ele></trkpt>
    <trkpt lat="45.956088" lon="6.882562"><ele>1736.8</ele></trkpt>
    <trkpt lat="45.955924" lon="6.882889"><ele>1733.7</ele></trkpt>
    <trkpt lat="45.955968" lon="6.883265"><ele>1729.9</ele></trkpt>
    <trkpt lat="45.956001" lon="6.883691"><ele>1725.6</ele></trkpt>
    <trkpt lat="45.956049" lon="6.884095"><ele>1721.4</ele></trkpt>
    <trkpt lat="45.956126" lon="6.884473"><ele>1717.7</ele></trkpt>
    <trkpt lat="45.956252" lon="6.88484"><ele>1714.1</ele></trkpt>
    <trkpt lat="45.956354" lon="6.885202"><ele>1710.4</ele></trkpt>
    <trkpt lat="45.956438" lon="6.885492"><ele>1706.8</ele></trkpt>
    <trkpt lat="45.956497" lon="6.885836"><ele>1702.5</ele></trkpt>
    <trkpt lat="45.956397" lon="6.886071"><ele>1698.1</ele></trkpt>
    <trkpt lat="45.956288" lon="6.885807"><ele>1693.9</ele></trkpt>
    <trkpt lat="45.95603" lon="6.885629"><ele>1685.9</ele></trkpt>
    <trkpt lat="45.955844" lon="6.885348"><ele>1677.5</ele></trkpt>
    <trkpt lat="45.955757" lon="6.885101"><ele>1675.5</ele></trkpt>
    <trkpt lat="45.955761" lon="6.885384"><ele>1666.6</ele></trkpt>
    <trkpt lat="45.955878" lon="6.88571"><ele>1670.5</ele></trkpt>
    <trkpt lat="45.955682" lon="6.885622"><ele>1652.8</ele></trkpt>
    <trkpt lat="45.955452" lon="6.885455"><ele>1637.8</ele></trkpt>
    <trkpt lat="45.955411" lon="6.88506"><ele>1645.4</ele></trkpt>
    <trkpt lat="45.955304" lon="6.884761"><ele>1647.8</ele></trkpt>
    <trkpt lat="45.95527" lon="6.885031"><ele>1637</ele></trkpt>
    <trkpt lat="45.95521" lon="6.885359"><ele>1622.3</ele></trkpt>
    <trkpt lat="45.955213" lon="6.885193"><ele>1627</ele></trkpt>
    <trkpt lat="45.95511" lon="6.884859"><ele>1629.2</ele></trkpt>
    <trkpt lat="45.954937" lon="6.884648"><ele>1621.4</ele></trkpt>
    <trkpt lat="45.954807" lon="6.884358"><ele>1621.5</ele></trkpt>
    <trkpt lat="45.954699" lon="6.884058"><ele>1620.9</ele></trkpt>
    <trkpt lat="45.954683" lon="6.884283"><ele>1614.5</ele></trkpt>
    <trkpt lat="45.95467" lon="6.884668"><ele>1601</ele></trkpt>
    <trkpt lat="45.954803" lon="6.884974"><ele>1604.7</ele></trkpt>
    <trkpt lat="45.954834" lon="6.885305"><ele>1598.4</ele></trkpt>
    <trkpt lat="45.954812" lon="6.885627"><ele>1589.2</ele></trkpt>
    <trkpt lat="45.954799" lon="6.88601"><ele>1580.2</ele></trkpt>
    <trkpt lat="45.95475" lon="6.88609"><ele>1575</ele></trkpt>
    <trkpt lat="45.954632" lon="6.885742"><ele>1576.1</ele></trkpt>
    <trkpt lat="45.954507" lon="6.88545"><ele>1575.3</ele></trkpt>
    <trkpt lat="45.954371" lon="6.885207"><ele>1570.5</ele></trkpt>
    <trkpt lat="45.954139" lon="6.884998"><ele>1560.6</ele></trkpt>
    <trkpt lat="45.953986" lon="6.884705"><ele>1557.2</ele></trkpt>
    <trkpt lat="45.953849" lon="6.884432"><ele>1553.7</ele></trkpt>
    <trkpt lat="45.953681" lon="6.884231"><ele>1547.1</ele></trkpt>
    <trkpt lat="45.953615" lon="6.884184"><ele>1544.3</ele></trkpt>
    <trkpt lat="45.953553" lon="6.884296"><ele>1539.1</ele></trkpt>
    <trkpt lat="45.953459" lon="6.884169"><ele>1537.1</ele></trkpt>
    <trkpt lat="45.953362" lon="6.884234"><ele>1530.3</ele></trkpt>
    <trkpt lat="45.953268" lon="6.884258"><ele>1522.8</ele></trkpt>
    <trkpt lat="45.953196" lon="6.884201"><ele>1520.4</ele></trkpt>
    <trkpt lat="45.953121" lon="6.88417"><ele>1518.4</ele></trkpt>
    <trkpt lat="45.95311" lon="6.884459"><ele>1509.4</ele></trkpt>
    <trkpt lat="45.95302" lon="6.884597"><ele>1500</ele></trkpt>
    <trkpt lat="45.952945" lon="6.884703"><ele>1493.5</ele></trkpt>
    <trkpt lat="45.952863" lon="6.884899"><ele>1484.7</ele></trkpt>
    <trkpt lat="45.952792" lon="6.885018"><ele>1477.9</ele></trkpt>
    <trkpt lat="45.95268" lon="6.884733"><ele>1474.7</ele></trkpt>
    <trkpt lat="45.952625" lon="6.884687"><ele>1471.4</ele></trkpt>
    <trkpt lat="45.952525" lon="6.884702"><ele>1464.6</ele></trkpt>
    <trkpt lat="45.952369" lon="6.884569"><ele>1454.5</ele></trkpt>
    <trkpt lat="45.952376" lon="6.884756"><ele>1453.3</ele></trkpt>
    <trkpt lat="45.952186" lon="6.884793"><ele>1439.2</ele></trkpt>
    <trkpt lat="45.952113" lon="6.884915"><ele>1433.8</ele></trkpt>
    <trkpt lat="45.951985" lon="6.884931"><ele>1425.5</ele></trkpt>
    <trkpt lat="45.951954" lon="6.884606"><ele>1427.3</ele></trkpt>
    <trkpt lat="45.951917" lon="6.884323"><ele>1428.6</ele></trkpt>
    <trkpt lat="45.951712" lon="6.884112"><ele>1424.1</ele></trkpt>
    <trkpt lat="45.951498" lon="6.883869"><ele>1421.4</ele></trkpt>
    <trkpt lat="45.951447" lon="6.883463"><ele>1418.1</ele></trkpt>
    <trkpt lat="45.951365" lon="6.883083"><ele>1415.8</ele></trkpt>
    <trkpt lat="45.95137" lon="6.882728"><ele>1413.6</ele></trkpt>
    <trkpt lat="45.951344" lon="6.882389"><ele>1411.1</ele></trkpt>
    <trkpt lat="45.951274" lon="6.882006"><ele>1407.9</ele></trkpt>
    <trkpt lat="45.951175" lon="6.881664"><ele>1402.9</ele></trkpt>
    <trkpt lat="45.951138" lon="6.881304"><ele>1399.6</ele></trkpt>
    <trkpt lat="45.95112" lon="6.880905"><ele>1396.5</ele></trkpt>
    <trkpt lat="45.95097" lon="6.880766"><ele>1394.6</ele></trkpt>
    <trkpt lat="45.950764" lon="6.880589"><ele>1392.7</ele></trkpt>
    <trkpt lat="45.95055" lon="6.880406"><ele>1390.2</ele></trkpt>
    <trkpt lat="45.950298" lon="6.880343"><ele>1387.7</ele></trkpt>
    <trkpt lat="45.950085" lon="6.880519"><ele>1384.3</ele></trkpt>
    <trkpt lat="45.949871" lon="6.880713"><ele>1381.7</ele></trkpt>
    <trkpt lat="45.949633" lon="6.880849"><ele>1379.6</ele></trkpt>
    <trkpt lat="45.949429" lon="6.881131"><ele>1378.2</ele></trkpt>
    <trkpt lat="45.949182" lon="6.881288"><ele>1376.8</ele></trkpt>
    <trkpt lat="45.948883" lon="6.881168"><ele>1374.3</ele></trkpt>
    <trkpt lat="45.948689" lon="6.880956"><ele>1373.3</ele></trkpt>
    <trkpt lat="45.948533" lon="6.880639"><ele>1370.9</ele></trkpt>
    <trkpt lat="45.948309" lon="6.880354"><ele>1368.1</ele></trkpt>
    <trkpt lat="45.948025" lon="6.880237"><ele>1365</ele></trkpt>
    <trkpt lat="45.947833" lon="6.879933"><ele>1361.6</ele></trkpt>
    <trkpt lat="45.947717" lon="6.879561"><ele>1358.5</ele></trkpt>
    <trkpt lat="45.947643" lon="6.879199"><ele>1355.9</ele></trkpt>
    <trkpt lat="45.947362" lon="6.879097"><ele>1353.3</ele></trkpt>
    <trkpt lat="45.94713" lon="6.878963"><ele>1351</ele></trkpt>
    <trkpt lat="45.946941" lon="6.878677"><ele>1348.6</ele></trkpt>
    <trkpt lat="45.946693" lon="6.878706"><ele>1346.1</ele></trkpt>
    <trkpt lat="45.946512" lon="6.878412"><ele>1344</ele></trkpt>
    <trkpt lat="45.946243" lon="6.878194"><ele>1341.9</ele></trkpt>
    <trkpt lat="45.945973" lon="6.87796"><ele>1339.2</ele></trkpt>
    <trkpt lat="45.945933" lon="6.877544"><ele>1336.9</ele></trkpt>
    <trkpt lat="45.945727" lon="6.877179"><ele>1332.4</ele></trkpt>
    <trkpt lat="45.945428" lon="6.877263"><ele>1328</ele></trkpt>
    <trkpt lat="45.945178" lon="6.877091"><ele>1322.5</ele></trkpt>
    <trkpt lat="45.944907" lon="6.877058"><ele>1316.2</ele></trkpt>
    <trkpt lat="45.944629" lon="6.876879"><ele>1309.5</ele></trkpt>
    <trkpt lat="45.944371" lon="6.876807"><ele>1303.7</ele></trkpt>
    <trkpt lat="45.944093" lon="6.876664"><ele>1296.9</ele></trkpt>
    <trkpt lat="45.943777" lon="6.876486"><ele>1289</ele></trkpt>
    <trkpt lat="45.943467" lon="6.876275"><ele>1281.4</ele></trkpt>
    <trkpt lat="45.94317" lon="6.876173"><ele>1274.8</ele></trkpt>
    <trkpt lat="45.942896" lon="6.876089"><ele>1268.8</ele></trkpt>
    <trkpt lat="45.942612" lon="6.875914"><ele>1260.9</ele></trkpt>
    <trkpt lat="45.942563" lon="6.875458"><ele>1253.3</ele></trkpt>
    <trkpt lat="45.942383" lon="6.875063"><ele>1246.1</ele></trkpt>
    <trkpt lat="45.942076" lon="6.875067"><ele>1239.7</ele></trkpt>
    <trkpt lat="45.941791" lon="6.875226"><ele>1233.4</ele></trkpt>
    <trkpt lat="45.941531" lon="6.875353"><ele>1227.2</ele></trkpt>
    <trkpt lat="45.941243" lon="6.875207"><ele>1220.4</ele></trkpt>
    <trkpt lat="45.940932" lon="6.874984"><ele>1213.2</ele></trkpt>
    <trkpt lat="45.940659" lon="6.874746"><ele>1206.4</ele></trkpt>
    <trkpt lat="45.940341" lon="6.874492"><ele>1201.6</ele></trkpt>
    <trkpt lat="45.940057" lon="6.874298"><ele>1200.8</ele></trkpt>
    <trkpt lat="45.939817" lon="6.874036"><ele>1200.7</ele></trkpt>
    <trkpt lat="45.939588" lon="6.873772"><ele>1200.6</ele></trkpt>
    <trkpt lat="45.939392" lon="6.873487"><ele>1200.7</ele></trkpt>
    <trkpt lat="45.939206" lon="6.873224"><ele>1201</ele></trkpt>
    <trkpt lat="45.939027" lon="6.872919"><ele>1201.2</ele></trkpt>
    <trkpt lat="45.938833" lon="6.872637"><ele>1200.4</ele></trkpt>
    <trkpt lat="45.938605" lon="6.872384"><ele>1197.4</ele></trkpt>
    <trkpt lat="45.938353" lon="6.872115"><ele>1194</ele></trkpt>
    <trkpt lat="45.938071" lon="6.871973"><ele>1190.2</ele></trkpt>
    <trkpt lat="45.937771" lon="6.872031"><ele>1186.1</ele></trkpt>
    <trkpt lat="45.937481" lon="6.872252"><ele>1181.9</ele></trkpt>
    <trkpt lat="45.937188" lon="6.872307"><ele>1170.7</ele></trkpt>
    <trkpt lat="45.937321" lon="6.872539"><ele>1167.8</ele></trkpt>
    <trkpt lat="45.93741" lon="6.872776"><ele>1162.8</ele></trkpt>
    <trkpt lat="45.937137" lon="6.872853"><ele>1158.1</ele></trkpt>
    <trkpt lat="45.9368" lon="6.872785"><ele>1153.1</ele></trkpt>
    <trkpt lat="45.936452" lon="6.872604"><ele>1149.6</ele></trkpt>
    <trkpt lat="45.936155" lon="6.872357"><ele>1144.7</ele></trkpt>
    <trkpt lat="45.935894" lon="6.872038"><ele>1140.4</ele></trkpt>
    <trkpt lat="45.935654" lon="6.871707"><ele>1136.1</ele></trkpt>
    <trkpt lat="45.935359" lon="6.871544"><ele>1133</ele></trkpt>
    <trkpt lat="45.935052" lon="6.871348"><ele>1129.5</ele></trkpt>
    <trkpt lat="45.934745" lon="6.871141"><ele>1126.8</ele></trkpt>
    <trkpt lat="45.93447" lon="6.87093"><ele>1124.8</ele></trkpt>
    <trkpt lat="45.934179" lon="6.870833"><ele>1122.8</ele></trkpt>
    <trkpt lat="45.93387" lon="6.870863"><ele>1121</ele></trkpt>
    <trkpt lat="45.933547" lon="6.870923"><ele>1119.1</ele></trkpt>
    <trkpt lat="45.933213" lon="6.870883"><ele>1117.5</ele></trkpt>
    <trkpt lat="45.932909" lon="6.870881"><ele>1115</ele></trkpt>
    <trkpt lat="45.932614" lon="6.870904"><ele>1109.3</ele></trkpt>
    <trkpt lat="45.932327" lon="6.870936"><ele>1102.9</ele></trkpt>
    <trkpt lat="45.932044" lon="6.870976"><ele>1096.9</ele></trkpt>
    <trkpt lat="45.931712" lon="6.870999"><ele>1089.5</ele></trkpt>
    <trkpt lat="45.931339" lon="6.871022"><ele>1081.2</ele></trkpt>
    <trkpt lat="45.931024" lon="6.871002"><ele>1075.6</ele></trkpt>
    <trkpt lat="45.931121" lon="6.871391"><ele>1071.5</ele></trkpt>
    <trkpt lat="45.930949" lon="6.871614"><ele>1066.6</ele></trkpt>
    <trkpt lat="45.930828" lon="6.871913"><ele>1062.3</ele></trkpt>
    <trkpt lat="45.930717" lon="6.872286"><ele>1057.3</ele></trkpt>
    <trkpt lat="45.930727" lon="6.872589"><ele>1053.9</ele></trkpt>
    <trkpt lat="45.930718" lon="6.872577"><ele>1053.1</ele></trkpt>
    <trkpt lat="45.930699" lon="6.872665"><ele>1051.2</ele></trkpt>
    <trkpt lat="45.930673" lon="6.872682"><ele>1051</ele></trkpt>
    <trkpt lat="45.930576" lon="6.872668"><ele>1050.5</ele></trkpt>
    <trkpt lat="45.930298" lon="6.872512"><ele>1048.3</ele></trkpt>
    <trkpt lat="45.930017" lon="6.872435"><ele>1046.3</ele></trkpt>
    <trkpt lat="45.929731" lon="6.872357"><ele>1045.8</ele></trkpt>
    <trkpt lat="45.929625" lon="6.872598"><ele>1045.4</ele></trkpt>
    <trkpt lat="45.92934" lon="6.872606"><ele>1044.7</ele></trkpt>
    <trkpt lat="45.929042" lon="6.872484"><ele>1044</ele></trkpt>
    <trkpt lat="45.928767" lon="6.872376"><ele>1043.7</ele></trkpt>
    <trkpt lat="45.928479" lon="6.872295"><ele>1043.4</ele></trkpt>
    <trkpt lat="45.928194" lon="6.872145"><ele>1043.1</ele></trkpt>
    <trkpt lat="45.927929" lon="6.872015"><ele>1043.1</ele></trkpt>
    <trkpt lat="45.927692" lon="6.871881"><ele>1043</ele></trkpt>
    <trkpt lat="45.9274" lon="6.871786"><ele>1042.3</ele></trkpt>
    <trkpt lat="45.927116" lon="6.871697"><ele>1041.7</ele></trkpt>
    <trkpt lat="45.926825" lon="6.871623"><ele>1041.4</ele></trkpt>
    <trkpt lat="45.926549" lon="6.871545"><ele>1041.3</ele></trkpt>
    <trkpt lat="45.926255" lon="6.871472"><ele>1041.3</ele></trkpt>
    <trkpt lat="45.925967" lon="6.871409"><ele>1041.3</ele></trkpt>
    <trkpt lat="45.925701" lon="6.871333"><ele>1041.4</ele></trkpt>
    <trkpt lat="45.925492" lon="6.871252"><ele>1041.9</ele></trkpt>
    <trkpt lat="45.925239" lon="6.871191"><ele>1042.3</ele></trkpt>
    <trkpt lat="45.925085" lon="6.870964"><ele>1042.1</ele></trkpt>
    <trkpt lat="45.925168" lon="6.870547"><ele>1042.5</ele></trkpt>
    <trkpt lat="45.925227" lon="6.870198"><ele>1043</ele></trkpt>
    <trkpt lat="45.925264" lon="6.869845"><ele>1043.8</ele></trkpt>
    <trkpt lat="45.925024" lon="6.869697"><ele>1043.8</ele></trkpt>
    <trkpt lat="45.924703" lon="6.869753"><ele>1043.1</ele></trkpt>
    <trkpt lat="45.924388" lon="6.869836"><ele>1042.2</ele></trkpt>
    <trkpt lat="45.924099" lon="6.869871"><ele>1041.2</ele></trkpt>
    <trkpt lat="45.923802" lon="6.869911"><ele>1040.5</ele></trkpt>
    <trkpt lat="45.923584" lon="6.870194"><ele>1039.8</ele></trkpt>
    <trkpt lat="45.923419" lon="6.870525"><ele>1039.3</ele></trkpt>
    <trkpt lat="45.923212" lon="6.870417"><ele>1038.9</ele></trkpt>
    <trkpt lat="45.923111" lon="6.870089"><ele>1038.9</ele></trkpt>
    <trkpt lat="45.923253" lon="6.86978"><ele>1039.5</ele></trkpt>
    <trkpt lat="45.923492" lon="6.86964"><ele>1040.1</ele></trkpt>
    <trkpt lat="45.9236" lon="6.869375"><ele>1040.6</ele></trkpt>
    <trkpt lat="45.923644" lon="6.869226"><ele>1040.9</ele></trkpt>
    <trkpt lat="45.923666" lon="6.86914"><ele>1041.2</ele></trkpt>
  </trkseg></trk></gpx>